date,kospi_close,foreign_net_buy_100m_krw,trading_value_100m_krw,market_cap_100m_krw
1995-01-03,1013.57,,3831.01,
1995-01-04,997.01,,7928.25,
1995-01-05,976.06,,10291,
1995-01-06,975.32,,10193,
1995-01-07,988.8,,6839.47,
1995-01-09,998.32,,9809.16,
1995-01-10,993.44,,8964.81,
1995-01-11,999.08,,8386.1,
1995-01-12,1000.77,,8883.35,
1995-01-13,976.59,,8240.77,
1995-01-14,969.56,,5616.29,
1995-01-16,957.88,,6568.94,
1995-01-17,956.96,,7218.28,
1995-01-18,966.66,,6605.62,
1995-01-19,974.9,,6898.06,
1995-01-20,973.06,,6832.37,
1995-01-21,955.11,,4649.31,
1995-01-23,935.38,,4937.08,
1995-01-24,916.83,,4812.86,
1995-01-25,916.85,,5062.8,
1995-01-26,927.85,,5242.2,
1995-01-27,907.05,,4577.9,
1995-01-28,925.56,,3677.39,
1995-02-02,943.35,,3937.99,
1995-02-03,940.64,,5066.66,
1995-02-04,951.88,,4394.19,
1995-02-06,945.27,,5935.91,
1995-02-07,942.52,,5051.23,
1995-02-08,958.35,,5806.23,
1995-02-09,963.77,,6306.96,
1995-02-10,955.31,,5805.75,
1995-02-11,953.71,,3745.92,
1995-02-13,957.1,,5407.56,
1995-02-14,941.49,,5158.67,
1995-02-15,926.09,,4402.92,
1995-02-16,923.49,,4278.31,
1995-02-17,910.22,,3804.08,
1995-02-18,909.44,,2710.85,
1995-02-20,929.23,,4142.43,
1995-02-21,917.75,,3918.06,
1995-02-22,919.48,,3707.83,
1995-02-23,907.86,,3616.17,
1995-02-24,892.89,,2980.9,
1995-02-25,912.6,,2638.08,
1995-02-27,894.6,,3507.38,
1995-02-28,885.69,,3449.71,
1995-03-02,903.42,,3788.94,
1995-03-03,907.96,,4309.4,
1995-03-04,919.15,,2846.32,
1995-03-06,933.44,,4593.93,
1995-03-07,936.13,,5465.58,
1995-03-08,940.08,,5364.63,
1995-03-09,943.75,,5462.45,
1995-03-10,944.37,,5153.5,
1995-03-11,954.2,,3477.88,
1995-03-13,953.16,,5522.82,
1995-03-14,956.65,,4552.72,
1995-03-15,953.71,,4992.38,
1995-03-16,954.16,,4692.54,
1995-03-17,952.25,,5583.27,
1995-03-18,951.34,,3350.58,
1995-03-20,956.87,,5266.69,
1995-03-21,946.07,,4324.9,
1995-03-22,941.77,,4197.67,
1995-03-23,947.27,,4521.02,
1995-03-24,953.62,,6079.62,
1995-03-25,955.51,,4002.27,
1995-03-27,953.84,,4511.2,
1995-03-28,947.9,,5717.77,
1995-03-29,936.44,,4364.77,
1995-03-30,926.93,,4471.82,
1995-03-31,931.78,,4045.47,
1995-04-01,934.09,,2670.61,
1995-04-03,922.53,,3084.12,
1995-04-04,911.61,,3081.22,
1995-04-06,905.78,,2872.08,
1995-04-07,914.3,,3128.05,
1995-04-08,908.89,,2204.7,
1995-04-10,899.39,,3049.39,
1995-04-11,893.27,,2780.54,
1995-04-12,893.47,,3112.19,
1995-04-13,891.2,,3043.64,
1995-04-14,906.06,,3544.92,
1995-04-15,911.41,,2979.73,
1995-04-17,918.89,,4185.98,
1995-04-18,917.06,,4184.85,
1995-04-19,909.86,,4286.28,
1995-04-20,908.73,,3721,
1995-04-21,903.16,,5644.58,
1995-04-22,891.84,,2874.68,
1995-04-24,876.89,,3206.3,
1995-04-25,878.78,,3204.31,
1995-04-26,880.73,,4132.55,
1995-04-27,893.88,,4309.31,
1995-04-28,896.84,,4472.31,
1995-04-29,897,,3340.77,
1995-05-02,906.04,,4383.79,
1995-05-03,920.73,,6339.48,
1995-05-04,922.05,,5194.99,
1995-05-06,918.46,,3178.19,
1995-05-08,910.39,,3613.05,
1995-05-09,903.01,,3646.57,
1995-05-10,891.87,,2850.47,
1995-05-11,884.79,,3160.47,
1995-05-12,886.11,,3050.94,
1995-05-13,890.11,,3077.12,
1995-05-15,887.11,,3509.5,
1995-05-16,885.33,,2849.55,
1995-05-17,886.2,,3168.18,
1995-05-18,880.4,,2707.96,
1995-05-19,876.01,,2528.35,
1995-05-20,875.68,,1469.76,
1995-05-22,864.13,,1799.67,
1995-05-23,856.89,,2471.97,
1995-05-24,848.63,,2493.56,
1995-05-25,862.18,,2937.82,
1995-05-26,850.76,,2591.36,
1995-05-27,847.09,,1437.39,
1995-05-29,887.5,,4477.8,
1995-05-30,881.8,,4399.46,
1995-05-31,882.5,,3879.74,
1995-06-01,891.43,,4024.53,
1995-06-02,894.24,,3843.28,
1995-06-03,890.08,,2377.17,
1995-06-05,899.04,,3985.84,
1995-06-07,899.36,,3849.32,
1995-06-08,890.68,,3757.03,
1995-06-09,886.83,,3456.63,
1995-06-10,886.31,,2143.73,
1995-06-12,884.4,,2703.87,
1995-06-13,887.32,,3094.21,
1995-06-14,886.56,,3373.37,
1995-06-15,880.91,,3328.09,
1995-06-16,879.24,,3108.76,
1995-06-17,880.67,,2490.09,
1995-06-19,886.31,,3601.55,
1995-06-20,884.35,,3576.61,
1995-06-21,878.82,,3253.01,
1995-06-22,871.18,,3200.38,
1995-06-23,871.96,,3198.19,
1995-06-24,872.46,,2490.83,
1995-06-26,868.77,,4034.95,
1995-06-28,872.68,,3842.95,
1995-06-29,883.9,,3315.72,
1995-06-30,894.41,,4483.87,
1995-07-01,909.59,,7035,
1995-07-03,914.1,,7359.31,
1995-07-04,907.68,,5844.89,
1995-07-05,904.98,,6352.62,
1995-07-06,914.95,,8086.83,
1995-07-07,942.39,,9629.37,
1995-07-08,946.98,,7124.3,
1995-07-10,961.84,,10566,
1995-07-11,959.99,,11346,
1995-07-12,962.22,,8318.29,
1995-07-13,977.29,,12067,
1995-07-14,972.02,,11899,
1995-07-15,966.48,,6584.16,
1995-07-18,961.01,,9336.32,
1995-07-19,950.11,,8064.65,
1995-07-20,961.41,,8809.33,
1995-07-21,964.56,,10189,
1995-07-22,963.25,,5621.32,
1995-07-24,965.36,,8530.2,
1995-07-25,953.53,,7198.51,
1995-07-26,945.99,,6382.65,
1995-07-27,940.75,,5871.22,
1995-07-28,932.82,,4854.33,
1995-07-29,928.64,,3685.08,
1995-07-31,933.57,,4137.27,
1995-08-01,944.6,,4347.41,
1995-08-02,935.7,,6200.65,
1995-08-03,922.95,,4237.97,
1995-08-04,917.47,,4451.47,
1995-08-05,914.16,,3263.7,
1995-08-07,907.84,,3917.03,
1995-08-08,901.87,,4446.81,
1995-08-09,924.41,,5022.23,
1995-08-10,916.01,,6293.26,
1995-08-11,914.23,,7432.83,
1995-08-12,910.03,,5161.31,
1995-08-14,908.69,,5029.17,
1995-08-16,904.44,,4294.37,
1995-08-17,902.82,,7170.69,
1995-08-18,906.9,,4398.29,
1995-08-19,911.88,,4569.06,
1995-08-21,913.31,,6203.34,
1995-08-22,917.79,,5114.36,
1995-08-23,925.81,,6015.73,
1995-08-24,927.82,,6081.35,
1995-08-25,921.1,,4911.69,
1995-08-26,921.69,,2826.6,
1995-08-28,922.44,,4323.44,
1995-08-29,916.46,,3839.17,
1995-08-30,914.71,,3259.6,
1995-08-31,914.06,,4081.55,
1995-09-01,911.36,,3158.77,
1995-09-02,918.82,,3165.84,
1995-09-04,922.49,,3422.94,
1995-09-05,928.96,,4442.71,
1995-09-06,944.52,,5543.23,
1995-09-07,953.81,,6515.3,
1995-09-11,950.98,,5052.15,
1995-09-12,952.28,,6261.56,
1995-09-13,968.32,,8680.13,
1995-09-14,965.72,,10130,
1995-09-15,985.64,,8708.02,
1995-09-16,995.57,,7097.3,
1995-09-18,1000.21,,9838.07,
1995-09-19,992.57,,12211,
1995-09-20,1009.47,,9204.67,
1995-09-21,1012.29,,11803,
1995-09-22,997.73,,8189.79,
1995-09-23,991.33,,4384.25,
1995-09-25,985.2,,6094.14,
1995-09-26,983.82,,4997.26,
1995-09-27,980.78,,5206.66,
1995-09-28,985.88,,7530.4,
1995-09-29,987.1,,6315.11,
1995-09-30,982.65,,3813.63,
1995-10-02,975.79,,4022.78,
1995-10-04,982.89,,5090.91,
1995-10-05,989.05,,5942.71,
1995-10-06,1002.07,,8174.26,
1995-10-07,1003.4,,5296.83,
1995-10-09,1008.29,,7869.19,
1995-10-10,1004.16,,6271.97,
1995-10-11,1011,,7276.6,
1995-10-12,1016.66,,7985.57,
1995-10-13,1014.3,,6563.49,
1995-10-14,1016.77,,4117.87,
1995-10-16,1007.48,,4981.91,
1995-10-17,1005.78,,5321.88,
1995-10-18,1006.7,,6355.94,
1995-10-19,1000.22,,5543.76,
1995-10-20,994.89,,4494.26,
1995-10-21,999.5,,3272.86,
1995-10-23,976.39,,4935,
1995-10-24,992.76,,4547.49,
1995-10-25,997.88,,8011.42,
1995-10-26,1001.15,,6366.24,
1995-10-27,1001.37,,6316.55,
1995-10-28,992.05,,3101.98,
1995-10-30,982.87,,3144.74,
1995-10-31,990.26,,4209.28,
1995-11-01,997.52,,4300.14,
1995-11-02,994.68,,4493.53,
1995-11-03,989.74,,3704.51,
1995-11-04,989.97,,3484.85,
1995-11-06,992.77,,5088.04,
1995-11-07,987.72,,5004.57,
1995-11-08,980.84,,5602.54,
1995-11-09,970.91,,5616.44,
1995-11-10,965.95,,4868.07,
1995-11-11,976.25,,3067.16,
1995-11-13,954.04,,3184.64,
1995-11-14,948.34,,3514.99,
1995-11-15,937.04,,4570.07,
1995-11-16,933.95,,4227.72,
1995-11-17,952.37,,3855.01,
1995-11-18,946.35,,2868.19,
1995-11-20,931.64,,2548.48,
1995-11-21,917.97,,2930.81,
1995-11-22,921.03,,2882.24,
1995-11-23,932.58,,3029.22,
1995-11-24,944.85,,4123.68,
1995-11-25,942.5,,2789.72,
1995-11-27,949.23,,4004.18,
1995-11-28,952.89,,4285.01,
1995-11-29,948.31,,3094.41,
1995-11-30,930.92,,3829.65,
1995-12-01,939,,2744.8,
1995-12-02,931.23,,2278.34,
1995-12-04,934.95,,2133,
1995-12-05,946.98,,3309.64,
1995-12-06,954.61,,4250.42,
1995-12-07,960.57,,5555.97,
1995-12-08,958.62,,4718.25,
1995-12-09,962.87,,3479.2,
1995-12-11,947.75,,5179.29,
1995-12-12,943.22,,3458.04,
1995-12-13,929.46,,4765.27,
1995-12-14,908.67,,3604,
1995-12-15,899.55,,3658.6,
1995-12-16,884.39,,2339.72,
1995-12-18,867.18,,3047.93,
1995-12-19,890.79,,3972.19,
1995-12-20,892.04,,4134.06,
1995-12-21,899.86,,4792.82,
1995-12-22,894.67,,4565.44,
1995-12-23,893.11,,2850.06,
1995-12-26,876.37,,4210.36,
1995-12-27,882.94,,4983.03,
1996-01-03,888.85,,2065.54,
1996-01-04,859.97,,3923.39,
1996-01-05,856.62,,3344.69,
1996-01-06,858.36,,2243.23,
1996-01-08,866.81,,3615.53,
1996-01-09,881.99,,3985.86,
1996-01-10,885.77,,4805.64,
1996-01-11,883.96,,5160.35,
1996-01-12,878.64,,4253.28,
1996-01-13,874.46,,2806.44,
1996-01-15,865.46,,3510.26,
1996-01-16,868.27,,3486.87,
1996-01-17,857.06,,3199.23,
1996-01-18,849.14,,3097.78,
1996-01-19,848.07,,3190.6,
1996-01-20,842.72,,1986.28,
1996-01-22,842.8,,2951.9,
1996-01-23,850.83,,3464.22,
1996-01-24,865.55,,3830.18,
1996-01-25,868.17,,4295.65,
1996-01-26,867.38,,4376.21,
1996-01-27,864.77,,2435.73,
1996-01-29,873.15,,5312.19,
1996-01-30,875.45,,5184.11,
1996-01-31,878.82,,5366.07,
1996-02-01,885.13,,7796.06,
1996-02-02,881.48,,6394.38,
1996-02-03,884.63,,3655.77,
1996-02-05,890.68,,4777.03,
1996-02-06,881.21,,5048.82,
1996-02-07,883.77,,4130.67,
1996-02-08,889.01,,5293.67,
1996-02-09,881.88,,5047.2,
1996-02-10,875.21,,2890.6,
1996-02-12,865.12,,3920.44,
1996-02-13,858.18,,3853.39,
1996-02-14,869.98,,4360.6,
1996-02-15,869.35,,4873,
1996-02-16,878.03,,4960.85,
1996-02-17,889.34,,3019.8,
1996-02-21,883.23,,3842.17,
1996-02-22,881.6,,4032.75,
1996-02-23,876.55,,4070.92,
1996-02-24,868.61,,2398.9,
1996-02-26,859.05,,4556.11,
1996-02-27,859.87,,3387.97,
1996-02-28,855.21,,3124.41,
1996-02-29,852.83,,3230.43,
1996-03-02,856.51,,2075.4,
1996-03-04,855.1,,2803.67,
1996-03-05,857.72,,2936.22,
1996-03-06,851.06,,3239.04,
1996-03-07,842.22,,3049.66,
1996-03-08,849.15,,3218.41,
1996-03-09,863.63,,3533.9,
1996-03-11,848.26,,3451.26,
1996-03-12,844.42,,4877.7,
1996-03-13,838.87,,3885.26,
1996-03-14,844.43,,4314.03,
1996-03-15,856.48,,4255.87,
1996-03-16,856.58,,2555.55,
1996-03-18,854.46,,3502.07,
1996-03-19,860.13,,3555.3,
1996-03-20,869.98,,4484.13,
1996-03-21,868.2,,4096.03,
1996-03-22,872.04,,4325.65,
1996-03-23,868.76,,3057.39,
1996-03-25,863.27,,3468.49,
1996-03-26,859.07,,3398.95,
1996-03-27,857.21,,3364.74,
1996-03-28,856.56,,3711,
1996-03-29,866.76,,3013.66,
1996-03-30,874.16,,2702.81,
1996-04-01,878.47,,15050,
1996-04-02,884.47,,6796.01,
1996-04-03,884.75,,4751.58,
1996-04-04,881.5,,4712.7,
1996-04-06,876.86,,3220.84,
1996-04-08,877.03,,4582.85,
1996-04-09,869.82,,4267.36,
1996-04-10,869.17,,5699.16,
1996-04-12,889.82,,4674.98,
1996-04-13,895.57,,4268.38,
1996-04-15,908.09,,7151.61,
1996-04-16,907.73,,7410.84,
1996-04-17,922.4,,8809.48,
1996-04-18,936.89,,11002,
1996-04-19,948.37,,11491,
1996-04-20,941.69,,7242.89,
1996-04-22,950.61,,10120,
1996-04-23,940.55,,9364.86,
1996-04-24,956.61,,9080.31,
1996-04-25,964.69,,11988,
1996-04-26,964.57,,9675.14,
1996-04-27,968.45,,6192.21,
1996-04-29,985.03,,10981,
1996-04-30,980.9,,12394,
1996-05-02,961.52,,8880.38,
1996-05-03,965.67,,8255.16,
1996-05-04,964.65,,6566.74,
1996-05-06,974.1,,10667,
1996-05-07,986.84,,13599,
1996-05-08,976.75,,14445,
1996-05-09,959.14,,10221,
1996-05-10,965.83,,10044,
1996-05-11,970.64,,7095.63,
1996-05-13,978.73,,11124,
1996-05-14,964.11,,9526.11,
1996-05-15,958.17,,8191.1,
1996-05-16,940.96,,7115.78,
1996-05-17,937.51,,6922.01,
1996-05-18,928.8,,4780.39,
1996-05-20,935.07,,5366.74,
1996-05-21,919.88,,6637.6,
1996-05-22,924,,6689.03,
1996-05-23,918.11,,10255,
1996-05-25,911.76,,5084.73,
1996-05-27,920.43,,6404.89,
1996-05-28,906.21,,5914.72,
1996-05-29,894.29,,6002.3,
1996-05-30,898.56,,5048.35,
1996-05-31,903.09,,5312.42,
1996-06-01,907.98,,3875.9,
1996-06-03,897.22,,4481.48,
1996-06-04,909.43,,4585.84,
1996-06-05,913.25,,7040.02,
1996-06-07,907.83,,7220.79,
1996-06-08,903.32,,3813.37,
1996-06-10,892.17,,6698.09,
1996-06-11,888.66,,5671.59,
1996-06-12,873.31,,5652.27,
1996-06-13,874.68,,4697.23,
1996-06-14,862.53,,4406.38,
1996-06-15,859.49,,2757.78,
1996-06-17,856.43,,3242.59,
1996-06-18,862.31,,3690.75,
1996-06-19,869.56,,4438.19,
1996-06-20,861.72,,4235.61,
1996-06-21,864.27,,5178.59,
1996-06-22,856.36,,2864.9,
1996-06-24,842.48,,4368.3,
1996-06-25,836.94,,3450.87,
1996-06-26,823.63,,3743.01,
1996-06-27,820.05,,3819.19,
1996-06-28,823.53,,3207.8,
1996-06-29,817.43,,1979.55,
1996-07-01,833.79,,2537.04,
1996-07-02,837.93,,3657.76,
1996-07-03,838.24,,3328.9,
1996-07-04,841.51,,4165.2,
1996-07-05,845.12,,4250.5,
1996-07-06,850.39,,2819.64,
1996-07-08,847.99,,4179.27,
1996-07-09,858.05,,4567.08,
1996-07-10,858.79,,5902.39,
1996-07-11,847.39,,6477.38,
1996-07-12,839.82,,4596.81,
1996-07-13,835.3,,3020.05,
1996-07-15,814.11,,3802.81,
1996-07-16,812.66,,4118.55,
1996-07-18,816.47,,3291.22,
1996-07-19,837.39,,3681.33,
1996-07-20,840.05,,3199.61,
1996-07-22,838.75,,4061.98,
1996-07-23,838.78,,4459.1,
1996-07-24,832.48,,4601.82,
1996-07-25,820.29,,4614.53,
1996-07-26,814.03,,5008.16,
1996-07-27,804.55,,3186.36,
1996-07-29,805.15,,3568.16,
1996-07-30,807.28,,4001.97,
1996-07-31,821.71,,4445.71,
1996-08-01,835.27,,5772.64,
1996-08-02,826.23,,4977.16,
1996-08-03,824.08,,3056.38,
1996-08-05,824.3,,4016.46,
1996-08-06,828.05,,4045.78,
1996-08-07,834.03,,3867.82,
1996-08-08,837.2,,5170.56,
1996-08-09,832.61,,3458.14,
1996-08-10,836.77,,2828.73,
1996-08-12,837.99,,3610.09,
1996-08-13,833.43,,3663.74,
1996-08-14,825.84,,3830.75,
1996-08-16,814.96,,3233.24,
1996-08-17,810.69,,2041.99,
1996-08-19,800.52,,2949.59,
1996-08-20,793.91,,3288.58,
1996-08-21,789.12,,3404,
1996-08-22,779.63,,3532.62,
1996-08-23,781.42,,4445.8,
1996-08-24,782.13,,2914.36,
1996-08-26,766.89,,3856.71,
1996-08-27,761.75,,3575.73,
1996-08-28,753.35,,3882.29,
1996-08-29,766.16,,3468.65,
1996-08-30,782.87,,3797.46,
1996-08-31,781.49,,2521.05,
1996-09-02,774.26,,3165.54,
1996-09-03,769.8,,3019.53,
1996-09-04,791.64,,4918.96,
1996-09-05,787.14,,4595.86,
1996-09-06,784.05,,4157.66,
1996-09-07,785.26,,2868.07,
1996-09-09,797.38,,4039.56,
1996-09-10,803.04,,4556.11,
1996-09-11,801.45,,4100.62,
1996-09-12,797.57,,4877.64,
1996-09-13,785.19,,4849.49,
1996-09-14,781.73,,3076.08,
1996-09-16,781.88,,4403.21,
1996-09-17,781.76,,4429.74,
1996-09-18,782.1,,5556.6,
1996-09-19,773.15,,5596.1,
1996-09-20,759.35,,6201.31,
1996-09-21,768.37,,3523.92,
1996-09-23,769.2,,4995.08,
1996-09-24,777.91,,5368.36,
1996-09-25,793.21,,6226.43,
1996-09-30,789.67,,5540.83,
1996-10-01,789.47,,13429,
1996-10-02,794.01,,7846.95,
1996-10-04,776.43,,6758.07,
1996-10-05,777.31,,4029.95,
1996-10-07,795.33,,6542.45,
1996-10-08,797.62,,6356.04,
1996-10-09,817.78,,7817.86,
1996-10-10,830.21,,8934.01,
1996-10-11,833.43,,9393.56,
1996-10-12,840.8,,6147.42,
1996-10-14,842.28,,9154.08,
1996-10-15,828.61,,9708.96,
1996-10-16,835.17,,8825.87,
1996-10-17,839.73,,10062,
1996-10-18,830.25,,7723.16,
1996-10-19,831.18,,4321.97,
1996-10-21,832.62,,5920.75,
1996-10-22,819.22,,4561.19,
1996-10-23,811.98,,4915.21,
1996-10-24,804.44,,4649.06,
1996-10-25,793.78,,4653.03,
1996-10-26,791.81,,3230.89,
1996-10-28,780.08,,4789.59,
1996-10-29,766.32,,4423.59,
1996-10-30,757.09,,4054.82,
1996-10-31,757.59,,4609.44,
1996-11-01,767.87,,4606,
1996-11-02,765.73,,3415.97,
1996-11-04,747.42,,4675.89,
1996-11-05,733.65,,4885.98,
1996-11-06,747.29,,4791.79,
1996-11-07,741.76,,5129.53,
1996-11-08,739.11,,4155.99,
1996-11-09,730.82,,2546.18,
1996-11-11,729.53,,3099.68,
1996-11-12,752.54,,3990.43,
1996-11-13,747.32,,3999.53,
1996-11-14,743.03,,3433.11,
1996-11-15,750.29,,3675.05,
1996-11-16,756.67,,2006.82,
1996-11-18,750.82,,3471.15,
1996-11-19,747.05,,3031.76,
1996-11-20,744.14,,3788.33,
1996-11-21,744.91,,3513.93,
1996-11-22,731.44,,3347.41,
1996-11-23,731.44,,3347.41,
1996-11-25,716.45,,2005.03,
1996-11-26,715.97,,2643.28,
1996-11-27,722.62,,3059.65,
1996-11-28,736.92,,3900.61,
1996-11-29,733.5,,3484.42,
1996-11-30,726.48,,1971.34,
1996-12-02,727.83,,3644.05,
1996-12-03,725.59,,3895.3,
1996-12-04,715.87,,4137.34,
1996-12-05,706.3,,3906.48,
1996-12-06,699.89,,3905,
1996-12-07,696.11,,2279.3,
1996-12-09,692.17,,3591.81,
1996-12-10,702.83,,3713.1,
1996-12-11,704.68,,4568.67,
1996-12-12,689.38,,3980.66,
1996-12-13,689.07,,4417.88,
1996-12-14,687.34,,2328.58,
1996-12-16,673.92,,3678.19,
1996-12-17,663.35,,3707.36,
1996-12-18,661.39,,3506.7,
1996-12-19,690.97,,4054.45,
1996-12-20,700.87,,4416.49,
1996-12-21,693.14,,2540.27,
1996-12-23,684.81,,2871.69,
1996-12-24,677.76,,3724.03,
1996-12-26,659.01,,3264.08,
1996-12-27,651.22,,4200.99,
1996-12-31,,,4200.99,
1997-01-03,653.79,,1707.86,
1997-01-04,643.41,,1973.56,
1997-01-06,626.87,,2179.82,
1997-01-07,611.05,,3134.49,
1997-01-08,621.41,,3627.09,
1997-01-09,639.87,,3710.79,
1997-01-10,648.69,,4193.6,
1997-01-11,659.54,,2524.76,
1997-01-13,659.54,,3809.39,
1997-01-14,686.59,,5135.97,
1997-01-15,699.76,,6074.99,
1997-01-16,711.86,,6603.71,
1997-01-17,701.18,,7019.98,
1997-01-18,694.23,,3817.88,
1997-01-20,718.46,,6439.21,
1997-01-21,690.54,,7478.66,
1997-01-22,678.94,,5379.07,
1997-01-23,676.91,,4774.36,
1997-01-24,679.56,,5473.27,
1997-01-25,685.11,,3424,
1997-01-27,664.7,,4666.46,
1997-01-28,662.85,,4577.17,
1997-01-29,663.56,,4610.91,
1997-01-30,676.52,,4571.61,
1997-01-31,685.84,,5324.94,
1997-02-01,683.13,,3410.17,
1997-02-03,687.25,,4794.35,
1997-02-04,695.95,,5093.68,
1997-02-05,698.6,,5878.62,
1997-02-06,700.22,,5182.02,
1997-02-10,709.79,,4743.95,
1997-02-11,713.43,,6264.98,
1997-02-12,712.5,,5552.96,
1997-02-13,716.71,,7889.51,
1997-02-14,721,,5700.01,
1997-02-15,722.32,,3900.5,
1997-02-17,712.93,,5212.35,
1997-02-18,706.94,,4849.72,
1997-02-19,713.67,,5132.66,
1997-02-20,711.13,,6259.52,
1997-02-21,686.72,,5472.11,
1997-02-22,681.24,,3442.12,
1997-02-24,676.59,,4226.56,
1997-02-25,682.81,,4393.16,
1997-02-26,679.71,,5609.38,
1997-02-27,669.41,,4997.97,
1997-02-28,676.53,,6320.2,
1997-03-03,679.64,,4754.86,
1997-03-04,679.97,,5087.83,
1997-03-05,674.9,,6832.28,
1997-03-06,678.11,,6455.72,
1997-03-07,681.22,,7059.31,
1997-03-08,675.07,,4713.42,
1997-03-10,667.35,,5186.13,
1997-03-11,655.95,,5069.09,
1997-03-12,663.9,,5152.6,
1997-03-13,657.9,,5541.22,
1997-03-14,642.08,,4643.49,
1997-03-15,641.83,,2950.69,
1997-03-17,658.9,,4492,
1997-03-18,657.97,,5152.14,
1997-03-19,646.29,,5187.66,
1997-03-20,642.86,,5129.22,
1997-03-21,627.63,,4833.49,
1997-03-22,623.13,,3157,
1997-03-24,617.26,,4486.07,
1997-03-25,638.9,,5664.97,
1997-03-26,656.62,,5813.91,
1997-03-27,651.65,,6107.83,
1997-03-28,652.87,,6205.95,
1997-03-29,667.19,,3811.83,
1997-03-31,677.34,,6234.58,
1997-04-01,672.99,,5894.2,
1997-04-02,678.86,,5873.54,
1997-04-03,678.74,,6462.96,
1997-04-04,687.42,,5845.4,
1997-04-07,694.9,,5469.39,
1997-04-08,694.97,,5877.18,
1997-04-09,698.66,,6804.03,
1997-04-10,688.04,,6398.07,
1997-04-11,693.94,,6280.07,
1997-04-12,696.95,,4562.29,
1997-04-14,704.2,,6578.75,
1997-04-15,701.39,,6503.28,
1997-04-16,702.42,,6163.61,
1997-04-17,694.76,,7187.37,
1997-04-18,695.67,,7007.86,
1997-04-19,700.65,,4361,
1997-04-21,697.34,,6370.17,
1997-04-22,687.96,,5368.39,
1997-04-23,693.05,,5804.73,
1997-04-24,690.8,,6900.02,
1997-04-25,692.48,,6276.84,
1997-04-26,699.76,,4995.7,
1997-04-28,704.16,,6471.84,
1997-04-29,704.05,,5775.88,
1997-04-30,703.23,,6756.57,
1997-05-02,706.1,,13574,
1997-05-03,704.87,,5165.34,
1997-05-06,701.57,,7075.31,
1997-05-07,689.1,,6456.19,
1997-05-08,684.69,,6527.22,
1997-05-09,687.62,,7255.36,
1997-05-10,678.98,,4124.04,
1997-05-12,672.1,,5503.91,
1997-05-13,683.86,,5290.88,
1997-05-15,699.95,,7421.91,
1997-05-16,699.53,,7323.22,
1997-05-17,706.25,,4583.62,
1997-05-19,721.2,,8388.35,
1997-05-20,734.67,,9443.67,
1997-05-21,737.71,,9795.17,
1997-05-22,724.38,,8116.72,
1997-05-23,730.53,,7595.23,
1997-05-24,725.17,,5347.26,
1997-05-26,718.99,,6205.5,
1997-05-27,723.35,,6552.42,
1997-05-28,738.12,,8856.72,
1997-05-29,742.5,,9050.87,
1997-05-30,746.36,,8487.94,
1997-05-31,756.77,,4972.93,
1997-06-02,758.39,,9675.04,
1997-06-03,766.06,,7420.89,
1997-06-04,763.25,,10116,
1997-06-05,765.67,,6820.18,
1997-06-07,762.77,,4481.42,
1997-06-09,775.01,,7066.56,
1997-06-10,769.83,,8536.83,
1997-06-11,765.79,,6587.7,
1997-06-12,774.66,,8746.54,
1997-06-13,789.15,,11253,
1997-06-14,791.97,,7580.79,
1997-06-16,789.05,,8925.06,
1997-06-17,792.29,,8957.48,
1997-06-18,773.21,,8579.55,
1997-06-19,770.95,,7813.97,
1997-06-20,770.22,,7231.92,
1997-06-21,760.4,,4202.24,
1997-06-23,753.05,,4990.3,
1997-06-24,753.7,,5960.79,
1997-06-25,744.99,,6175.4,
1997-06-26,744.34,,6681.07,
1997-06-27,738.43,,6981.73,
1997-06-28,746.89,,4272.5,
1997-06-30,745.4,,5234.68,
1997-07-01,758.03,,6055.93,
1997-07-02,777.29,,8075.28,
1997-07-03,775.26,,7767.35,
1997-07-04,781.7,,7568.52,
1997-07-05,779.24,,4863.7,
1997-07-07,773.51,,6517.75,
1997-07-08,767.74,,6643.02,
1997-07-09,771.99,,6923.46,
1997-07-10,767.77,,6956.58,
1997-07-11,768.3,,6947.5,
1997-07-12,767.27,,4811.54,
1997-07-14,764.45,,6724.96,
1997-07-15,755.05,,6717.63,
1997-07-16,739.72,,6546.66,
1997-07-18,747.37,,6306.35,
1997-07-19,742.15,,3926.15,
1997-07-21,740.93,,4409.77,
1997-07-22,725.98,,5033.18,
1997-07-23,730.58,,4672.69,
1997-07-24,739.04,,5786.7,
1997-07-25,733.64,,7172.2,
1997-07-26,732.32,,3185.4,
1997-07-28,733.92,,4624.93,
1997-07-29,732.68,,5006.16,
1997-07-30,726.89,,4451.6,
1997-07-31,726.12,,4304.01,
1997-08-01,731.45,,4828.34,
1997-08-02,730.43,,3421.82,
1997-08-04,734.19,,3951.11,
1997-08-05,740.86,,4851.71,
1997-08-06,745.65,,5442.48,
1997-08-07,745.35,,5979.42,
1997-08-08,752.01,,5626.42,
1997-08-09,760.84,,4511.87,
1997-08-11,765.07,,5913.39,
1997-08-12,762.92,,6002.09,
1997-08-13,762.73,,6024.12,
1997-08-14,755.78,,6145.03,
1997-08-16,748.41,,3464.14,
1997-08-18,747.29,,4797.13,
1997-08-19,741.29,,5206.49,
1997-08-20,746.23,,5997.73,
1997-08-21,739.47,,5440.38,
1997-08-22,736.62,,5804.74,
1997-08-23,742.58,,3452.73,
1997-08-25,741.76,,5045.92,
1997-08-26,734.03,,4819.72,
1997-08-27,730.28,,5198.83,
1997-08-28,716.86,,5999.87,
1997-08-29,704.27,,5638.78,
1997-08-30,695.37,,3403.28,
1997-09-01,682.2,,3908.06,
1997-09-02,688.78,,4652.91,
1997-09-03,688.63,,5097.25,
1997-09-04,687.99,,4052.39,
1997-09-05,700.92,,4561.46,
1997-09-06,702.91,,3096.73,
1997-09-08,697.98,,5000.67,
1997-09-09,688.97,,4459.37,
1997-09-10,691.62,,4215.6,
1997-09-11,695.37,,4014.62,
1997-09-12,699.33,,4714.89,
1997-09-13,699.74,,2342.86,
1997-09-18,701.39,,3613.32,
1997-09-19,689.16,,4043.75,
1997-09-20,679.97,,2738.19,
1997-09-22,668.45,,4143.18,
1997-09-23,654.37,,4022.22,
1997-09-24,655.75,,4785.63,
1997-09-25,647,,4724.19,
1997-09-26,638.26,,3907.7,
1997-09-27,629.42,,2840.12,
1997-09-29,625.07,,3476.17,
1997-09-30,647.11,,4177.25,
1997-10-01,644.92,,4368.32,
1997-10-02,636.65,,3679.03,
1997-10-04,646.15,,2103.4,
1997-10-06,644.21,,4001.25,
1997-10-07,630.03,,3430.56,
1997-10-08,610.44,,3758.54,
1997-10-09,609.36,,3603.7,
1997-10-10,609.84,,3262.45,
1997-10-11,620.23,,2232.33,
1997-10-13,613,,3324.01,
1997-10-14,620.68,,3505.81,
1997-10-15,604.74,,3839.8,
1997-10-16,579.25,,4397.58,
1997-10-17,585.49,,4942.88,
1997-10-18,584.71,,2559.89,
1997-10-20,565.64,,3853.92,
1997-10-21,566.85,,4970.38,
1997-10-22,601.32,,5056.24,
1997-10-23,604.06,,6730.01,
1997-10-24,570.91,,4990.62,
1997-10-25,548.47,,3073.43,
1997-10-27,530.47,,3965.66,
1997-10-28,495.28,,4601.2,
1997-10-29,506.64,,6215.74,
1997-10-30,485.08,,6033.32,
1997-10-31,470.79,,4611.93,
1997-11-01,497.22,,4064,
1997-11-03,511.66,,7879,
1997-11-04,542.13,,7825,
1997-11-05,555.74,,9102,
1997-11-06,553.87,,8074,
1997-11-07,515.63,,8888,
1997-11-08,495.7,,5008,
1997-11-10,525.32,,6881,
1997-11-11,522.11,,6712,
1997-11-12,517.49,,5187,
1997-11-13,519.47,,6433,
1997-11-14,520.01,,5694,
1997-11-15,519.37,,3769,
1997-11-17,496.98,,4894,
1997-11-18,494.66,,5410,
1997-11-19,502.59,,4589,
1997-11-20,488.41,,5394,
1997-11-21,506.07,,6764,
1997-11-22,485.43,,4663,
1997-11-24,450.64,,3752,
1997-11-25,439.59,,5333,
1997-11-26,438.7,,5734,
1997-11-27,433.1,,5112,
1997-11-28,411.91,,4376,
1997-11-29,407.86,,2619,
1997-12-01,393.16,,3457,
1997-12-02,376.87,,3443,
1997-12-03,379.31,,4528,
1997-12-04,405.81,,5719,
1997-12-05,434.12,,4832,
1997-12-06,435.73,,8181,
1997-12-08,414.83,,7216,
1997-12-09,388,,5007,
1997-12-10,399.85,,7225,
1997-12-11,377.37,,7962,
1997-12-12,350.68,,3206,
1997-12-13,359.82,,3819,
1997-12-15,385.8,,4592,
1997-12-16,404.26,,7791,
1997-12-17,418.49,,8396,
1997-12-19,397.02,,6496,
1997-12-20,400.19,,4392,
1997-12-22,396.06,,4816,
1997-12-23,366.36,,12103,
1997-12-24,351.45,,5779,
1997-12-26,375.15,,4232,
1997-12-27,376.31,,7350,
1997-12-31,,,7350,
1998-01-03,385.49,,2477,
1998-01-05,396.49,,5612,
1998-01-06,406.34,,5095,
1998-01-07,409.42,,6855,
1998-01-08,423.96,,6539,
1998-01-09,414,,6979,
1998-01-10,440.78,,5366,
1998-01-12,456.2,,9273,
1998-01-13,463.74,,8984,
1998-01-14,475.13,,10824,
1998-01-15,505.98,,11707,
1998-01-16,488.1,,17057,
1998-01-17,495.91,,7196,
1998-01-19,528.77,,12013,
1998-01-20,533.55,,12998,
1998-01-21,506.66,,10440,
1998-01-22,483.99,,10220,
1998-01-23,486.86,,7757,
1998-01-24,509.53,,5564,
1998-01-26,518.64,,8726,
1998-01-30,558.33,,7274,
1998-01-31,567.38,,10691,
1998-02-02,543.68,,11777,
1998-02-03,550.21,,12084,
1998-02-04,547.28,,11085,
1998-02-05,528.05,,10464,
1998-02-06,540.45,,12424,
1998-02-07,542.7,,5656,
1998-02-09,554.24,,9634,
1998-02-10,541.77,,8757,
1998-02-11,520.14,,8294,
1998-02-12,512.49,,8157,
1998-02-13,506.2,,10122,
1998-02-14,484.12,,4508,
1998-02-16,476.98,,6343,
1998-02-17,471.73,,5085,
1998-02-18,487.73,,6506,
1998-02-19,513.45,,8406,
1998-02-20,522.13,,9675,
1998-02-21,528.95,,6464,
1998-02-23,543.06,,9095,
1998-02-24,540.89,,7858,
1998-02-25,516.38,,8077,
1998-02-26,524.98,,7536,
1998-02-27,548.42,,9150,
1998-02-28,558.98,,6971,
1998-03-02,574.35,,10344,
1998-03-03,570.89,,11327,
1998-03-04,572.76,,8149,
1998-03-05,535.68,,8435,
1998-03-06,522.55,,7097,
1998-03-07,525.98,,3689,
1998-03-09,507.71,,4956,
1998-03-10,525.56,,5655,
1998-03-11,531.05,,6938,
1998-03-12,535.84,,6416,
1998-03-13,536.16,,7115,
1998-03-14,533.56,,3986,
1998-03-16,528.88,,6071,
1998-03-17,515.51,,6024,
1998-03-18,518.08,,5664,
1998-03-19,521.73,,5628,
1998-03-20,525.95,,5794,
1998-03-21,521.62,,3375,
1998-03-23,511.9,,5386,
1998-03-24,508.43,,5012,
1998-03-25,510.14,,5708,
1998-03-26,501.13,,5798,
1998-03-27,503.08,,5391,
1998-03-28,496.26,,4639,
1998-03-30,482.33,,4048,
1998-03-31,481.04,,4574,
1998-04-01,468.22,,4125,
1998-04-02,453.66,,4546,
1998-04-03,434.45,,4757,
1998-04-04,442.45,,3196,
1998-04-06,435.92,,3724,
1998-04-07,459.58,,4651,
1998-04-08,455.53,,4651,
1998-04-09,468.11,,5090,
1998-04-10,468.29,,4009,
1998-04-11,490.63,,3785,
1998-04-13,494.89,,5698,
1998-04-14,467.63,,4505,
1998-04-15,467.87,,3749,
1998-04-16,454.15,,3573,
1998-04-17,450.23,,2869,
1998-04-18,441.68,,2356,
1998-04-20,435.73,,2470,
1998-04-21,439.21,,3071,
1998-04-22,431.81,,3093,
1998-04-23,416.54,,2917,
1998-04-24,414.56,,3573,
1998-04-25,411.63,,1653,
1998-04-27,406.25,,2499,
1998-04-28,402.39,,2677,
1998-04-29,417.05,,3411,
1998-04-30,421.22,,4058,
1998-05-02,406.53,,2104,
1998-05-04,391.8,,2980,
1998-05-06,376.23,,3102,
1998-05-07,379.47,,3470,
1998-05-08,373.04,,3163,
1998-05-09,374.76,,1659,
1998-05-11,361.58,,2360,
1998-05-12,351.86,,2682,
1998-05-13,356.58,,3436,
1998-05-14,362.94,,4766,
1998-05-15,352.83,,3878,
1998-05-16,352.32,,1934,
1998-05-18,359,,3189,
1998-05-19,362.53,,3690,
1998-05-20,369.17,,4799,
1998-05-21,362.3,,4903,
1998-05-22,353.67,,3282,
1998-05-23,356.05,,2244,
1998-05-25,331.9,,4582,
1998-05-26,311.99,,2969,
1998-05-27,313.48,,3841,
1998-05-28,323.09,,4925,
1998-05-29,336.63,,4284,
1998-05-30,332.03,,2324,
1998-06-01,336.7,,3996,
1998-06-02,324.1,,3404,
1998-06-03,332.46,,3718,
1998-06-05,341.53,,3780,
1998-06-08,345.88,,4118,
1998-06-09,339.22,,,
1998-06-10,324.54,,4274,
1998-06-11,328.7,,3903,
1998-06-12,302.09,,3510,
1998-06-13,302.81,,1935,
1998-06-15,288.21,,2490,
1998-06-16,280,,3273,
1998-06-17,303.81,,3851,
1998-06-18,325.49,,5490,
1998-06-19,313.26,,4735,
1998-06-20,315.75,,2404,
1998-06-22,311.27,,3153,
1998-06-23,303.31,,2971,
1998-06-24,301.72,,3488,
1998-06-25,300.57,,2961,
1998-06-26,298.54,,,
1998-06-27,301.9,,2237,
1998-06-29,298.6,,3295,
1998-06-30,297.88,,2631,
1998-07-01,315.56,,4705,
1998-07-02,311.77,,5460,
1998-07-03,308.53,,3560,
1998-07-04,307.85,,2263,
1998-07-06,309.61,,2770,
1998-07-07,317.5,,4167,
1998-07-08,318.79,,4196,
1998-07-09,319.02,,4298,
1998-07-10,309.28,,4082,
1998-07-11,304.97,,1979,
1998-07-13,301.37,,2949,
1998-07-14,306.73,,2735,
1998-07-15,313.42,,4176,
1998-07-16,330.35,,5301,
1998-07-18,344.18,,5175,
1998-07-20,365.18,,7811,
1998-07-21,364.76,,8938,
1998-07-22,362.07,,7269,
1998-07-23,341.46,,6342,
1998-07-24,343.79,,5388,
1998-07-25,328.44,,3580,
1998-07-27,329.8,,4956,
1998-07-28,335.33,,3674,
1998-07-29,344.41,,6988,
1998-07-30,344.91,,4684,
1998-07-31,343.33,,6035,
1998-08-01,337.49,,2952,
1998-08-03,329.47,,3397,
1998-08-04,333.2,,3414,
1998-08-05,322.83,,4410,
1998-08-06,320.57,,3520,
1998-08-07,321.71,,3944,
1998-08-08,314.31,,2160,
1998-08-10,311.95,,3046,
1998-08-11,311.25,,3363,
1998-08-12,305.35,,3862,
1998-08-13,303.01,,3533,
1998-08-14,304.61,,3389,
1998-08-17,301.62,,2748,
1998-08-18,291.15,,3349,
1998-08-19,301.9,,3881,
1998-08-20,316.59,,5114,
1998-08-21,316.62,,4961,
1998-08-22,305.33,,,
1998-08-24,305.15,,,
1998-08-25,310.23,,,
1998-08-26,317.56,,,
1998-08-27,313.92,,3595,
1998-08-28,309.32,,3873,
1998-08-29,304.79,,2124,
1998-08-31,310.16,,3338,
1998-09-01,309.71,,3946,
1998-09-02,314.4,,4270,
1998-09-03,314.78,,3864,
1998-09-04,314.22,,3547,
1998-09-05,315.83,,1856,
1998-09-07,328.22,,4538,
1998-09-08,326.35,,4766,
1998-09-09,329.22,,4335,
1998-09-10,338.95,,5897,
1998-09-11,320.61,,4139,
1998-09-12,320.33,,2270,
1998-09-14,314.24,,3560,
1998-09-15,310.29,,4065,
1998-09-16,313.17,,3142,
1998-09-17,310.88,,3701,
1998-09-18,302.21,,3868,
1998-09-19,301.23,,2154,
1998-09-21,297.45,,2888,
1998-09-22,292.61,,2979,
1998-09-23,291.93,,3009,
1998-09-24,310.75,,4969,
1998-09-25,303.79,,3795,
1998-09-26,306.3,,1991,
1998-09-28,305.73,,2922,
1998-09-29,312.33,,2945,
1998-09-30,310.32,,4623,
1998-10-01,305.64,,2870,
1998-10-02,308.25,,3016,
1998-10-07,313.49,,3540,
1998-10-08,305.22,,4387,
1998-10-09,327.96,,6271,
1998-10-10,338.43,,5367,
1998-10-12,352.17,,7603,
1998-10-13,346.08,,7621,
1998-10-14,346.13,,5565,
1998-10-15,368.74,,8898,
1998-10-16,374.01,,10649,
1998-10-17,383.47,,4350,
1998-10-19,373.97,,6928,
1998-10-20,388.35,,6997,
1998-10-21,380.8,,9019,
1998-10-22,382.52,,6295,
1998-10-23,378.83,,6359,
1998-10-24,380.81,,3272,
1998-10-26,373.32,,4680,
1998-10-27,360.43,,5294,
1998-10-28,363.91,,4761,
1998-10-29,370.3,,5445,
1998-10-30,384.75,,7421,
1998-10-31,403.44,,9270,
1998-11-02,404.61,,9066,
1998-11-03,407.64,,9175,
1998-11-04,413.47,,8303,
1998-11-05,418.2,,10291,
1998-11-06,416.3,,13286,
1998-11-07,417.06,,5143,
1998-11-09,424.45,,9372,
1998-11-10,403.24,,9272,
1998-11-11,400.7,,6871,
1998-11-12,403.52,,6517,
1998-11-13,404.3,,6032,
1998-11-14,414.22,,6100,
1998-11-16,422.21,,8394,
1998-11-17,424.43,,9781,
1998-11-18,423.74,,8985,
1998-11-19,441.06,,10982,
1998-11-20,452.93,,16295,
1998-11-21,457.4,,6521,
1998-11-23,453.95,,10115,
1998-11-24,460.78,,10509,
1998-11-25,464.01,,11696,
1998-11-26,446.59,,10214,
1998-11-27,447,,8186,
1998-11-28,455.66,,6961,
1998-11-30,451.88,,12395,
1998-12-01,445.96,,9798,
1998-12-02,446.35,,10306,
1998-12-03,448.11,,12500,
1998-12-04,466.34,,15779,
1998-12-05,490.71,,12912,
1998-12-07,514.52,,23762,
1998-12-08,509.85,,25837,
1998-12-09,526.52,,23010,
1998-12-10,567.61,,31421,
1998-12-11,555.17,,29334,
1998-12-14,559.3,,30250,
1998-12-15,579.86,,30914,
1998-12-16,545.97,,33015,
1998-12-17,528.89,,19147,
1998-12-18,524.85,,19119,
1998-12-21,565.27,,22721,
1998-12-22,547.75,,23936,
1998-12-23,553.53,,18970,
1998-12-24,555.36,,19849,
1998-12-28,562.46,,24376,
1999-01-04,587.57,,25612,
1999-01-05,598.55,,24343,
1999-01-06,612.36,,26071,
1999-01-07,637.59,,32172,
1999-01-08,626.33,,29988,
1999-01-09,626.33,,29988,
1999-01-11,640.95,,29030,
1999-01-12,631.19,,29131,
1999-01-13,633.03,,26980,
1999-01-14,604.42,,23864,
1999-01-15,614.57,,21883,
1999-01-16,614.57,,21883,
1999-01-18,622.52,,25700,
1999-01-19,618.12,,24335,
1999-01-20,613.43,,20364,
1999-01-21,582.04,,18627,
1999-01-22,550.58,,18109,
1999-01-23,550.58,,18109,
1999-01-25,539.76,,13648,
1999-01-26,531.23,,14385,
1999-01-27,565.2,,15996,
1999-01-28,571.47,,17263,
1999-01-29,571.43,,15193,
1999-01-30,571.43,,15193,
1999-02-01,581.67,,16384,
1999-02-02,567.28,,17908,
1999-02-03,553.33,,15364,
1999-02-04,550.15,,11993,
1999-02-05,551.39,,13231,
1999-02-08,545.38,,12608,
1999-02-09,523.38,,10683,
1999-02-10,524.49,,12115,
1999-02-11,523.99,,9004,
1999-02-12,551.77,,13454,
1999-02-18,536.41,,10493,
1999-02-19,522.18,,10512,
1999-02-22,508.49,,7995,
1999-02-23,502.88,,8109,
1999-02-24,498.42,,7701,
1999-02-25,499.14,,8178,
1999-02-26,520.06,,9543,
1999-03-02,533.97,,13021,
1999-03-03,534.49,,11439,
1999-03-04,532.29,,9940,
1999-03-05,538.19,,12587,
1999-03-08,571.84,,19116,
1999-03-09,572.85,,19413,
1999-03-10,569.27,,13878,
1999-03-11,582,,21511,
1999-03-12,590.8,,19219,
1999-03-15,592.02,,19588,
1999-03-16,601.83,,16831,
1999-03-17,600.52,,24855,
1999-03-18,578.98,,17357,
1999-03-19,604.22,,18361,
1999-03-22,607.74,,20987,
1999-03-23,614.34,,15997,
1999-03-24,611.48,,18130,
1999-03-25,611.07,,19400,
1999-03-26,609.79,,15215,
1999-03-29,601.07,,14864,
1999-03-30,618.05,,17077,
1999-03-31,618.98,,17205,
1999-04-01,636.89,,22708,
1999-04-02,646.78,,26321,
1999-04-06,666.73,,27434,
1999-04-07,673.36,,33570,
1999-04-08,681.19,,25272,
1999-04-09,687.42,,32434,
1999-04-12,689.64,,31687,
1999-04-13,689.8,,30052,
1999-04-14,687.41,,26661,
1999-04-15,722.01,,40448,
1999-04-16,725.14,,48263,
1999-04-19,766.59,,40739,
1999-04-20,770.43,,40173,
1999-04-21,743.26,,39197,
1999-04-22,740.4,,30875,
1999-04-23,750.99,,37597,
1999-04-26,776.3,,43392,
1999-04-27,793.98,,49452,
1999-04-28,790.03,,47853,
1999-04-29,752.61,,38746,
1999-04-30,752.59,,39490,
1999-05-03,756.53,,33200,
1999-05-04,771.17,,38947,
1999-05-06,810.54,,47203,
1999-05-07,810.62,,47009,
1999-05-10,814.24,,41164,
1999-05-11,781.41,,45206,
1999-05-12,773.13,,36246,
1999-05-13,742.37,,35248,
1999-05-14,737.83,,29098,
1999-05-17,717.83,,20338,
1999-05-18,729.29,,18895,
1999-05-19,734.98,,26394,
1999-05-20,708.6,,23606,
1999-05-21,710.49,,20294,
1999-05-24,695.6,,15637,
1999-05-25,698.69,,18435,
1999-05-26,720.05,,23338,
1999-05-27,726.66,,29552,
1999-05-28,732.24,,22079,
1999-05-31,736.02,,22197,
1999-06-01,753.72,,21629,
1999-06-02,775,,31865,
1999-06-03,778.21,,30701,
1999-06-04,797.5,,29782,
1999-06-07,842.32,,39512,
1999-06-08,853.6,,44128,
1999-06-09,803.46,,36123,
1999-06-10,856.06,,36245,
1999-06-11,848.61,,39552,
1999-06-14,821.91,,27533,
1999-06-15,803.72,,27153,
1999-06-16,829.53,,24210,
1999-06-17,832.26,,36216,
1999-06-18,837.73,,25462,
1999-06-21,869,,35829,
1999-06-22,875.97,,40928,
1999-06-23,888.63,,40191,
1999-06-24,877.3,,37306,
1999-06-25,882.08,,30232,
1999-06-28,903.05,,34896,
1999-06-29,897.45,,32669,
1999-06-30,883,,40371,
1999-07-01,919.98,,46697,
1999-07-02,933.42,,49483,
1999-07-05,962.84,,51940,
1999-07-06,989.43,,51857,
1999-07-07,1005.98,,61270,
1999-07-08,999.11,,60745,
1999-07-09,1027.93,,63534,
1999-07-12,1004.25,,66256,
1999-07-13,987.5,,48060,
1999-07-14,953.67,,47427,
1999-07-15,982.14,,42506,
1999-07-16,1020.82,,53607,
1999-07-19,1024.58,,56282,
1999-07-20,998.45,,53410,
1999-07-21,965.11,,52662,
1999-07-22,976.66,,55260,
1999-07-23,904.96,,57641,
1999-07-26,872.94,,44566,
1999-07-27,928.85,,47324,
1999-07-28,944.46,,58206,
1999-07-29,998.71,,57039,
1999-07-30,969.72,,68272,
1999-08-02,959.81,,55378,
1999-08-03,973.33,,50382,
1999-08-04,975.45,,49715,
1999-08-05,939.07,,39210,
1999-08-06,938.26,,31138,
1999-08-09,948.97,,42373,
1999-08-10,968.66,,45410,
1999-08-11,944.08,,44873,
1999-08-12,949.35,,34835,
1999-08-13,917.47,,37385,
1999-08-16,907.28,,32189,
1999-08-17,873.7,,39006,
1999-08-18,868.94,,38233,
1999-08-19,871.18,,31986,
1999-08-20,878.39,,28790,
1999-08-23,917.58,,49421,
1999-08-24,932.41,,45189,
1999-08-25,963,,55978,
1999-08-26,959.88,,51107,
1999-08-27,960.28,,49082,
1999-08-30,942.57,,40187,
1999-08-31,937.88,,36087,
1999-09-01,905.52,,45883,
1999-09-02,898.97,,42572,
1999-09-03,910.62,,48316,
1999-09-06,943.22,,37109,
1999-09-07,943.92,,38003,
1999-09-08,936.93,,36213,
1999-09-09,950.53,,34920,
1999-09-10,961.98,,44234,
1999-09-13,980.91,,45630,
1999-09-14,968.54,,40556,
1999-09-15,952.69,,33957,
1999-09-16,916.16,,33921,
1999-09-17,925.2,,31315,
1999-09-20,933.88,,27908,
1999-09-21,957.42,,44845,
1999-09-22,941.57,,48549,
1999-09-27,903.79,,30087,
1999-09-28,900.73,,30763,
1999-09-29,868.88,,31929,
1999-09-30,836.18,,34407,
1999-10-01,839.35,,31972,
1999-10-04,818.37,,25326,
1999-10-05,791.55,,32112,
1999-10-06,835.31,,33980,
1999-10-07,851.15,,39731,
1999-10-08,839.41,,34604,
1999-10-11,834.39,,27660,
1999-10-12,856.25,,31943,
1999-10-13,855.52,,30980,
1999-10-14,866.02,,40374,
1999-10-15,862.63,,40684,
1999-10-18,826.25,,28016,
1999-10-19,811.44,,29042,
1999-10-20,830.69,,33200,
1999-10-21,818.51,,37210,
1999-10-22,819.52,,23988,
1999-10-25,798.84,,26813,
1999-10-26,797.01,,21802,
1999-10-27,793.42,,19291,
1999-10-28,820.95,,27934,
1999-10-29,833.51,,36815,
1999-11-01,876.55,,39480,
1999-11-02,890.18,,48630,
1999-11-03,887.15,,46389,
1999-11-04,911.82,,46943,
1999-11-05,913.09,,50970,
1999-11-08,907.6,,45049,
1999-11-09,943.46,,46145,
1999-11-10,938.76,,55601,
1999-11-11,947.42,,62245,
1999-11-12,969.26,,73504,
1999-11-15,974.73,,57926,
1999-11-16,1007.72,,60454,
1999-11-17,967.64,,70471,
1999-11-18,970.19,,48445,
1999-11-19,993.11,,52246,
1999-11-22,977.88,,42319,
1999-11-23,974.05,,37418,
1999-11-24,969.29,,36518,
1999-11-25,972.71,,49224,
1999-11-26,949.16,,44602,
1999-11-29,964.26,,37638,
1999-11-30,996.66,,54762,
1999-12-01,999.16,,52429,
1999-12-02,967.9,,49127,
1999-12-03,966.59,,37718,
1999-12-06,998.11,,39367,
1999-12-07,999.92,,49280,
1999-12-08,988.32,,44028,
1999-12-09,980.54,,51965,
1999-12-10,1018.17,,58934,
1999-12-11,,,58934,
1999-12-13,1013.65,,52270,
1999-12-14,1002.64,,54815,
1999-12-15,963.58,,45948,
1999-12-16,948.57,,41064,
1999-12-17,949.26,,39794,
1999-12-20,967.05,,38704,
1999-12-21,958.8,,40763,
1999-12-22,967.83,,42352,
1999-12-23,974.16,,45737,
1999-12-24,991.63,,36835,
1999-12-27,1005.73,,40579,
1999-12-28,1028.07,,51229,
2000-01-04,1059.04,,37710,
2000-01-05,986.31,,47981,
2000-01-06,960.79,,37269,
2000-01-07,948.65,,36967,
2000-01-08,948.65,,36967,
2000-01-10,987.24,,38150,
2000-01-11,981.33,,42442,
2000-01-12,955.01,,33525,
2000-01-13,951.05,,33545,
2000-01-14,948.03,,34382,
2000-01-15,948.03,,34382,
2000-01-17,983.27,,33907,
2000-01-18,981.53,,34165,
2000-01-19,938.78,,33751,
2000-01-20,945.9,,31708,
2000-01-21,925.16,,34953,
2000-01-22,925.16,,34953,
2000-01-24,926.77,,28261,
2000-01-25,891.22,,26741,
2000-01-26,885.54,,27335,
2000-01-27,909.23,,37665,
2000-01-28,941.67,,38585,
2000-01-29,941.67,,38585,
2000-01-31,943.88,,36695,
2000-02-01,928.75,,39310,
2000-02-02,943.59,,42841,
2000-02-03,950.22,,43981,
2000-02-07,973.13,,43679,
2000-02-08,961.22,,35741,
2000-02-09,976.05,,38213,
2000-02-10,966.18,,43283,
2000-02-11,953.22,,41891,
2000-02-12,953.22,,41891,
2000-02-14,910.87,,34953,
2000-02-15,879.7,,31656,
2000-02-16,879.5,,30664,
2000-02-17,897.52,,32257,
2000-02-18,879.14,,41547,
2000-02-19,879.14,,41547,
2000-02-21,845.32,,26407,
2000-02-22,850.02,,29364,
2000-02-23,880.67,,40072,
2000-02-24,867.37,,29127,
2000-02-25,864.76,,29170,
2000-02-26,864.76,,29170,
2000-02-28,819.01,,29254,
2000-02-29,828.38,,33799,
2000-03-02,894.66,,43386,
2000-03-03,894.83,,44984,
2000-03-04,,,44984,
2000-03-06,909.33,,40739,
2000-03-07,907.34,,37298,
2000-03-08,915.94,,36052,
2000-03-09,884.59,,44772,
2000-03-10,891.36,,38968,
2000-03-11,,,38968,
2000-03-13,854.66,,39712,
2000-03-14,846.74,,33619,
2000-03-15,837.53,,33091,
2000-03-16,841.22,,30127,
2000-03-17,855.57,,32672,
2000-03-18,,,32672,
2000-03-20,850.51,,25380,
2000-03-21,863.41,,27156,
2000-03-22,882.43,,39449,
2000-03-23,867.62,,33560,
2000-03-24,889.24,,39136,
2000-03-25,,,39136,
2000-03-27,886.71,,37256,
2000-03-28,891.29,,37944,
2000-03-29,908.51,,42005,
2000-03-30,889.95,,37830,
2000-03-31,860.94,,28466,
2000-04-01,,,28466,
2000-04-03,846.44,,27027,
2000-04-04,830.16,,26518,
2000-04-06,804.35,,21875,
2000-04-07,837.38,,25558,
2000-04-08,,,25558,
2000-04-10,870.17,,35870,
2000-04-11,855.05,,25916,
2000-04-12,837.01,,23333,
2000-04-14,800.89,,25639,
2000-04-15,,,25639,
2000-04-17,707.72,,29678,
2000-04-18,747.3,,31949,
2000-04-19,755.08,,30613,
2000-04-20,761.25,,18834,
2000-04-21,767.16,,18814,
2000-04-22,,,18814,
2000-04-24,747.58,,16738,
2000-04-25,737.2,,16791,
2000-04-26,713.23,,26443,
2000-04-27,692.07,,26110,
2000-04-28,725.39,,27217,
2000-04-29,,,27217,
2000-05-02,752.59,,27066,
2000-05-03,752.76,,20293,
2000-05-04,751.29,,20112,
2000-05-06,,,20112,
2000-05-08,770.24,,22492,
2000-05-09,760.85,,17440,
2000-05-10,759.51,,16618,
2000-05-12,740.3,,18229,
2000-05-13,,,18229,
2000-05-15,728.67,,17437,
2000-05-16,746.77,,16634,
2000-05-17,727.18,,25239,
2000-05-18,712.95,,17535,
2000-05-19,730.68,,19738,
2000-05-20,,,19738,
2000-05-22,691.61,,15701,
2000-05-23,679.76,,17979,
2000-05-24,674.95,,24170,
2000-05-25,699.53,,38843,
2000-05-26,656.66,,25394,
2000-05-27,,,25394,
2000-05-29,655.93,,23859,
2000-05-30,691.26,,28664,
2000-05-31,731.88,,43349,
2000-06-01,738.49,,29112,
2000-06-02,760.69,,38416,
2000-06-03,,,38416,
2000-06-05,794.21,,40670,
2000-06-07,822.54,,49456,
2000-06-08,800.11,,58191,
2000-06-09,836.4,,48591,
2000-06-10,,,48591,
2000-06-12,845.81,,44527,
2000-06-13,804.45,,34624,
2000-06-14,819.27,,37994,
2000-06-15,770.95,,29732,
2000-06-16,759.04,,24352,
2000-06-17,759.04,,24352,
2000-06-19,755.38,,21772,
2000-06-20,785.32,,26137,
2000-06-21,781.87,,36759,
2000-06-22,782.24,,30088,
2000-06-23,778.94,,20049,
2000-06-24,778.94,,20049,
2000-06-26,791.55,,22908,
2000-06-27,809.87,,32157,
2000-06-28,818.73,,34690,
2000-06-29,818.9,,30410,
2000-06-30,821.22,,28963,
2000-07-01,821.22,,28963,
2000-07-03,835.21,,28900,
2000-07-04,818.53,,32759,
2000-07-05,830.4,,32796,
2000-07-06,837.63,,48373,
2000-07-07,841.74,,44945,
2000-07-08,,,44945,
2000-07-10,851.47,,41868,
2000-07-11,836.86,,55150,
2000-07-12,839.76,,34067,
2000-07-13,845.75,,34572,
2000-07-14,827.95,,29812,
2000-07-15,,,29812,
2000-07-18,812.33,,21758,
2000-07-19,797.3,,28156,
2000-07-20,778.9,,26345,
2000-07-21,783.06,,27577,
2000-07-22,,,27577,
2000-07-24,737.89,,24395,
2000-07-25,737.64,,24321,
2000-07-26,743.84,,22650,
2000-07-27,727.68,,16922,
2000-07-28,692.65,,21325,
2000-07-29,,,21325,
2000-07-31,705.97,,16524,
2000-08-01,727.1,,22760,
2000-08-02,728.33,,19297,
2000-08-03,722.08,,15574,
2000-08-04,710,,14274,
2000-08-05,,,14274,
2000-08-07,675.59,,12806,
2000-08-08,666.08,,13697,
2000-08-09,710.23,,19864,
2000-08-10,729.28,,19698,
2000-08-11,722.21,,20141,
2000-08-12,,,20141,
2000-08-14,733.25,,19724,
2000-08-16,751.14,,23698,
2000-08-17,743.49,,21552,
2000-08-18,728.32,,17528,
2000-08-19,,,17528,
2000-08-21,722.58,,13395,
2000-08-22,738.61,,19750,
2000-08-23,719.79,,16562,
2000-08-24,718.86,,17865,
2000-08-25,729.8,,13533,
2000-08-26,,,13533,
2000-08-28,731.81,,12840,
2000-08-29,731.56,,14519,
2000-08-30,718.93,,15304,
2000-08-31,688.62,,21732,
2000-09-01,692.19,,13665,
2000-09-02,,,13665,
2000-09-04,681.3,,13040,
2000-09-05,679.24,,16997,
2000-09-06,676.69,,16032,
2000-09-07,656.37,,20014,
2000-09-08,653.68,,19581,
2000-09-09,,,19581,
2000-09-14,650.14,,23587,
2000-09-15,628.2,,23857,
2000-09-16,,,23857,
2000-09-18,577.56,,23526,
2000-09-19,571.17,,23420,
2000-09-20,606.08,,23993,
2000-09-21,595.99,,22481,
2000-09-22,553.25,,19911,
2000-09-23,,,19911,
2000-09-25,584.63,,18820,
2000-09-26,587.6,,21376,
2000-09-27,599.31,,21393,
2000-09-28,605.85,,19833,
2000-09-29,613.22,,19968,
2000-09-30,,,19968,
2000-10-02,589.22,,14651,
2000-10-04,598.42,,21349,
2000-10-05,606.79,,25899,
2000-10-06,608.85,,19578,
2000-10-07,,,19578,
2000-10-09,589.18,,18331,
2000-10-10,588.34,,16286,
2000-10-11,557.18,,19446,
2000-10-12,534.71,,16738,
2000-10-13,524.6,,19903,
2000-10-14,,,19903,
2000-10-16,550.1,,23098,
2000-10-17,512.85,,17987,
2000-10-18,514.17,,23470,
2000-10-19,515.04,,20604,
2000-10-20,545.97,,27908,
2000-10-21,,,27908,
2000-10-23,528.37,,19197,
2000-10-24,545.05,,19410,
2000-10-25,542.33,,17828,
2000-10-26,523.67,,15166,
2000-10-27,515.34,,20047,
2000-10-28,,,20047,
2000-10-30,504.73,,12950,
2000-10-31,514.48,,16113,
2000-11-01,548.76,,22772,
2000-11-02,558.1,,26328,
2000-11-03,560.41,,22538,
2000-11-04,,,22538,
2000-11-06,556.66,,23869,
2000-11-07,553.35,,17883,
2000-11-08,558.09,,18322,
2000-11-09,560.66,,16694,
2000-11-10,565.18,,16529,
2000-11-11,,,16529,
2000-11-13,538.94,,13861,
2000-11-14,552.99,,12863,
2000-11-15,557.48,,19983,
2000-11-16,555.04,,13616,
2000-11-17,551.26,,15890,
2000-11-18,,,15890,
2000-11-20,537.4,,11756,
2000-11-21,531.45,,13975,
2000-11-22,522.33,,14110,
2000-11-23,514.31,,14998,
2000-11-24,530.84,,14656,
2000-11-25,,,14656,
2000-11-27,554.04,,20124,
2000-11-28,536.94,,15475,
2000-11-29,516.44,,12020,
2000-11-30,509.23,,14294,
2000-12-01,514.46,,15589,
2000-12-02,,,15589,
2000-12-04,501.73,,13725,
2000-12-05,516.96,,12589,
2000-12-06,517.89,,21704,
2000-12-07,523.78,,13149,
2000-12-08,534.81,,13149,
2000-12-09,,,13596,
2000-12-11,554.8,,19025,
2000-12-12,543.08,,16639,
2000-12-13,557.84,,19160,
2000-12-14,547.38,,19149,
2000-12-15,534,,16676,
2000-12-16,,,16676,
2000-12-18,539.27,,13553,
2000-12-19,530.8,,15879,
2000-12-20,514.21,,15815,
2000-12-21,511.9,,16656,
2000-12-22,500.6,,16118,
2000-12-23,,,16118,
2000-12-26,504.62,,14941,
2001-01-02,520.95,,12233,
2001-01-03,521.43,,15834,
2001-01-04,558.02,,29848,
2001-01-05,580.85,,35696,
2001-01-08,586.65,,29481,
2001-01-09,589.92,,28340,
2001-01-10,560.81,,32850,
2001-01-11,561.79,,27217,
2001-01-12,587.87,,39801,
2001-01-15,599,,34078,
2001-01-16,603.42,,33524,
2001-01-17,595.83,,30786,
2001-01-18,604.05,,30213,
2001-01-19,619.78,,30026,
2001-01-22,627.45,,25134,
2001-01-26,591.73,,26032,
2001-01-29,596.54,,23975,
2001-01-30,591.34,,24182,
2001-01-31,617.91,,25855,
2001-02-01,612.3,,22114,
2001-02-02,608.48,,17948,
2001-02-05,579.16,,18970,
2001-02-06,586.58,,16082,
2001-02-07,576.19,,14699,
2001-02-08,591.57,,17266,
2001-02-09,595.47,,20300,
2001-02-12,599.2,,18959,
2001-02-13,598.78,,19904,
2001-02-14,603.83,,21519,
2001-02-15,603.63,,20205,
2001-02-16,604.92,,18530,
2001-02-19,596.67,,16095,
2001-02-20,608.74,,27223,
2001-02-21,594.53,,24307,
2001-02-22,583.41,,23007,
2001-02-23,583.52,,21152,
2001-02-26,585.32,,18036,
2001-02-27,577.57,,21486,
2001-02-28,578.1,,15823,
2001-03-02,559.44,,19030,
2001-03-05,565.38,,15685,
2001-03-06,568.15,,22222,
2001-03-07,568.64,,18387,
2001-03-08,579.28,,15100,
2001-03-09,565.76,,14208,
2001-03-12,545.05,,15568,
2001-03-13,527.97,,16292,
2001-03-14,543.28,,17845,
2001-03-15,541.83,,16711,
2001-03-16,538.67,,14092,
2001-03-19,534.33,,11880,
2001-03-20,531.59,,12298,
2001-03-21,532.59,,13579,
2001-03-22,527.05,,15913,
2001-03-23,537.97,,19204,
2001-03-26,545.98,,18453,
2001-03-27,532.9,,17220,
2001-03-28,528.79,,15089,
2001-03-29,523.8,,15233,
2001-03-30,523.22,,15045,
2001-04-02,515.2,,11053,
2001-04-03,503.26,,14260,
2001-04-04,493.69,,14573,
2001-04-06,506.22,,17610,
2001-04-09,497.46,,9445,
2001-04-10,491.21,,11556,
2001-04-11,507.53,,16788,
2001-04-12,514.21,,17386,
2001-04-13,516.1,,12631,
2001-04-16,508.35,,9177,
2001-04-17,513.97,,12752,
2001-04-18,540,,20796,
2001-04-19,563.31,,35454,
2001-04-20,556.29,,22593,
2001-04-23,560.94,,18266,
2001-04-24,555.64,,15625,
2001-04-25,566.34,,18278,
2001-04-26,561.62,,15374,
2001-04-27,556.63,,12466,
2001-04-30,577.36,,20492,
2001-05-02,583.7,,23570,
2001-05-03,584.4,,18124,
2001-05-04,585.6,,16758,
2001-05-07,596.5,,21111,
2001-05-08,590.91,,21069,
2001-05-09,578.84,,20849,
2001-05-10,581.38,,18137,
2001-05-11,583.06,,16383,
2001-05-14,584.08,,17652,
2001-05-15,581.3,,19477,
2001-05-16,572.4,,19309,
2001-05-17,596.39,,21571,
2001-05-18,600.54,,25425,
2001-05-21,618.96,,31574,
2001-05-22,617.99,,32875,
2001-05-23,622.6,,24518,
2001-05-24,622.28,,26185,
2001-05-25,624.11,,28655,
2001-05-28,618.47,,18516,
2001-05-29,632.05,,24605,
2001-05-30,628.42,,22995,
2001-05-31,612.16,,22946,
2001-06-01,607.07,,18933,
2001-06-04,610.91,,15915,
2001-06-05,597.66,,18059,
2001-06-07,601.14,,17222,
2001-06-08,621.78,,23219,
2001-06-11,608.23,,17114,
2001-06-12,607.15,,15793,
2001-06-13,614.05,,18828,
2001-06-14,613.75,,21381,
2001-06-15,618.96,,19842,
2001-06-18,608.78,,20434,
2001-06-19,608.91,,21067,
2001-06-20,595.72,,20548,
2001-06-21,595.53,,19069,
2001-06-22,599.08,,19507,
2001-06-25,598.02,,15500,
2001-06-26,588.71,,16181,
2001-06-27,584.76,,16472,
2001-06-28,583.27,,14486,
2001-06-29,595.13,,13988,
2001-07-02,596.74,,11854,
2001-07-03,594.31,,11609,
2001-07-04,597.25,,11730,
2001-07-05,593.61,,10585,
2001-07-06,578.54,,11436,
2001-07-09,560,,14299,
2001-07-10,558.6,,10798,
2001-07-11,553.65,,11371,
2001-07-12,559.95,,14590,
2001-07-13,548.49,,13809,
2001-07-16,548.93,,9616,
2001-07-18,540.53,,11814,
2001-07-19,545.74,,11652,
2001-07-20,537.71,,11370,
2001-07-23,524.21,,9956,
2001-07-24,526.62,,14907,
2001-07-25,526.08,,11732,
2001-07-26,529.22,,10952,
2001-07-27,541.13,,13223,
2001-07-30,533.53,,9396,
2001-07-31,541.55,,9164,
2001-08-01,562.79,,19158,
2001-08-02,567.46,,19504,
2001-08-03,568.69,,12266,
2001-08-06,569.37,,12563,
2001-08-07,567.5,,13502,
2001-08-08,565.94,,12027,
2001-08-09,549.67,,12139,
2001-08-10,555.34,,9896,
2001-08-13,562,,11593,
2001-08-14,577.15,,20329,
2001-08-16,580.95,,21196,
2001-08-17,580.99,,18041,
2001-08-20,567.09,,13971,
2001-08-21,568.68,,14327,
2001-08-22,574.87,,19616,
2001-08-23,570.07,,16556,
2001-08-24,569.31,,14340,
2001-08-27,578.74,,18177,
2001-08-28,576.51,,13736,
2001-08-29,565.63,,14945,
2001-08-30,564.36,,15009,
2001-08-31,545.11,,17892,
2001-09-03,541.83,,10965,
2001-09-04,558.79,,13421,
2001-09-05,551.91,,17173,
2001-09-06,552.59,,16176,
2001-09-07,555.08,,15661,
2001-09-10,550.73,,15793,
2001-09-11,540.57,,16406,
2001-09-12,475.6,,16592,
2001-09-13,499.25,,27297,
2001-09-14,482.29,,24225,
2001-09-17,468.76,,17059,
2001-09-18,484.93,,19773,
2001-09-19,486.75,,19534,
2001-09-20,480.27,,17884,
2001-09-21,472.31,,19415,
2001-09-24,482.19,,16138,
2001-09-25,472.13,,19565,
2001-09-26,472.85,,13226,
2001-09-27,472.38,,13222,
2001-09-28,479.68,,15265,
2001-10-04,500.64,,19611,
2001-10-05,501.92,,19093,
2001-10-08,496.13,,15666,
2001-10-09,507.61,,18105,
2001-10-10,503.46,,13233,
2001-10-11,517.05,,20001,
2001-10-12,516.4,,18754,
2001-10-15,513.99,,12246,
2001-10-16,521.91,,15330,
2001-10-17,528.29,,17605,
2001-10-18,524.21,,14856,
2001-10-19,528.04,,16382,
2001-10-22,528.7,,11542,
2001-10-23,530.5,,15082,
2001-10-24,541.49,,17694,
2001-10-25,542.19,,17397,
2001-10-26,543.41,,13767,
2001-10-29,547.87,,11687,
2001-10-30,533.87,,11051,
2001-10-31,537.81,,12660,
2001-11-01,544.09,,12682,
2001-11-02,550.57,,27860,
2001-11-05,561.62,,13235,
2001-11-06,565.47,,18188,
2001-11-07,562.03,,14806,
2001-11-08,573.04,,19137,
2001-11-09,576.75,,26468,
2001-11-12,584.48,,23073,
2001-11-13,588.83,,26267,
2001-11-14,606.68,,35513,
2001-11-15,606.44,,29803,
2001-11-16,610.88,,26353,
2001-11-19,626.43,,33924,
2001-11-20,616.33,,34287,
2001-11-21,615.45,,24797,
2001-11-22,624.56,,25734,
2001-11-23,645.18,,35420,
2001-11-26,674.56,,45209,
2001-11-27,670.1,,43238,
2001-11-28,632.02,,33723,
2001-11-29,628.86,,33300,
2001-11-30,643.89,,36282,
2001-12-03,650.66,,35496,
2001-12-04,649.9,,38143,
2001-12-05,688.31,,47554,
2001-12-06,686.61,,57697,
2001-12-07,704.5,,39092,
2001-12-10,668.77,,35374,
2001-12-11,670.08,,28669,
2001-12-12,681.43,,29400,
2001-12-13,676.59,,37205,
2001-12-14,665.2,,28586,
2001-12-17,648.28,,26534,
2001-12-18,643.76,,29822,
2001-12-19,647.05,,25965,
2001-12-20,664.51,,24779,
2001-12-21,644.71,,21701,
2001-12-24,646.49,,17913,
2001-12-26,653.87,,23458,
2001-12-27,668.55,,26124,
2001-12-28,693.7,,27061,
2002-01-02,724.95,,52135,
2002-01-03,727.66,,40302,
2002-01-04,747.72,,39277,
2002-01-07,751.48,,45258,
2002-01-08,734.76,,42825,
2002-01-09,751.61,,49423,
2002-01-10,728.23,,57840,
2002-01-11,727.36,,41278,
2002-01-14,744.03,,37817,
2002-01-15,718.64,,42496,
2002-01-16,710.95,,31356,
2002-01-17,713.5,,37763,
2002-01-18,708.47,,32629,
2002-01-21,717.35,,27022,
2002-01-22,724.36,,35514,
2002-01-23,742.62,,34411,
2002-01-24,757.71,,46206,
2002-01-25,774.68,,51903,
2002-01-28,780.24,,41978,
2002-01-29,774.03,,38467,
2002-01-30,749.45,,37282,
2002-01-31,748.07,,39523,
2002-02-01,742.42,,35137,
2002-02-04,730.21,,25929,
2002-02-05,739.91,,30647,
2002-02-06,741.55,,30961,
2002-02-07,727.71,,29112,
2002-02-08,739.66,,27275,
2002-02-14,796.18,,48299,
2002-02-15,783.59,,41777,
2002-02-18,790.37,,40699,
2002-02-19,782.27,,37568,
2002-02-20,776.89,,31946,
2002-02-21,787.62,,36579,
2002-02-22,792,,33961,
2002-02-25,791.48,,27016,
2002-02-26,801.14,,35958,
2002-02-27,822.11,,42862,
2002-02-28,819.99,,42891,
2002-03-04,834.21,,47402,
2002-03-05,841.95,,45839,
2002-03-06,843.06,,43562,
2002-03-07,829.44,,40002,
2002-03-08,825.27,,36308,
2002-03-11,827.02,,31543,
2002-03-12,846.03,,40724,
2002-03-13,849.13,,38778,
2002-03-14,856.86,,48676,
2002-03-15,860.36,,53826,
2002-03-18,869.71,,51059,
2002-03-19,889.98,,54403,
2002-03-20,887.48,,54368,
2002-03-21,885.64,,42921,
2002-03-22,895.98,,47592,
2002-03-25,879.41,,42819,
2002-03-26,881.03,,37397,
2002-03-27,902.46,,43933,
2002-03-28,892.67,,41237,
2002-03-29,895.58,,30971,
2002-04-01,875.83,,39631,
2002-04-02,905.34,,40894,
2002-04-03,918.59,,47106,
2002-04-04,918.01,,40793,
2002-04-08,900.69,,44121,
2002-04-09,888.67,,35009,
2002-04-10,856.03,,33998,
2002-04-11,862.86,,43761,
2002-04-12,875.69,,37381,
2002-04-15,894.28,,34947,
2002-04-16,901.29,,33951,
2002-04-17,930.51,,50204,
2002-04-18,937.61,,44854,
2002-04-19,923.94,,48298,
2002-04-22,920.89,,52484,
2002-04-23,925.7,,44576,
2002-04-24,915.69,,38021,
2002-04-25,872.58,,38737,
2002-04-26,869.65,,34340,
2002-04-29,838.51,,31335,
2002-04-30,842.34,,33711,
2002-05-02,859.86,,36637,
2002-05-03,856.72,,33860,
2002-05-06,826.87,,24743,
2002-05-07,826.34,,29852,
2002-05-08,844.67,,31798,
2002-05-09,838.67,,41726,
2002-05-10,817.93,,30261,
2002-05-13,821.89,,26546,
2002-05-14,837.37,,35208,
2002-05-15,862.62,,37419,
2002-05-16,858.04,,28323,
2002-05-17,875.03,,35804,
2002-05-20,865.78,,28235,
2002-05-21,837.56,,30895,
2002-05-22,863.06,,31412,
2002-05-23,845.51,,34168,
2002-05-24,854.57,,43189,
2002-05-27,840.57,,26436,
2002-05-28,848.8,,28282,
2002-05-29,835.19,,32152,
2002-05-30,815.61,,26274,
2002-05-31,796.4,,26595,
2002-06-03,804.93,,25161,
2002-06-04,806.33,,22676,
2002-06-05,809.59,,24575,
2002-06-07,795.16,,23471,
2002-06-10,811.9,,21189,
2002-06-11,815.33,,22151,
2002-06-12,823.06,,26098,
2002-06-14,822.01,,21833,
2002-06-17,809.16,,18075,
2002-06-18,809.4,,22056,
2002-06-19,776.37,,30093,
2002-06-20,776.81,,24197,
2002-06-21,778.53,,23707,
2002-06-24,767.92,,26372,
2002-06-25,755.92,,23725,
2002-06-26,701.87,,28756,
2002-06-27,710.43,,25188,
2002-06-28,742.72,,26915,
2002-07-02,746.23,,23768,
2002-07-03,753.36,,23345,
2002-07-04,768.74,,26755,
2002-07-05,787.83,,34024,
2002-07-08,783.35,,34093,
2002-07-09,801.99,,31235,
2002-07-10,794.71,,28065,
2002-07-11,764.88,,32395,
2002-07-12,792.93,,35213,
2002-07-15,783.52,,36392,
2002-07-16,771.45,,36951,
2002-07-18,773.85,,32537,
2002-07-19,754.62,,37145,
2002-07-22,720.9,,29245,
2002-07-23,743.52,,36480,
2002-07-24,721.41,,32756,
2002-07-25,723.52,,33034,
2002-07-26,697.84,,27705,
2002-07-29,700.35,,26425,
2002-07-30,724.08,,31500,
2002-07-31,717.99,,29970,
2002-08-01,707.8,,22093,
2002-08-02,700.68,,25082,
2002-08-05,675.76,,26144,
2002-08-06,673.78,,29765,
2002-08-07,679.37,,23102,
2002-08-08,684.49,,24575,
2002-08-09,692.45,,26227,
2002-08-12,695.39,,19965,
2002-08-13,708.63,,19385,
2002-08-14,711.24,,21543,
2002-08-16,718.29,,25403,
2002-08-19,717.58,,23606,
2002-08-20,736.7,,33311,
2002-08-21,745.12,,32185,
2002-08-22,745.75,,31693,
2002-08-23,740.51,,23520,
2002-08-26,734.79,,18377,
2002-08-27,724.17,,20557,
2002-08-28,724.05,,20211,
2002-08-29,724.94,,19989,
2002-08-30,736.4,,24913,
2002-09-02,751.98,,26612,
2002-09-03,740.59,,24414,
2002-09-04,723.05,,22397,
2002-09-05,720.98,,20268,
2002-09-06,708.73,,23385,
2002-09-09,697.89,,21577,
2002-09-10,713.3,,20646,
2002-09-11,724.71,,19695,
2002-09-12,739.22,,25012,
2002-09-13,718.17,,22187,
2002-09-16,704.38,,20538,
2002-09-17,726.8,,24468,
2002-09-18,703.87,,21330,
2002-09-19,704.12,,17067,
2002-09-23,679.43,,19301,
2002-09-24,672.28,,20776,
2002-09-25,657.96,,20235,
2002-09-26,662.41,,21034,
2002-09-27,663.72,,19939,
2002-09-30,646.42,,16183,
2002-10-01,652.13,,16654,
2002-10-02,648.1,,18454,
2002-10-04,650.92,,16896,
2002-10-07,627.4,,15249,
2002-10-08,634.84,,18051,
2002-10-09,619.94,,18034,
2002-10-10,584.04,,24232,
2002-10-11,587.51,,21658,
2002-10-14,614.27,,19370,
2002-10-15,629.57,,23891,
2002-10-16,636.25,,29229,
2002-10-17,644.66,,30509,
2002-10-18,670.79,,37018,
2002-10-21,652.67,,27139,
2002-10-22,639.27,,26717,
2002-10-23,657.43,,33274,
2002-10-24,654.98,,32845,
2002-10-25,655.88,,22627,
2002-10-28,678.14,,31410,
2002-10-29,673.18,,31517,
2002-10-30,658.03,,26863,
2002-10-31,658.92,,22284,
2002-11-01,647.65,,18101,
2002-11-04,672.68,,31104,
2002-11-05,664.9,,26765,
2002-11-06,682.56,,27814,
2002-11-07,681.27,,26536,
2002-11-08,674.85,,20323,
2002-11-11,657.78,,18330,
2002-11-12,654.43,,19130,
2002-11-13,653.85,,19300,
2002-11-14,652.15,,19521,
2002-11-15,672.95,,27259,
2002-11-18,667.13,,16981,
2002-11-19,671.44,,20079,
2002-11-20,682,,23898,
2002-11-21,690.38,,29385,
2002-11-22,692.87,,27624,
2002-11-25,705.86,,28257,
2002-11-26,702.27,,30609,
2002-11-27,708.07,,24456,
2002-11-28,714.54,,33400,
2002-11-29,724.8,,25875,
2002-12-02,730.16,,21864,
2002-12-03,736.57,,28411,
2002-12-04,714.5,,24685,
2002-12-05,722.76,,22794,
2002-12-06,718.09,,19437,
2002-12-09,709.11,,20850,
2002-12-10,702.44,,18991,
2002-12-11,698.61,,18527,
2002-12-12,715.38,,26555,
2002-12-13,708.13,,20663,
2002-12-16,692.42,,18883,
2002-12-17,704.49,,21606,
2002-12-18,709.22,,22376,
2002-12-20,709.44,,19268,
2002-12-23,691.38,,20648,
2002-12-24,677.82,,16646,
2002-12-26,671.89,,15704,
2002-12-27,656.92,,13686,
2002-12-30,627.55,,34312,
2003-01-02,635.17,-60,13532,2618570
2003-01-03,661.1,2539,22705,2726580
2003-01-06,666.71,1535,15986,2748210
2003-01-07,652.2,1331,18700,2689030
2003-01-08,651.72,125,14885,2687120
2003-01-09,630.4,-3367,22703,2592000
2003-01-10,628.36,518,39803,2583480
2003-01-13,648.06,-205,16895,2664080
2003-01-14,650.05,824,17085,2671420
2003-01-15,648.29,1233,18534,2653820
2003-01-16,648.69,90,16436,2655920
2003-01-17,636.46,412,15750,2606640
2003-01-20,634.5,-355,11679,2598510
2003-01-21,632.86,-51,13552,2591730
2003-01-22,622.49,-78,14753,2548160
2003-01-23,625.18,-1250,20068,2559610
2003-01-24,609.43,976,16678,2497240
2003-01-27,593.09,-403,13499,2431560
2003-01-28,600.56,-134,10909,2463140
2003-01-29,583.35,-283,15308,2392610
2003-01-30,591.86,-219,11991,2427550
2003-02-03,600.41,-489,11504,2463160
2003-02-04,603.78,391,15483,2476750
2003-02-05,600.68,-337,12947,2463940
2003-02-06,589.5,-214,14729,2417620
2003-02-07,577.48,-1368,15173,2367820
2003-02-10,577.25,221,13223,2366930
2003-02-11,575.98,-60,17357,2362080
2003-02-12,583.29,257,12674,2392450
2003-02-13,575.67,-389,14680,2360980
2003-02-14,575.24,-1074,12620,2359960
2003-02-17,601.87,143,18692,2469840
2003-02-18,603.45,-55,15443,2476930
2003-02-19,600.83,983,18292,2466410
2003-02-20,605.51,-1120,16586,2485960
2003-02-21,603.6,900,13468,2478490
2003-02-24,616.29,-1085,16539,2530030
2003-02-25,592.25,-1465,14943,2431270
2003-02-26,590.26,-763,12789,2423150
2003-02-27,582.46,-397,14008,2392610
2003-02-28,575.43,-543,12207,2363380
2003-03-03,590.04,69,14364,2423900
2003-03-04,576.58,-121,11676,2368460
2003-03-05,560.26,-52,15964,2301330
2003-03-06,555.33,-663,14527,2280960
2003-03-07,546.02,-747,14572,2247750
2003-03-10,544.24,109,11310,2241120
2003-03-11,532.53,-873,15791,2194370
2003-03-12,531.81,-850,21382,2192350
2003-03-13,531.78,-639,23267,2190460
2003-03-14,537.65,-96,23366,2215910
2003-03-17,515.24,-619,17551,2123860
2003-03-18,537.31,-482,21082,2214910
2003-03-19,541.78,226,19127,2233490
2003-03-20,568.46,303,29802,2343720
2003-03-21,575.77,147,23738,2373570
2003-03-24,569.85,200,23459,2349430
2003-03-25,554.98,22,21606,2288110
2003-03-26,554.79,-639,21025,2287410
2003-03-27,549.26,34,15157,2264960
2003-03-28,556.33,-1050,15768,2293120
2003-03-31,535.7,-1445,16373,2208910
2003-04-01,538.56,-1908,17420,2220200
2003-04-02,542.92,-1439,21267,2237660
2003-04-03,545.24,-586,22109,2247080
2003-04-04,558.01,-758,23434,2299970
2003-04-07,585.9,170,30439,2415540
2003-04-08,587.32,656,32135,2420470
2003-04-09,569.47,-539,25090,2346920
2003-04-10,577.73,-482,26148,2380600
2003-04-11,582.97,-742,33541,2401520
2003-04-14,594.4,-573,25395,2448530
2003-04-15,604.99,504,27146,2492780
2003-04-16,621.34,1427,37691,2559460
2003-04-17,612.72,-264,28304,2524300
2003-04-18,624.77,426,30366,2574230
2003-04-21,620.83,-280,21761,2567270
2003-04-22,603.32,-252,23524,2495010
2003-04-23,598.09,-857,23074,2474110
2003-04-24,588.35,-1273,19840,2434090
2003-04-25,566.63,-1165,23197,2344430
2003-04-28,569.02,-1421,16756,2354320
2003-04-29,597.36,426,21409,2470820
2003-04-30,599.35,1375,18711,2479220
2003-05-02,597.44,467,17990,2471630
2003-05-06,604.33,1140,21465,2499910
2003-05-07,618.08,2260,25316,2556500
2003-05-09,619.11,-717,22550,2549820
2003-05-12,631.04,199,29334,2600230
2003-05-13,614.07,91,23100,2531040
2003-05-14,609.97,-797,18352,2514080
2003-05-15,619.35,-974,23033,2552940
2003-05-16,610.81,495,20549,2518050
2003-05-19,596.36,173,16811,2458920
2003-05-20,602.08,-492,17391,2482820
2003-05-21,600.57,-136,17321,2475910
2003-05-22,595.38,-310,20671,2459180
2003-05-23,611.51,73,19423,2525990
2003-05-26,617.65,524,22279,2551240
2003-05-27,614.3,-75,17905,2536770
2003-05-28,628.36,1216,28713,2593760
2003-05-29,632.43,2288,24257,2610410
2003-05-30,633.42,1454,21949,2613990
2003-06-02,648.71,1823,28695,2677920
2003-06-03,636.94,1033,23490,2629600
2003-06-04,640.27,162,18912,2643810
2003-06-05,642.38,1878,22879,2653840
2003-06-09,650.35,2238,18738,2687670
2003-06-10,649.75,202,17576,2685390
2003-06-11,651.29,1559,21931,2691740
2003-06-12,657.95,719,30162,2718330
2003-06-13,665.24,2065,27637,2747580
2003-06-16,657.82,434,20465,2718580
2003-06-17,674.66,2871,37877,2787520
2003-06-18,675.75,2265,29247,2794440
2003-06-19,690.49,3861,32960,2855900
2003-06-20,686.22,1140,30248,2838370
2003-06-23,674.59,-107,22526,2788990
2003-06-24,664.01,-1467,19715,2744960
2003-06-25,674.03,520,21090,2796560
2003-06-26,675.75,1029,19700,2802570
2003-06-27,677.28,1374,20997,2809230
2003-06-30,669.93,-183,14619,2780000
2003-07-01,674.75,225,14113,2802160
2003-07-02,685.8,1321,24470,2850370
2003-07-03,686.83,5186,32389,2862900
2003-07-04,693.25,140,18870,2890110
2003-07-07,704.29,690,24496,2935740
2003-07-08,708.34,6369,35139,2952100
2003-07-09,705.5,1322,23158,2940590
2003-07-10,700.51,923,23144,2920490
2003-07-11,704.15,974,20743,2935470
2003-07-14,720.1,4026,29740,3003630
2003-07-15,713.45,3202,31971,2976470
2003-07-16,716.48,1698,27143,2990180
2003-07-18,699.35,-1523,23253,2915590
2003-07-21,693.5,1053,20056,2890210
2003-07-22,699.7,643,23565,2916440
2003-07-23,695.74,-256,21610,2898960
2003-07-24,702.94,758,22664,2928130
2003-07-25,705.09,891,20815,2937450
2003-07-28,717.8,395,22747,2990270
2003-07-29,722.33,557,22877,3009570
2003-07-30,714.15,-2,20136,2966690
2003-07-31,713.52,-815,16212,2964720
2003-08-01,727.26,1807,23109,3023970
2003-08-04,718.54,456,16840,2987940
2003-08-05,721.84,387,21347,3002510
2003-08-06,707.88,-288,20875,2943730
2003-08-07,709.81,283,17914,2951630
2003-08-08,704.14,165,16722,2927690
2003-08-11,704.58,-318,16025,2929800
2003-08-12,701.3,737,17465,2916940
2003-08-13,713.08,1061,19915,2974390
2003-08-14,727.01,1317,25454,3032560
2003-08-18,730.1,-103,26043,3045730
2003-08-19,740.13,3317,31976,3087170
2003-08-20,737.2,2592,28003,3076320
2003-08-21,754.34,1240,32721,3148630
2003-08-22,754.72,3401,31374,3150650
2003-08-25,756.73,512,21737,3154580
2003-08-26,753,632,19900,3138830
2003-08-27,758.98,847,27271,3162660
2003-08-28,752.81,1468,25734,3135680
2003-08-29,759.47,394,24085,3163940
2003-09-01,764.11,1667,22141,3187310
2003-09-02,766.5,1105,29101,3197420
2003-09-03,766.32,3047,27445,3196310
2003-09-04,764.15,2153,23462,3214510
2003-09-05,761.55,1527,21251,3203950
2003-09-08,760.25,1434,16450,3199200
2003-09-09,767.46,2175,27029,3230810
2003-09-15,753.61,-2403,20724,3170510
2003-09-16,763.63,373,19713,3212770
2003-09-17,766.59,994,23254,3232570
2003-09-18,758.18,-99,20183,3196090
2003-09-19,748.25,670,24344,3153710
2003-09-22,714.89,-620,23725,3013110
2003-09-23,718.84,-2014,24593,3028730
2003-09-24,724.7,2826,22826,3053850
2003-09-25,713.52,640,21949,3006570
2003-09-26,697.4,427,20360,2939120
2003-09-29,696.06,-1210,17288,2933410
2003-09-30,697.52,2715,20585,2941390
2003-10-01,704.29,-414,18884,2970160
2003-10-02,715.24,2620,23700,3017610
2003-10-06,723.13,4042,23654,3052320
2003-10-07,727.09,2553,18390,3069080
2003-10-08,722.76,2613,18202,3050700
2003-10-09,736.16,290,25278,3106510
2003-10-10,757.89,3136,30253,3200240
2003-10-13,757.02,1653,23692,3197280
2003-10-14,766.52,2215,27329,3236960
2003-10-15,764.23,1304,22892,3229240
2003-10-16,776.97,893,30577,3283250
2003-10-17,767.75,62,29692,3244610
2003-10-20,776.44,-219,21493,3281030
2003-10-21,779.89,1538,25031,3296050
2003-10-22,779.28,2980,26079,3294610
2003-10-23,754.14,1175,24105,3188830
2003-10-24,748.17,-1979,18984,3163600
2003-10-27,761.61,-890,19181,3222900
2003-10-28,775.36,1462,28111,3282050
2003-10-29,779.66,5355,29751,3299970
2003-10-30,785.94,387,21287,3327050
2003-10-31,782.36,2782,22913,3313220
2003-11-03,791.96,-319,21421,3365940
2003-11-04,796.06,3418,35188,3385520
2003-11-05,805.51,1760,35387,3424510
2003-11-06,790.04,3465,40072,3358760
2003-11-07,804.05,1082,26763,3417790
2003-11-10,796.56,2955,27427,3385800
2003-11-11,787.77,-510,26473,3396330
2003-11-12,796.31,305,24291,3433550
2003-11-13,813.11,2942,31766,3507190
2003-11-14,809.89,2088,29150,3493480
2003-11-17,794.47,386,23707,3426910
2003-11-18,800.97,-490,25003,3462730
2003-11-19,771.7,-1107,31451,3336570
2003-11-20,769.45,-1405,25415,3327210
2003-11-21,770.78,470,24443,3334460
2003-11-24,753.65,-178,21136,3260030
2003-11-25,768.11,10,21630,3322340
2003-11-26,782.65,682,22814,3385090
2003-11-27,781.68,1000,20501,3383720
2003-11-28,796.18,1622,25688,3447330
2003-12-01,807.39,999,25504,3495010
2003-12-02,807.78,2112,24380,3495650
2003-12-03,808.34,1135,24283,3498710
2003-12-04,805.13,-335,23905,3484550
2003-12-05,789.41,566,21448,3417630
2003-12-08,784.8,222,18095,3400120
2003-12-09,787.35,-909,16963,3410550
2003-12-10,794.64,1503,26879,3442480
2003-12-11,791.13,2073,31708,3428660
2003-12-12,806.08,1105,27635,3493000
2003-12-15,822.16,655,26033,3560540
2003-12-16,810.79,919,29727,3513080
2003-12-17,800.09,-975,40128,3466030
2003-12-18,807.5,-193,28450,3498900
2003-12-19,811.2,2528,26703,3515150
2003-12-22,804.54,981,20321,3487210
2003-12-23,801.88,-559,20638,3475130
2003-12-24,792.55,-565,25115,3469770
2003-12-26,788.85,-228,19656,3460070
2003-12-29,792.44,-641,15465,3471560
2003-12-30,810.71,183,20268,3553630
2004-01-02,821.26,446,19303,3599090
2004-01-05,824.1,1697,22261,3612330
2004-01-06,823.43,3221,26775,3611290
2004-01-07,827.07,1185,23131,3628250
2004-01-08,824.15,4807,34069,3618060
2004-01-09,845.27,8184,41626,3714230
2004-01-12,850.79,3558,31095,3739860
2004-01-13,848.43,2932,25338,3728190
2004-01-14,849.62,520,27080,3731510
2004-01-15,845.66,2230,26468,3715730
2004-01-16,847.95,1149,23428,3727280
2004-01-19,856.8,760,24429,3767190
2004-01-20,861.37,2592,24034,3788960
2004-01-26,869.04,5360,33836,3826180
2004-01-27,863.03,1733,28773,3800920
2004-01-28,859.59,2239,31563,3795970
2004-01-29,853.47,-1899,24955,3764130
2004-01-30,848.5,-212,26752,3741290
2004-02-02,854.89,556,19594,3767020
2004-02-03,839.87,-1447,26511,3703710
2004-02-04,835.5,-508,23219,3685990
2004-02-05,840.92,-1810,29172,3712020
2004-02-06,850.23,2014,29263,3757450
2004-02-09,864.77,2248,29061,3819590
2004-02-10,866.8,3091,26436,3826600
2004-02-11,876.34,3000,30477,3866220
2004-02-12,877.95,-1257,30989,3859130
2004-02-13,882.18,929,26444,3878270
2004-02-16,881.28,2619,27831,3871870
2004-02-17,884.8,2445,26337,3885780
2004-02-18,877.1,1025,25173,3852670
2004-02-19,881.65,717,30228,3876790
2004-02-20,877.49,1371,22024,3859940
2004-02-23,877.52,-959,22651,3861510
2004-02-24,864.59,-653,26143,3804120
2004-02-25,866.87,-331,23613,3812590
2004-02-26,864.86,845,22315,3804050
2004-02-27,883.42,-175,25761,3888480
2004-03-02,899.21,5799,33728,3957680
2004-03-03,895.81,9348,33130,3941960
2004-03-04,907.43,2379,33366,3992750
2004-03-05,905.38,3329,31835,3983330
2004-03-08,900.1,1130,27296,3958560
2004-03-09,891.58,-1019,22640,3921420
2004-03-10,876.02,-244,24461,3854200
2004-03-11,869.93,-182,34230,3829150
2004-03-12,848.8,419,38196,3735820
2004-03-15,852.26,-465,19862,3750510
2004-03-16,850.13,-1421,22459,3738300
2004-03-17,872.38,580,25478,3836620
2004-03-18,872.82,1422,24398,3838430
2004-03-19,883.33,675,21814,3887160
2004-03-22,863.69,424,20398,3802160
2004-03-23,866.17,-925,21132,3813070
2004-03-24,861.72,550,18233,3793980
2004-03-25,853.38,51,22739,3756280
2004-03-26,863.95,905,25244,3804140
2004-03-29,874.67,671,19670,3852050
2004-03-30,873.46,1929,18708,3846480
2004-03-31,880.5,3406,22846,3877870
2004-04-01,882.75,1211,20741,3888070
2004-04-02,883.69,1704,24575,3891340
2004-04-06,906.19,7752,35021,3990650
2004-04-07,909.93,4979,30872,4015820
2004-04-08,916.86,2001,26383,4045420
2004-04-09,905.44,1167,20023,3995940
2004-04-12,918.86,923,23029,4056460
2004-04-13,917.63,2526,28281,4053670
2004-04-14,916.31,-407,28636,4047790
2004-04-16,898.88,6566,40174,3970120
2004-04-19,902.1,31,25556,3984380
2004-04-20,918.9,-615,28793,4058050
2004-04-21,929.95,3254,32676,4105820
2004-04-22,924.01,1246,32065,4079050
2004-04-23,936.06,384,32591,4133950
2004-04-26,919.74,140,26796,4064710
2004-04-27,915.47,-2108,26580,4045900
2004-04-28,901.83,-1057,25997,3983030
2004-04-29,875.41,-7733,34392,3899730
2004-04-30,862.84,-7134,36002,3843560
2004-05-03,866.11,-3533,21981,3857070
2004-05-04,867.48,-1564,27360,3866940
2004-05-06,837.68,-1811,30892,3733900
2004-05-07,838.74,-382,29917,3740600
2004-05-10,790.68,-322,30459,3528620
2004-05-11,791.02,-551,27210,3527670
2004-05-12,817.09,2354,27687,3646660
2004-05-13,790.13,1147,26154,3526120
2004-05-14,768.46,-31,31206,3428920
2004-05-17,728.98,-424,28498,3234970
2004-05-18,741.99,395,28268,3294180
2004-05-19,777.95,1710,27937,3455270
2004-05-20,767.79,3624,27242,3411830
2004-05-21,786.36,-569,19633,3492640
2004-05-24,799.64,2267,20155,3551610
2004-05-25,784.06,1463,19829,3479610
2004-05-27,802.46,1976,22988,3560950
2004-05-28,816.51,2495,23931,3622780
2004-05-31,803.84,230,17309,3566940
2004-06-01,815.77,1087,17741,3619750
2004-06-02,804.39,-920,18452,3568290
2004-06-03,770.06,-1216,26438,3416550
2004-06-04,780.74,-1037,20808,3462460
2004-06-07,809.45,508,21949,3588980
2004-06-08,809.31,1824,18838,3589030
2004-06-09,794.53,-219,21753,3523820
2004-06-10,782.3,-5519,27969,3469500
2004-06-11,751.53,-1050,26635,3333820
2004-06-14,738.79,1322,20301,3278670
2004-06-15,752.1,157,20794,3338850
2004-06-16,752.34,1236,19075,3340780
2004-06-17,760.09,1024,19425,3376750
2004-06-18,741.73,59,17535,3296480
2004-06-21,749.3,573,17147,3329950
2004-06-22,746.48,-825,15100,3317780
2004-06-23,738.93,861,19680,3286230
2004-06-24,763.13,778,21486,3392510
2004-06-25,779.03,2537,22896,3462410
2004-06-28,770.95,-247,16634,3425630
2004-06-29,778.72,-1332,15946,3459030
2004-06-30,785.79,509,20008,3492420
2004-07-01,778.03,257,18867,3457830
2004-07-02,755.42,-690,17743,3345660
2004-07-05,756.72,-124,15478,3351020
2004-07-06,758.47,161,14434,3358940
2004-07-07,761.88,-690,16878,3372710
2004-07-08,743.64,-453,21319,3291760
2004-07-09,747.46,-1110,16634,3310250
2004-07-12,746.27,1498,16808,3306140
2004-07-13,750.95,697,17312,3295680
2004-07-14,736.57,270,16718,3232420
2004-07-15,732.74,-1107,19308,3215360
2004-07-16,739.39,999,19729,3245440
2004-07-19,750.4,673,13368,3293450
2004-07-20,737,1383,14618,3237160
2004-07-21,753.32,1319,17405,3307930
2004-07-22,742.63,796,15654,3260810
2004-07-23,737.51,830,15016,3344760
2004-07-26,736.21,139,12262,3339200
2004-07-27,738.51,-464,12875,3348970
2004-07-28,744.42,1314,14860,3376390
2004-07-29,730.61,1,12780,3315140
2004-07-30,735.34,1121,13904,3337150
2004-08-02,719.59,1236,13345,3267090
2004-08-03,726.44,1291,12798,3298290
2004-08-04,729.41,193,14164,3310150
2004-08-05,743.35,1205,17743,3414470
2004-08-06,733.95,1207,14775,3372050
2004-08-09,742.13,-582,12237,3408280
2004-08-10,748.62,1382,17150,3438170
2004-08-11,753.06,2780,19491,3457080
2004-08-12,766.7,-66,18321,3517560
2004-08-13,776.02,1973,21566,3559540
2004-08-16,773.85,267,14898,3549640
2004-08-17,771.03,-715,15088,3536720
2004-08-18,773.19,-608,14563,3546630
2004-08-19,788.53,925,18138,3616370
2004-08-20,787.64,-691,13126,3611900
2004-08-23,787.65,-115,13649,3611780
2004-08-24,792.34,383,14512,3637770
2004-08-25,803.97,665,16221,3690610
2004-08-26,810.21,2114,17999,3719380
2004-08-27,810.3,29,18519,3720060
2004-08-30,805.19,563,14182,3696730
2004-08-31,803.57,-898,16564,3689310
2004-09-01,817.36,-347,19341,3752360
2004-09-02,823.83,1628,21752,3781440
2004-09-03,820.69,153,23204,3765360
2004-09-06,824.21,-1515,18750,3780780
2004-09-07,818.8,68,16032,3757040
2004-09-08,815.85,1119,17246,3743700
2004-09-09,821.88,6340,32278,3774350
2004-09-10,836.34,1074,23714,3845040
2004-09-13,851.91,1965,25302,3918410
2004-09-14,851.42,1301,24078,3911320
2004-09-15,850.63,-184,20967,3904960
2004-09-16,855.38,-1525,21867,3926700
2004-09-17,848.11,-413,20450,3895910
2004-09-20,856.87,-379,22325,3935270
2004-09-21,857.15,1622,21813,3938510
2004-09-22,835.1,-93,20158,3839050
2004-09-23,829.68,-997,17283,3813340
2004-09-24,832.1,-814,16081,3823430
2004-09-30,835.09,-1190,19191,3836560
2004-10-01,846.01,-1109,18695,3885340
2004-10-04,880.84,1869,26764,4044630
2004-10-05,884.84,1655,23352,4061550
2004-10-06,887.45,416,28045,4073290
2004-10-07,885.33,160,23901,4063600
2004-10-08,881.38,-975,32563,4044140
2004-10-11,881.11,-2279,23804,4040790
2004-10-12,858.09,-1639,30008,3934990
2004-10-13,856.18,-2333,24920,3926870
2004-10-14,846.63,-2014,23734,3885120
2004-10-15,841.94,-3751,23226,3865660
2004-10-18,848.27,-884,20814,3893120
2004-10-19,855.77,-826,20691,3930580
2004-10-20,828.61,-818,22364,3807990
2004-10-21,820.63,-364,22582,3773030
2004-10-22,828.17,-592,17680,3808090
2004-10-25,808.14,-877,19418,3718200
2004-10-26,813.7,-997,17234,3744080
2004-10-27,809.91,60,19105,3727190
2004-10-28,833.54,14,20026,3836240
2004-10-29,834.84,-106,19133,3844190
2004-11-01,835.66,327,13338,3846870
2004-11-02,846.67,-156,17964,3896650
2004-11-03,861.05,552,21099,3962960
2004-11-04,851.2,237,17387,3918080
2004-11-05,860.68,-80,20947,3957650
2004-11-08,846.11,360,17676,3891990
2004-11-09,844.15,-919,18547,3882680
2004-11-10,860.54,-1249,22100,3955500
2004-11-11,861.26,881,22099,3959670
2004-11-12,876.67,448,23783,4030870
2004-11-15,882.33,1683,19565,4056390
2004-11-16,876.61,138,18176,4029100
2004-11-17,885.42,-895,19508,4068140
2004-11-18,875.84,148,22179,4026130
2004-11-19,867.03,107,18628,3985510
2004-11-22,849.99,-1079,18556,3907690
2004-11-23,860.4,-1638,17508,3952990
2004-11-24,872.56,-507,19838,4007970
2004-11-25,872.49,-289,18986,4007460
2004-11-26,858.12,-383,24381,3942250
2004-11-29,865.4,-945,20155,3973660
2004-11-30,878.06,-43,23056,4031140
2004-12-01,876.8,-1445,18432,4025060
2004-12-02,884.1,-24,22681,4058070
2004-12-03,882.55,-1357,24158,4054000
2004-12-06,870.75,-76,16221,4000720
2004-12-07,861.07,-62,19371,3954980
2004-12-08,871.74,-1777,20019,4002520
2004-12-09,861.31,-4454,26106,3954810
2004-12-10,844.85,-2303,24420,3878650
2004-12-13,844.2,-2626,16656,3875190
2004-12-14,849.4,-504,17668,3900020
2004-12-15,868.84,686,21802,3991090
2004-12-16,873.7,2158,21664,4014290
2004-12-17,875.13,774,31788,4021100
2004-12-20,884.31,-51,18209,4061310
2004-12-21,882.82,105,19960,4055270
2004-12-22,883.38,242,21093,4058380
2004-12-23,876.88,-20,19469,4027910
2004-12-24,879.92,-25,17988,4048360
2004-12-27,876.98,-576,16708,4037580
2004-12-28,878.43,66,16764,4044680
2004-12-29,884.27,308,16987,4071130
2004-12-30,895.92,920,16937,4125880
2005-01-03,893.71,987,14668,4113690
2005-01-04,886.9,407,17888,4083280
2005-01-05,885.19,238,20629,4068610
2005-01-06,871.28,-11,24877,4016180
2005-01-07,870.84,181,19826,4017290
2005-01-10,874.18,440,16713,4033530
2005-01-11,884.29,-30,22117,4077630
2005-01-12,880.03,983,20969,4059370
2005-01-13,885.54,-271,20986,4085800
2005-01-14,905.1,1913,31143,4179190
2005-01-17,923.08,3277,32908,4262180
2005-01-18,920.57,1040,27470,4250330
2005-01-19,916.27,-254,24799,4230060
2005-01-20,909.37,-188,22472,4198750
2005-01-21,919.61,-1517,22781,4244910
2005-01-24,923.11,1236,23550,4263380
2005-01-25,915.1,424,23167,4227320
2005-01-26,927,703,28255,4281280
2005-01-27,924.87,251,27442,4271640
2005-01-28,921.59,-752,20323,4256300
2005-01-31,932.7,-471,21851,4306580
2005-02-01,923.69,1072,22856,4275390
2005-02-02,921.44,-330,23378,4265340
2005-02-03,928.79,406,23064,4300100
2005-02-04,933.55,-31,24835,4322890
2005-02-07,949.19,1801,27170,4395000
2005-02-11,947.23,1000,25443,4386690
2005-02-14,964.79,927,34576,4467620
2005-02-15,968.88,997,34094,4486530
2005-02-16,971.56,1230,34378,4498430
2005-02-17,972.56,506,33070,4513650
2005-02-18,984.1,459,34641,4567530
2005-02-21,988.71,1859,44428,4590020
2005-02-22,977.8,1283,36193,4540400
2005-02-23,968.43,-799,30737,4494840
2005-02-24,987.1,-86,32930,4581330
2005-02-25,996.95,1490,34299,4626490
2005-02-28,1011.36,2856,36992,4694240
2005-03-02,1007.48,385,46187,4675340
2005-03-03,1010.92,-1482,36945,4693120
2005-03-04,1012.96,-385,38203,4700100
2005-03-07,1007.5,-105,40243,4674720
2005-03-08,1000.28,-964,34157,4642180
2005-03-09,1008.79,-1414,34140,4680450
2005-03-10,998.66,-1637,39476,4636050
2005-03-11,1022.79,-1862,38585,4745810
2005-03-14,1019.69,-286,29139,4729950
2005-03-15,993.13,-62,38323,4609660
2005-03-16,993.13,-2038,33911,4609640
2005-03-17,980.05,-1401,31744,4549690
2005-03-18,979.72,-837,28538,4515640
2005-03-21,979.27,-349,24992,4513920
2005-03-22,980.41,-1193,23084,4551240
2005-03-23,966.81,-998,23604,4489790
2005-03-24,956.33,-2298,26581,4443360
2005-03-25,965.3,-603,17283,4485070
2005-03-28,977.7,-1139,20500,4542650
2005-03-29,958.96,-220,21763,4457080
2005-03-30,955.45,-2072,19854,4439650
2005-03-31,965.68,218,20279,4487280
2005-04-01,981.9,121,24397,4562960
2005-04-04,982.5,106,20199,4566360
2005-04-06,988,-345,24487,4591800
2005-04-07,988.9,26,26589,4595980
2005-04-08,992.17,332,25757,4612640
2005-04-11,985.94,-165,17532,4583440
2005-04-12,981.79,189,19166,4564000
2005-04-13,981.31,-405,18588,4561900
2005-04-14,953.92,883,25916,4437230
2005-04-15,947.22,127,25097,4403780
2005-04-18,925,-436,21726,4298240
2005-04-19,932.45,-444,19827,4331660
2005-04-20,937.36,735,22433,4353700
2005-04-21,939.14,-981,21984,4362760
2005-04-22,940.79,717,18647,4362300
2005-04-25,946.17,-463,16004,4386660
2005-04-26,944.46,543,17832,4379110
2005-04-27,930.16,-306,17856,4314540
2005-04-28,917.73,-1261,19401,4257000
2005-04-29,911.3,-861,21895,4226400
2005-05-02,918.42,75,13537,4258900
2005-05-03,913.82,1,15875,4237210
2005-05-04,929.35,-926,18376,4309230
2005-05-06,940.85,1332,21963,4363310
2005-05-09,935.2,1148,19121,4337100
2005-05-10,934.28,-58,17851,4333120
2005-05-11,923.38,424,16819,4283600
2005-05-12,921.21,-723,16775,4274160
2005-05-13,923.19,57,18521,4284080
2005-05-16,929.04,-196,18188,4313280
2005-05-17,927.16,121,16643,4305770
2005-05-18,930.36,-272,18325,4321180
2005-05-19,952.09,-109,24174,4420390
2005-05-20,952.19,1348,17337,4420540
2005-05-23,951.05,-511,14515,4415400
2005-05-24,951.61,-489,16725,4424100
2005-05-25,941.3,1034,18993,4375850
2005-05-26,943.91,-1474,15138,4386770
2005-05-27,960.91,-79,20875,4464780
2005-05-30,969.04,509,16517,4502990
2005-05-31,970.21,190,17753,4508190
2005-06-01,969.51,259,17364,4505230
2005-06-02,970.88,1636,20831,4511810
2005-06-03,976.09,1045,19826,4535630
2005-06-07,970.88,722,20894,4510320
2005-06-08,976.22,-760,24960,4533400
2005-06-09,987.58,-131,31875,4586080
2005-06-10,990.79,-271,27228,4604810
2005-06-13,990.49,315,21428,4603810
2005-06-14,983.75,-335,20716,4572870
2005-06-15,1001.94,-847,25877,4656490
2005-06-16,1003.14,-371,27980,4659170
2005-06-17,1003.68,17,25833,4660220
2005-06-20,994.65,115,21097,4618660
2005-06-21,989.99,-1561,23585,4598080
2005-06-22,1002.15,-1260,28603,4655710
2005-06-23,1010.8,908,28981,4695050
2005-06-24,1002.43,33,27074,4657100
2005-06-27,991.11,466,24114,4603420
2005-06-28,994.74,620,25439,4620770
2005-06-29,999.08,-559,24668,4641590
2005-06-30,1008.16,444,26235,4684100
2005-07-01,1018.02,1154,27439,4729230
2005-07-04,1021.71,1106,27038,4746800
2005-07-05,1018.81,1016,28013,4734720
2005-07-06,1019.01,746,32134,4736950
2005-07-07,1026.82,808,30468,4775660
2005-07-08,1021.95,1641,28124,4753980
2005-07-11,1040.43,1175,35192,4839700
2005-07-12,1043.88,3062,37589,4856860
2005-07-13,1050.16,742,30660,4887780
2005-07-14,1061.93,1689,37810,4940680
2005-07-15,1059.6,1364,31326,4928530
2005-07-18,1062.43,-1033,36722,4940880
2005-07-19,1075.48,-312,35233,5002480
2005-07-20,1074.4,1677,47637,4997980
2005-07-21,1074.65,455,36924,5000020
2005-07-22,1074.22,225,40545,4997780
2005-07-25,1089.7,-496,31494,5066800
2005-07-26,1090.6,695,34293,5070250
2005-07-27,1093.03,-114,36148,5082860
2005-07-28,1104.72,1157,39892,5152000
2005-07-29,1111.29,691,35846,5183570
2005-08-01,1115.98,790,30244,5205280
2005-08-02,1118.83,929,32588,5218590
2005-08-03,1117.11,213,46323,5211850
2005-08-04,1111.39,-427,40116,5185730
2005-08-05,1089.36,-467,30565,5083280
2005-08-08,1086.64,-865,23086,5070600
2005-08-09,1099.77,-1021,27914,5130030
2005-08-10,1104.86,665,29988,5154070
2005-08-11,1123.77,214,31647,5242240
2005-08-12,1130.22,139,32948,5273460
2005-08-16,1116.93,-510,30452,5211640
2005-08-17,1113.25,-1989,29618,5195370
2005-08-18,1092.71,-645,33790,5099760
2005-08-19,1089.88,-340,27717,5087640
2005-08-22,1116.68,-1448,26839,5211590
2005-08-23,1115.84,-3537,38977,5209210
2005-08-24,1094.21,-64,31789,5109550
2005-08-25,1097.29,-2528,29042,5123610
2005-08-26,1086.55,114,28285,5074010
2005-08-29,1063.16,868,24341,4964760
2005-08-30,1072.61,-372,24132,5007490
2005-08-31,1083.33,-194,23359,5057150
2005-09-01,1106.37,826,30065,5164820
2005-09-02,1115.83,1316,29067,5207760
2005-09-05,1114.5,335,21083,5201630
2005-09-06,1122.65,-869,31881,5241540
2005-09-07,1142.99,400,33646,5337500
2005-09-08,1145.26,22,39968,5347890
2005-09-09,1152.5,-1245,29927,5380730
2005-09-12,1158.36,1507,43285,5409850
2005-09-13,1158.12,755,35466,5412850
2005-09-14,1170.77,-1587,41852,5472590
2005-09-15,1169.59,-490,44652,5463630
2005-09-16,1174.13,-1246,35171,5483960
2005-09-20,1190.93,-582,42628,5564310
2005-09-21,1196.67,825,39659,5592920
2005-09-22,1199.97,-1213,40839,5605730
2005-09-23,1175.88,-2214,40859,5491970
2005-09-26,1206.41,-2764,37276,5633400
2005-09-27,1209.63,-545,39386,5647640
2005-09-28,1228.57,-406,43227,5738690
2005-09-29,1231.22,-429,39939,5750780
2005-09-30,1221.01,-318,40913,5705750
2005-10-04,1242.78,-2087,41434,5808230
2005-10-05,1227.4,-6,43761,5738530
2005-10-06,1202.49,-2087,42794,5623940
2005-10-07,1201.01,-4162,40482,5616320
2005-10-10,1227.18,-1168,36861,5741100
2005-10-11,1244.27,-644,36665,5819690
2005-10-12,1217.06,-471,47298,5693670
2005-10-13,1193.44,-883,50862,5585660
2005-10-14,1190.17,-2251,43841,5569720
2005-10-17,1176.36,-986,34011,5505510
2005-10-18,1186.22,-1977,37689,5551380
2005-10-19,1153.13,-2789,36441,5397770
2005-10-20,1162.23,-1458,34506,5439640
2005-10-21,1183.48,-2384,35792,5538480
2005-10-24,1184.6,-206,30215,5544500
2005-10-25,1181.28,-903,35079,5528780
2005-10-26,1179,-661,32417,5519780
2005-10-27,1166.36,69,43442,5463040
2005-10-28,1140.72,-559,29511,5344600
2005-10-31,1158.11,-876,26208,5427550
2005-11-01,1188.95,2515,42439,5567820
2005-11-02,1208.38,428,33062,5657850
2005-11-03,1217.97,1221,33955,5703450
2005-11-04,1221.98,795,36845,5724130
2005-11-07,1218.47,58,30607,5709850
2005-11-08,1226.71,-512,32583,5749110
2005-11-09,1227.59,-415,39094,5751890
2005-11-10,1234.43,-941,38964,5784730
2005-11-11,1256.12,336,45256,5887420
2005-11-14,1257.63,1862,39478,5896160
2005-11-15,1253.86,-776,35297,5878070
2005-11-16,1267.16,-608,43507,5940240
2005-11-17,1269.35,130,40377,5951660
2005-11-18,1272.25,1262,48234,5969150
2005-11-21,1268.8,146,42313,5953970
2005-11-22,1244.5,-1967,49209,5838560
2005-11-23,1282.02,-399,59250,6013340
2005-11-24,1291.71,575,53864,6055990
2005-11-25,1293.22,-1294,43173,6061710
2005-11-28,1293.74,-300,42128,6065750
2005-11-29,1279.38,-761,43805,6001100
2005-11-30,1297.44,-946,50210,6086560
2005-12-01,1305.98,-230,46606,6128170
2005-12-02,1310.12,3643,55325,6151080
2005-12-05,1315.15,1063,42423,6176140
2005-12-06,1321.06,615,48076,6205400
2005-12-07,1324.75,-215,57702,6231410
2005-12-08,1324.2,-1493,51868,6228940
2005-12-09,1317.42,-2447,41714,6197160
2005-12-12,1333.23,-2908,42906,6291200
2005-12-13,1336.48,-1239,44309,6312740
2005-12-14,1334.27,1221,48834,6301410
2005-12-15,1337.68,5100,61848,6315880
2005-12-16,1321.04,-1663,49588,6237550
2005-12-19,1339.4,-2874,42097,6332730
2005-12-20,1341,-1152,42078,6341690
2005-12-21,1354.16,-296,49369,6403850
2005-12-22,1350.87,-190,56998,6388770
2005-12-23,1359.53,-941,45916,6429300
2005-12-26,1367.57,-841,39703,6492620
2005-12-27,1373.55,17,42224,6520960
2005-12-28,1368.16,-1259,42007,6494630
2005-12-29,1379.37,405,53542,6550750
2006-01-02,1389.27,168,47885,6597390
2006-01-03,1394.87,-29,56604,6623330
2006-01-04,1402.11,1890,69592,6657770
2006-01-05,1395.51,876,68995,6624710
2006-01-06,1412.78,131,62153,6706130
2006-01-09,1408.33,-1495,61579,6685870
2006-01-10,1396.29,842,58485,6635130
2006-01-11,1394.09,-2160,53400,6625250
2006-01-12,1402.58,1636,56425,6666850
2006-01-13,1416.28,-390,53720,6731840
2006-01-16,1421.79,-851,52256,6761050
2006-01-17,1389.58,947,56027,6610670
2006-01-18,1352.91,-3137,68822,6435760
2006-01-19,1360.64,879,51538,6471860
2006-01-20,1324.78,4611,59679,6305370
2006-01-23,1297.43,1008,57619,6172200
2006-01-24,1326.83,3231,59744,6309930
2006-01-25,1342.59,6475,60671,6388030
2006-01-26,1352.75,2185,51173,6435310
2006-01-27,1384.56,1576,53855,6586060
2006-01-31,1399.83,3046,50422,6660330
2006-02-01,1375.97,1424,54443,6547540
2006-02-02,1374.44,-1453,52789,6537260
2006-02-03,1333.5,531,51934,6342200
2006-02-06,1341.64,-764,47507,6380310
2006-02-07,1332.28,-302,39986,6337000
2006-02-08,1310.99,-1494,42695,6233370
2006-02-09,1321.66,481,45406,6400560
2006-02-10,1335.23,-59,46465,6464670
2006-02-13,1320.79,656,40003,6397860
2006-02-14,1328.21,-3787,36149,6432380
2006-02-15,1303.84,-1350,55363,6330600
2006-02-16,1314.32,-225,41585,6381870
2006-02-17,1332.73,1836,37870,6475970
2006-02-20,1348.25,-1090,44096,6552620
2006-02-21,1346.49,-1539,37304,6542800
2006-02-22,1340.58,854,41135,6514150
2006-02-23,1361.23,136,42644,6619100
2006-02-24,1365.82,90,38942,6638690
2006-02-27,1374.88,817,33040,6680460
2006-02-28,1371.59,-22,33574,6663680
2006-03-02,1367.7,6782,45723,6646840
2006-03-03,1328.95,-1437,45972,6461440
2006-03-06,1344.76,-2219,35653,6537640
2006-03-07,1316.67,-1333,39489,6401210
2006-03-08,1314.05,-4790,41116,6386930
2006-03-09,1311.21,-3089,38179,6372980
2006-03-10,1320.07,302,32745,6416800
2006-03-13,1338.28,443,33040,6503560
2006-03-14,1326.3,2007,32441,6447280
2006-03-15,1333.98,-774,34085,6505480
2006-03-16,1335.98,1263,31330,6518030
2006-03-17,1341.12,-4,27469,6544140
2006-03-20,1346.69,-674,26117,6569810
2006-03-21,1336.65,839,26234,6520070
2006-03-22,1309.83,515,34124,6388820
2006-03-23,1312.26,1384,33957,6400060
2006-03-24,1321.23,421,33094,6442540
2006-03-27,1330.34,1246,32415,6485410
2006-03-28,1331.31,1165,29434,6491050
2006-03-29,1332.72,-853,29123,6498160
2006-03-30,1338.14,-390,27780,6524080
2006-03-31,1359.6,1137,37802,6629030
2006-04-03,1379.75,2434,38672,6728050
2006-04-04,1385.64,4979,43850,6764580
2006-04-05,1388.77,3233,39408,6782210
2006-04-06,1397,1239,40110,6820240
2006-04-07,1402.36,557,37406,6843680
2006-04-10,1398.29,-1308,32272,6821610
2006-04-11,1386.08,8922,42517,6762920
2006-04-12,1383.59,-1783,30696,6749150
2006-04-13,1405.72,-1799,39177,6854840
2006-04-14,1432.72,658,44426,6989770
2006-04-17,1422.63,550,34323,6941450
2006-04-18,1427,-1093,38416,6960930
2006-04-19,1437.84,3163,53555,7015180
2006-04-20,1434.15,-262,44485,6998380
2006-04-21,1451.31,1169,48706,7084240
2006-04-24,1430.94,109,40567,6985320
2006-04-25,1431.15,-4883,42351,6990420
2006-04-26,1451.22,-2584,38988,7086860
2006-04-27,1452.53,-6898,46566,7091090
2006-04-28,1419.73,-1744,45882,6931520
2006-05-02,1434.9,-1699,48401,7011230
2006-05-03,1435.17,-937,47221,7006680
2006-05-04,1441.02,-1116,41964,7036660
2006-05-08,1452.23,-46,42334,7090830
2006-05-09,1450.44,1367,39937,7082140
2006-05-10,1451.09,-262,36119,7084390
2006-05-11,1464.7,-3072,38797,7149440
2006-05-12,1445.2,-870,37559,7056550
2006-05-15,1413.98,-3147,39363,6906510
2006-05-16,1382.11,-3585,44391,6751190
2006-05-17,1401.47,-1023,38292,6843970
2006-05-18,1365.15,-4112,39112,6666340
2006-05-19,1372.29,-4699,34827,6699350
2006-05-22,1338.59,-999,32330,6534290
2006-05-23,1329.86,-6678,38005,6491210
2006-05-24,1333.38,-3764,37839,6507770
2006-05-25,1295.76,-2338,32357,6323170
2006-05-26,1322.43,-823,34555,6449060
2006-05-29,1329.22,1428,26571,6481370
2006-05-30,1317.7,1004,32920,6424240
2006-06-01,1295.09,600,33794,6315690
2006-06-02,1309.04,-488,33202,6382690
2006-06-05,1301.62,1005,26098,6349050
2006-06-07,1266.84,-2264,34012,6177630
2006-06-08,1223.13,-1431,41023,5966940
2006-06-09,1235.65,-5378,33405,6026190
2006-06-12,1239.84,-2466,27118,6046290
2006-06-13,1203.86,-1654,32240,5873010
2006-06-14,1221.73,-5095,32768,5958870
2006-06-15,1219.4,-1152,29091,5949640
2006-06-16,1262.19,-484,35704,6159690
2006-06-19,1251.67,-377,21987,6111000
2006-06-20,1225.83,-637,27539,5985040
2006-06-21,1227.19,-2008,23176,5990400
2006-06-22,1238.83,-145,32185,6046970
2006-06-23,1228.62,-1273,23608,5998900
2006-06-26,1238.05,-1832,33744,6045020
2006-06-27,1247.54,-458,27346,6091270
2006-06-28,1238.71,-1338,23687,6049360
2006-06-29,1263.02,-1835,29562,6173030
2006-06-30,1295.15,2011,36861,6331580
2006-07-03,1294.61,-30,25896,6342880
2006-07-04,1285.92,508,24915,6306020
2006-07-05,1279.85,-156,24032,6275690
2006-07-06,1263.96,-798,24822,6198700
2006-07-07,1273.93,563,25521,6246240
2006-07-10,1299.29,-2910,29858,6368320
2006-07-11,1300.44,-433,26678,6370620
2006-07-12,1296.69,-1723,29594,6352070
2006-07-13,1285.02,-688,28416,6291090
2006-07-14,1255.13,-975,28086,6144700
2006-07-18,1233.42,-877,24526,6039920
2006-07-19,1233.65,-1184,22345,6040790
2006-07-20,1273.3,-1197,29754,6235980
2006-07-21,1271.33,-671,20245,6229230
2006-07-24,1263.35,-2390,22013,6192260
2006-07-25,1279.77,-854,25910,6272980
2006-07-26,1279.08,-21,20279,6270570
2006-07-27,1296.27,-2331,29501,6353170
2006-07-28,1297.07,-793,23256,6355980
2006-07-31,1297.82,1126,26429,6362610
2006-08-01,1287.36,-1692,26717,6312160
2006-08-02,1295.11,-2155,24262,6351790
2006-08-03,1292.05,215,29618,6338450
2006-08-04,1304.51,-1344,24878,6398150
2006-08-07,1289.54,799,21193,6325670
2006-08-08,1311.1,-3022,24789,6429620
2006-08-09,1314.93,-854,26023,6448330
2006-08-10,1304.31,-891,30310,6398170
2006-08-11,1292.1,-2466,26265,6337400
2006-08-14,1295.11,-2594,21174,6350930
2006-08-16,1315.61,-1553,32906,6453370
2006-08-17,1327.78,400,35548,6515410
2006-08-18,1331.1,1441,31841,6533290
2006-08-21,1321.67,-478,23174,6487130
2006-08-22,1334.96,-3316,24921,6552480
2006-08-23,1324.95,-1558,24072,6502440
2006-08-24,1315.73,-2320,23154,6457410
2006-08-25,1329.35,-1633,25816,6523520
2006-08-28,1327.89,-39,22777,6527600
2006-08-29,1344.61,195,28796,6610060
2006-08-30,1341.35,-371,28003,6593610
2006-08-31,1352.74,-1235,33480,6648960
2006-09-01,1356.67,-1210,25910,6668680
2006-09-04,1359.06,1025,25855,6680510
2006-09-05,1361.24,918,23864,6690260
2006-09-06,1357.01,1359,26826,6669250
2006-09-07,1351.17,-2083,24758,6640690
2006-09-08,1354.89,-797,24605,6658080
2006-09-11,1334.08,-314,23495,6556020
2006-09-12,1328.04,-2906,24965,6528720
2006-09-13,1333.13,11,26877,6554690
2006-09-14,1358.75,-1995,40566,6679310
2006-09-15,1361.1,-2106,28791,6691750
2006-09-18,1374.3,-713,35868,6758280
2006-09-19,1373.95,658,28751,6756230
2006-09-20,1366.44,-3567,29397,6718870
2006-09-21,1366.79,-621,31395,6719780
2006-09-22,1348.38,-622,34137,6629110
2006-09-25,1355.21,-2951,26646,6662120
2006-09-26,1343.97,306,26474,6608660
2006-09-27,1360.03,131,31415,6687740
2006-09-28,1371.43,-285,30962,6743710
2006-09-29,1371.41,148,26758,6742700
2006-10-02,1374.22,-565,23572,6757020
2006-10-04,1352,995,29404,6649280
2006-10-09,1319.4,4777,45379,6488560
2006-10-10,1328.37,1194,27670,6531420
2006-10-11,1325.49,270,26096,6516890
2006-10-12,1331.78,-1365,28920,6547010
2006-10-13,1348.6,-349,30957,6628160
2006-10-16,1356.72,-340,28498,6667050
2006-10-17,1351.3,-303,25404,6642240
2006-10-18,1354.26,-1770,27792,6654090
2006-10-19,1354.06,-487,28687,6651110
2006-10-20,1364.24,-1763,31867,6698570
2006-10-23,1364.95,-3605,28658,6703200
2006-10-24,1366.5,35,30186,6709890
2006-10-25,1371.43,-2,27800,6733350
2006-10-26,1373.65,574,30151,6744640
2006-10-27,1369.09,-1196,30293,6721090
2006-10-30,1356.11,-1136,22902,6657750
2006-10-31,1364.55,-1415,29069,6699260
2006-11-01,1374.35,-2041,29108,6747190
2006-11-02,1383.73,-1674,28198,6792530
2006-11-03,1383.88,-2143,29002,6792270
2006-11-06,1379.19,-1803,25645,6767820
2006-11-07,1387.44,-808,29636,6809730
2006-11-08,1380.07,-235,26804,6776210
2006-11-09,1399.44,-403,31770,6871000
2006-11-10,1395.73,-907,25230,6854750
2006-11-13,1396.69,-801,25421,6862600
2006-11-14,1407.37,599,30265,6916540
2006-11-15,1412.54,1791,33197,6944180
2006-11-16,1410.75,1064,29856,6936590
2006-11-17,1412.22,-775,26333,6942450
2006-11-20,1402.21,-52,28311,6894690
2006-11-21,1405.9,-2143,35428,6905430
2006-11-22,1422.54,-948,30293,6987200
2006-11-23,1419.23,-827,31157,6970300
2006-11-24,1421.73,-1181,32654,6982310
2006-11-27,1425.13,-910,30017,6998520
2006-11-28,1411.47,-1356,30187,6932050
2006-11-29,1422.55,-1430,35557,6986210
2006-11-30,1432.21,987,32605,7032520
2006-12-01,1434.36,459,28605,7042940
2006-12-04,1426.46,-837,27344,7004460
2006-12-05,1420.59,794,38477,6975610
2006-12-06,1413.73,171,29729,6939580
2006-12-07,1410.3,-654,28440,6921040
2006-12-08,1390.43,-1690,29228,6823290
2006-12-11,1390.73,-290,22585,6823850
2006-12-12,1376.98,1461,25362,6759930
2006-12-13,1383.28,2,25378,6791390
2006-12-14,1418.38,7779,46104,6961080
2006-12-15,1421.87,-394,29612,6977070
2006-12-18,1433.23,274,27787,7031840
2006-12-19,1427.76,-623,26083,7005430
2006-12-20,1442.28,-172,30079,7076600
2006-12-21,1436.47,1136,26267,7047930
2006-12-22,1437.49,1222,25783,7052110
2006-12-26,1433.92,1587,25857,7039460
2006-12-27,1425.1,147,18094,7000190
2006-12-28,1434.46,-246,19681,7045880
2007-01-02,1435.26,192,20370,7053320
2007-01-03,1409.35,-573,26116,6926750
2007-01-04,1397.29,-915,29671,6867780
2007-01-05,1385.76,-180,33950,6811850
2007-01-08,1370.81,-2317,25552,6738400
2007-01-09,1374.34,-98,24732,6754060
2007-01-10,1355.79,-565,29121,6659640
2007-01-11,1365.31,-265,26894,6704470
2007-01-12,1388.37,706,31850,6821830
2007-01-15,1390.96,3265,24628,6835980
2007-01-16,1389.71,-521,21889,6829880
2007-01-17,1379.48,1661,26744,6780100
2007-01-18,1383.21,-457,25997,6796060
2007-01-19,1360.56,940,30088,6685560
2007-01-22,1363.41,-399,24768,6701130
2007-01-23,1363.09,484,24172,6701090
2007-01-24,1383.06,487,27044,6799130
2007-01-25,1382.36,754,21878,6796990
2007-01-26,1371.33,-567,24672,6741890
2007-01-29,1363.1,-557,22536,6700150
2007-01-30,1370.72,-1027,22693,6735640
2007-01-31,1360.23,457,22784,6686400
2007-02-01,1382.9,89,28603,6796250
2007-02-02,1413.14,3527,41691,6947150
2007-02-05,1417.95,2784,31084,6967180
2007-02-06,1428.58,1131,29546,7016600
2007-02-07,1426.29,966,29588,7004750
2007-02-08,1423.58,-2084,28559,6990340
2007-02-09,1427.68,-1053,27413,7010720
2007-02-12,1414.29,-1193,28198,6943740
2007-02-13,1418.44,-1865,29196,6961990
2007-02-14,1436.1,-126,35801,7048710
2007-02-15,1443.63,2515,35035,7086990
2007-02-16,1448.81,1898,36348,7117180
2007-02-20,1452.96,1487,25296,7141200
2007-02-21,1451.38,742,32069,7134160
2007-02-22,1465.41,277,36838,7200090
2007-02-23,1469.88,4549,52685,7219150
2007-02-26,1470.03,1664,33412,7217590
2007-02-27,1454.6,252,31390,7141940
2007-02-28,1417.34,-3109,44439,6960400
2007-03-02,1414.47,-1557,35112,6949120
2007-03-05,1376.15,-2870,32780,6761860
2007-03-06,1402.93,-2631,30097,6893740
2007-03-07,1410.95,561,32035,6931440
2007-03-08,1423.89,-2824,33632,6994080
2007-03-09,1423.58,435,31115,6992960
2007-03-12,1441.33,668,29685,7082460
2007-03-13,1436.05,559,29246,7055170
2007-03-14,1407.37,-2307,30306,6914700
2007-03-15,1426.93,-1590,27431,7008780
2007-03-16,1427.88,-352,25432,7013470
2007-03-19,1443.39,-1866,28463,7087290
2007-03-20,1444.17,172,33906,7092340
2007-03-21,1442.85,380,30002,7084380
2007-03-22,1448.53,697,36350,7115710
2007-03-23,1447.38,845,29508,7109360
2007-03-26,1449.77,380,31186,7121390
2007-03-27,1453.23,-385,31183,7137290
2007-03-28,1439.74,528,35755,7072800
2007-03-29,1450.95,-615,34961,7127730
2007-03-30,1452.55,935,33133,7132930
2007-04-02,1459.53,-1048,35465,7169500
2007-04-03,1463.75,837,37572,7191280
2007-04-04,1483.41,4107,46408,7290110
2007-04-05,1482.04,2399,32556,7285560
2007-04-06,1484.15,1806,33895,7293260
2007-04-09,1501.06,1670,41866,7377090
2007-04-10,1499.16,1304,40596,7368720
2007-04-11,1513.42,2128,52664,7441520
2007-04-12,1525.61,-803,46152,7498030
2007-04-13,1520.78,4023,45325,7473640
2007-04-16,1532.04,808,41980,7529570
2007-04-17,1528.66,2448,45242,7512980
2007-04-18,1534.58,950,42645,7540730
2007-04-19,1513.66,697,44783,7436830
2007-04-20,1533.08,547,44046,7530500
2007-04-23,1544.35,3055,49141,7584390
2007-04-24,1556.71,1509,54555,7642900
2007-04-25,1545.55,-638,66278,7587430
2007-04-26,1553.13,-765,52639,7627250
2007-04-27,1542.52,1803,45717,7574140
2007-04-30,1542.24,579,39657,7572870
2007-05-02,1553.3,-179,37330,7626680
2007-05-03,1559.86,-674,37539,7660020
2007-05-04,1567.74,-618,39352,7698540
2007-05-07,1584.46,-1194,50462,7781640
2007-05-08,1582.65,1481,52641,7772970
2007-05-09,1593.42,-1984,43519,7825370
2007-05-10,1599.68,1148,55426,7854640
2007-05-11,1603.56,-15,47912,7873380
2007-05-14,1605.77,70,51085,7884610
2007-05-15,1589.37,211,46554,7805890
2007-05-16,1600.6,-741,44483,7863630
2007-05-17,1615.58,883,47377,7937370
2007-05-18,1612.25,18,44779,7920890
2007-05-21,1628.2,-1407,52389,7998490
2007-05-22,1642.88,4662,64659,8075190
2007-05-23,1646.59,820,52012,8092660
2007-05-25,1644.56,-1365,45857,8081540
2007-05-28,1657.91,-81,45545,8145120
2007-05-29,1661.8,1244,56778,8161920
2007-05-30,1662.72,314,66909,8162920
2007-05-31,1700.91,-153,80146,8351190
2007-06-01,1716.24,110,93091,8428990
2007-06-04,1737.59,1946,78807,8534490
2007-06-05,1742.19,-489,69748,8556680
2007-06-07,1753.04,-3696,72665,8610580
2007-06-08,1727.28,-4399,78858,8487200
2007-06-11,1716.56,-998,69932,8435330
2007-06-12,1729.88,-3024,63567,8500020
2007-06-13,1721.99,-3193,72801,8463410
2007-06-14,1769.18,-4545,86195,8696440
2007-06-15,1772.26,761,79556,8711160
2007-06-18,1806.88,-3558,84590,8882020
2007-06-19,1807.85,-1819,86724,8885500
2007-06-20,1783.79,-3190,95985,8767540
2007-06-21,1794.24,1013,86491,8818340
2007-06-22,1770.98,-1130,79408,8706720
2007-06-25,1757.73,-2267,57999,8643060
2007-06-26,1749.55,-3235,53204,8601230
2007-06-27,1733.1,-1665,52552,8586680
2007-06-28,1751.75,-860,47283,8674950
2007-06-29,1743.6,-1118,53903,8635400
2007-07-02,1771.35,-1011,46491,8769850
2007-07-03,1805.5,685,69924,8936680
2007-07-04,1838.41,485,74814,9097830
2007-07-05,1847.79,1685,83601,9146010
2007-07-06,1861.01,-186,72221,9216880
2007-07-09,1883.59,897,71225,9333030
2007-07-10,1894.53,-796,64997,9382150
2007-07-11,1889.96,-1957,64251,9359960
2007-07-12,1909.75,858,70694,9458550
2007-07-13,1962.93,-920,94442,9724330
2007-07-16,1949.51,-6434,78975,9653720
2007-07-18,1930.7,-5940,85638,9558750
2007-07-19,1937.9,-4517,70643,9590780
2007-07-20,1983.54,-749,81731,9816770
2007-07-23,1993.05,-2760,81160,9864040
2007-07-24,1992.26,-552,83414,9858570
2007-07-25,2004.22,-6665,87338,9965200
2007-07-26,1963.54,-5176,93244,9762760
2007-07-27,1883.22,-8447,92650,9366950
2007-07-30,1906.71,-5594,67093,9482290
2007-07-31,1933.27,-1368,67634,9612060
2007-08-01,1856.45,-5273,81523,9231830
2007-08-02,1853.07,-4668,69019,9215010
2007-08-03,1876.8,-2481,58836,9334950
2007-08-06,1855.05,-4847,51055,9222890
2007-08-07,1859.82,-4679,51576,9247490
2007-08-08,1903.41,-4543,63828,9462930
2007-08-09,1908.68,546,68703,9490360
2007-08-10,1828.49,-5267,71472,9093500
2007-08-13,1849.26,-4635,50383,9195500
2007-08-14,1817.89,-2273,57474,9042140
2007-08-16,1691.98,-10326,84535,8415350
2007-08-17,1638.07,-8729,73841,8151880
2007-08-20,1731.27,-3796,61006,8613080
2007-08-21,1736.18,-3047,56167,8641150
2007-08-22,1759.5,-4846,51387,8755660
2007-08-23,1799.72,-1028,59986,8954790
2007-08-24,1791.33,-2212,49430,8913220
2007-08-27,1803.03,691,50816,8969220
2007-08-28,1829.31,-3122,58096,9100590
2007-08-29,1826.19,-6912,70880,9081780
2007-08-30,1841.7,-3380,59336,9160380
2007-08-31,1873.24,-2211,62338,9320950
2007-09-03,1881.81,-546,49965,9364330
2007-09-04,1874.74,-631,55551,9331300
2007-09-05,1865.59,2796,57215,9287130
2007-09-06,1888.81,-3996,53931,9399770
2007-09-07,1884.9,1258,53897,9379780
2007-09-10,1835.87,-1692,48456,9138910
2007-09-11,1847.36,-2448,48770,9196360
2007-09-12,1813.52,15,50627,9029850
2007-09-13,1848.02,-3863,58213,9200320
2007-09-14,1870.02,-2620,55208,9306640
2007-09-17,1871.68,-1285,43927,9313630
2007-09-18,1838.61,-1362,49542,9151750
2007-09-19,1902.65,-3452,73141,9467720
2007-09-20,1908.97,1916,65289,9498160
2007-09-21,1919.26,-2003,62786,9587860
2007-09-27,1945.28,-920,72295,9719050
2007-09-28,1946.48,-131,64994,9740210
2007-10-01,1962.67,-632,56346,9818460
2007-10-02,2014.09,6072,82453,10072590
2007-10-04,2003.6,-3362,84222,10018140
2007-10-05,1996.03,1403,66847,9981430
2007-10-08,2012.82,2452,79271,10064080
2007-10-09,2014.13,-1850,75024,10068370
2007-10-10,2041.12,200,73594,10154080
2007-10-11,2058.85,16448,105598,10241580
2007-10-12,2026.44,-645,92105,10084200
2007-10-15,2035.39,-2237,75813,10126780
2007-10-16,2005.76,-4244,105591,9977500
2007-10-17,1983.94,-4511,92244,9872950
2007-10-18,2005.09,-2516,88256,9977080
2007-10-19,1970.1,-1542,74866,9806620
2007-10-22,1903.81,-1403,70922,9480310
2007-10-23,1947.98,-3307,72926,9707140
2007-10-24,1933.36,1954,92595,9634370
2007-10-25,1976.75,-368,82221,9850300
2007-10-26,2028.06,-2773,92884,10107250
2007-10-29,2062.92,961,91732,10280270
2007-10-30,2052.37,1078,78291,10230750
2007-10-31,2064.85,-1986,78211,10292740
2007-11-01,2063.14,528,89358,10285960
2007-11-02,2019.34,-2040,89075,10068950
2007-11-05,2015.76,-1425,73290,10050710
2007-11-06,2054.24,-5869,74736,10242730
2007-11-07,2043.19,91,87240,10193010
2007-11-08,1979.56,-3798,86141,9904190
2007-11-09,1990.47,-8525,89053,9957720
2007-11-12,1923.42,-2745,70303,9630780
2007-11-13,1932.89,-8799,74294,9675150
2007-11-14,1972.58,-6456,79350,9871650
2007-11-15,1947.74,-4778,79993,9746110
2007-11-16,1926.2,-4698,64353,9637230
2007-11-19,1893.47,-2249,51753,9475410
2007-11-20,1872.24,-7105,62685,9369410
2007-11-21,1806.99,-468,64277,9045710
2007-11-22,1799.02,-5662,60559,9008340
2007-11-23,1772.88,-780,76501,8883380
2007-11-26,1855.33,671,63425,9290730
2007-11-27,1859.79,-2438,74661,9309820
2007-11-28,1834.69,-889,60693,9185320
2007-11-29,1877.56,-395,64861,9402230
2007-11-30,1906,413,67353,9538270
2007-12-03,1902.43,43,48720,9519580
2007-12-04,1917.83,-2637,51334,9598780
2007-12-05,1938.2,-2063,53611,9702180
2007-12-06,1953.17,1145,69754,9783720
2007-12-07,1934.32,2978,62039,9685000
2007-12-10,1906.42,-277,54627,9549390
2007-12-11,1925.07,-1597,48753,9641530
2007-12-12,1927.45,-4105,56691,9651070
2007-12-13,1915.9,-243,71244,9594720
2007-12-14,1895.05,-4761,53235,9498940
2007-12-17,1839.82,-2444,48143,9227810
2007-12-18,1861.47,-6259,53192,9338060
2007-12-20,1844.37,-1351,58938,9252850
2007-12-21,1878.32,-2954,56446,9422250
2007-12-24,1919.47,3096,51922,9632190
2007-12-26,1906.72,-166,39011,9569940
2007-12-27,1908.62,305,38687,9574820
2007-12-28,1897.13,228,36825,9519050
2008-01-02,1853.45,695,45365,9299760
2008-01-03,1852.73,-3196,45340,9295490
2008-01-04,1863.9,-990,56520,9348540
2008-01-07,1831.14,-5022,53034,9183620
2008-01-08,1826.23,-3696,53568,9157510
2008-01-09,1844.47,-3790,53235,9247050
2008-01-10,1824.78,-780,54358,9147580
2008-01-11,1782.27,-1425,51832,8937240
2008-01-14,1765.88,-5475,45928,8857840
2008-01-15,1746.95,-3471,56653,8766230
2008-01-16,1704.97,-10172,56140,8560180
2008-01-17,1723.55,-7002,61292,8656970
2008-01-18,1734.72,-10092,60289,8711600
2008-01-21,1683.56,-4070,56989,8457480
2008-01-22,1609.02,-8321,69507,8092050
2008-01-23,1628.42,-5726,58625,8186720
2008-01-24,1663,-4074,53953,8360100
2008-01-25,1692.41,-939,55639,8505720
2008-01-28,1627.19,-2688,45474,8178600
2008-01-29,1637.91,-4136,52162,8235080
2008-01-30,1589.06,-906,63635,7993070
2008-01-31,1624.68,-173,61873,8174290
2008-02-01,1634.53,776,51397,8222520
2008-02-04,1690.13,2657,61296,8503450
2008-02-05,1696.57,-1670,41273,8536770
2008-02-11,1640.67,-5008,42183,8255060
2008-02-12,1643.29,-4279,42035,8266990
2008-02-13,1631.78,-2581,42494,8207900
2008-02-14,1697.45,-2506,60025,8532340
2008-02-15,1694.77,-805,53187,8517210
2008-02-18,1696.24,-1526,44303,8522990
2008-02-19,1720.52,-1745,47389,8645780
2008-02-20,1687.91,632,49650,8484140
2008-02-21,1704.36,-2390,44539,8568780
2008-02-22,1686.45,-2402,38528,8482020
2008-02-25,1709.13,-2582,41043,8592890
2008-02-26,1709.13,1516,46381,8590630
2008-02-27,1720.89,564,50320,8647950
2008-02-28,1736.17,1473,44595,8724830
2008-02-29,1711.62,-244,43311,8602190
2008-03-03,1671.73,-2386,42107,8404460
2008-03-04,1676.18,-3431,38457,8424640
2008-03-05,1677.1,-3235,40872,8429940
2008-03-06,1697.44,-1503,51514,8531620
2008-03-07,1663.97,-3387,44305,8363280
2008-03-10,1625.17,-2566,44274,8172040
2008-03-11,1641.48,-4324,47532,8254830
2008-03-12,1658.83,-1172,52103,8340890
2008-03-13,1615.62,2586,64031,8127680
2008-03-14,1600.26,-2838,54361,8054480
2008-03-17,1574.44,-6434,54204,7927880
2008-03-18,1588.75,-4182,47057,7997910
2008-03-19,1622.23,5342,52273,8167910
2008-03-20,1623.39,-702,43852,8176800
2008-03-21,1645.69,790,44960,8313500
2008-03-24,1655.3,436,38828,8357420
2008-03-25,1674.93,4484,55716,8455190
2008-03-26,1679.67,991,48644,8478190
2008-03-27,1676.24,-2173,44119,8463310
2008-03-28,1701.83,1410,55440,8603140
2008-03-31,1703.99,2017,47289,8614360
2008-04-01,1702.25,270,58136,8606800
2008-04-02,1742.19,2387,72983,8810350
2008-04-03,1763.63,-161,59813,8918290
2008-04-04,1766.49,792,54506,8932980
2008-04-07,1773.56,-1663,55409,8967660
2008-04-08,1754.71,706,48379,8872510
2008-04-10,1764.64,-4392,52761,8926680
2008-04-11,1779.71,-5066,57739,9005020
2008-04-14,1746.71,-1044,48778,8839460
2008-04-15,1742.17,-3727,48767,8813710
2008-04-16,1758.56,-2543,52206,8895160
2008-04-17,1768.67,1577,55643,8946320
2008-04-18,1771.9,-2790,55370,8962250
2008-04-21,1800.48,3270,57526,9131560
2008-04-22,1787.49,302,62219,9069850
2008-04-23,1800.79,-1965,66429,9133850
2008-04-24,1799.34,1242,64534,9129290
2008-04-25,1824.68,972,65636,9260310
2008-04-28,1823.17,2843,63619,9255830
2008-04-29,1811.51,589,50736,9197150
2008-04-30,1825.47,-3157,52732,9267300
2008-05-02,1848.27,1213,60500,9383430
2008-05-06,1859.06,-325,59480,9438670
2008-05-07,1854.01,-228,66999,9412770
2008-05-08,1848,-3341,61513,9381220
2008-05-09,1823.7,1254,58862,9257530
2008-05-13,1842.8,529,57675,9355770
2008-05-14,1843.75,-22,58282,9359520
2008-05-15,1885.71,3269,73612,9571490
2008-05-16,1888.88,4463,69224,9586380
2008-05-19,1885.37,-570,70044,9564910
2008-05-20,1873.15,-1989,62900,9501550
2008-05-21,1847.51,1391,62911,9373460
2008-05-22,1835.42,-1808,56827,9314020
2008-05-23,1827.94,281,47619,9274230
2008-05-26,1800.58,-1323,53442,9132590
2008-05-27,1825.23,-205,47003,9258320
2008-05-28,1805.64,3533,52487,9158860
2008-05-29,1841.22,759,51822,9344340
2008-05-30,1852.02,2340,62354,9402020
2008-06-02,1847.53,1155,45236,9377530
2008-06-03,1819.39,-1677,48605,9236470
2008-06-04,1833.81,-2172,42546,9308820
2008-06-05,1832.31,1221,49666,9302850
2008-06-09,1808.96,-1599,49840,9180780
2008-06-10,1774.38,-2771,53871,9002320
2008-06-11,1781.67,-3074,50283,9044890
2008-06-12,1739.36,-9731,68407,8832030
2008-06-13,1747.35,-3434,55229,8873470
2008-06-16,1760.82,-634,46982,8942400
2008-06-17,1750.71,-1979,48926,8891700
2008-06-18,1774.13,-2169,43646,9009220
2008-06-19,1740.72,-2596,47283,8838180
2008-06-20,1731,-1882,43059,8790590
2008-06-23,1715.59,-4019,37686,8710650
2008-06-24,1710.84,-3689,39916,8686440
2008-06-25,1717.79,-3026,42105,8720310
2008-06-26,1717.66,-204,39786,8722120
2008-06-27,1684.45,-4109,41137,8555230
2008-06-30,1674.92,-1506,38951,8508700
2008-07-01,1666.46,-1482,43184,8467830
2008-07-02,1623.6,-4209,53280,8249310
2008-07-03,1606.54,-4435,58084,8163610
2008-07-04,1577.94,-2661,41172,8021240
2008-07-07,1579.72,-1159,42088,8030010
2008-07-08,1533.47,-2634,53495,7796000
2008-07-09,1519.38,-1814,52633,7726420
2008-07-10,1537.43,-2609,62805,7812130
2008-07-11,1567.51,-3299,51175,7963940
2008-07-14,1558.62,-2263,38349,7918230
2008-07-15,1509.33,-2436,46844,7669060
2008-07-16,1507.4,-4366,49917,7659620
2008-07-17,1525.56,-1365,45897,7754820
2008-07-18,1509.99,-1815,41282,7676470
2008-07-21,1562.92,-2044,51397,7944720
2008-07-22,1561.23,-2007,34538,7934770
2008-07-23,1591.76,-2814,55083,8087610
2008-07-24,1626.14,1644,59266,8267390
2008-07-25,1597.93,-1817,43713,8118650
2008-07-28,1598.29,-2603,39877,8117520
2008-07-29,1567.2,-1512,41836,7958330
2008-07-30,1577.7,-2563,47524,8010840
2008-07-31,1594.67,860,42128,8098170
2008-08-01,1573.77,-1150,33259,7992700
2008-08-04,1543.05,-967,42141,7839950
2008-08-05,1535.54,-5726,52261,7803860
2008-08-06,1578.71,-782,46662,8023420
2008-08-07,1564,337,40451,7948770
2008-08-08,1568.72,-392,37843,7975230
2008-08-11,1581.09,-1196,43564,8039310
2008-08-12,1577.12,1608,43311,8022190
2008-08-13,1562.72,-61,33600,7949250
2008-08-14,1572.19,627,37225,7996210
2008-08-18,1567.71,34,34512,7973930
2008-08-19,1541.41,-3666,33962,7840070
2008-08-20,1540.71,-4335,37095,7834650
2008-08-21,1512.59,-1568,38472,7691660
2008-08-22,1496.91,-2737,37288,7615430
2008-08-25,1502.11,-997,29103,7641750
2008-08-26,1490.25,-3271,32136,7580160
2008-08-27,1493.92,-2862,38585,7597330
2008-08-28,1474.15,-553,33129,7498400
2008-08-29,1474.24,-2395,42112,7497080
2008-09-01,1414.43,-264,51069,7194630
2008-09-02,1407.14,-2509,55323,7158570
2008-09-03,1426.89,-92,52160,7259340
2008-09-04,1426.43,-3022,48333,7256930
2008-09-05,1404.38,-2547,42609,7148180
2008-09-08,1476.65,97,63131,7514770
2008-09-09,1454.5,-2083,47719,7401550
2008-09-10,1464.98,-5507,55563,7453050
2008-09-11,1443.24,1080,62185,7346540
2008-09-12,1477.92,-3925,48588,7520290
2008-09-16,1387.75,-6040,64799,7062310
2008-09-17,1425.26,1158,59577,7252400
2008-09-18,1392.42,-4993,58472,7085160
2008-09-19,1455.78,2475,79577,7408520
2008-09-22,1460.34,2147,62296,7430050
2008-09-23,1481.37,-2805,51942,7536920
2008-09-24,1495.98,448,58507,7608320
2008-09-25,1501.63,-2333,48642,7636000
2008-09-26,1476.33,-1682,45526,7508530
2008-09-29,1456.36,4725,53875,7409330
2008-09-30,1448.06,-1032,56883,7366570
2008-10-01,1439.67,-1058,41792,7323430
2008-10-02,1419.65,-3236,43175,7219940
2008-10-06,1358.75,-2495,49554,6907900
2008-10-07,1366.1,-1067,47604,6948720
2008-10-08,1286.69,-462,50945,6547430
2008-10-09,1294.89,-824,56335,6587470
2008-10-10,1241.47,-4036,64014,6309800
2008-10-13,1288.53,-5197,55845,6544200
2008-10-14,1367.69,1382,70101,6944810
2008-10-15,1340.28,-4442,49259,6805440
2008-10-16,1213.78,-6204,61674,6164800
2008-10-17,1180.67,-4971,65461,5996930
2008-10-20,1207.63,-3474,56747,6130690
2008-10-21,1196.1,-126,47633,6074230
2008-10-22,1134.59,-3563,52501,5763640
2008-10-23,1049.71,-1005,53614,5335880
2008-10-24,938.75,-2781,54598,4773240
2008-10-27,946.45,-3186,58719,4811830
2008-10-28,999.16,-2821,62961,5078420
2008-10-29,968.97,88,82900,4929250
2008-10-30,1084.72,216,74045,5519380
2008-10-31,1113.06,3229,91473,5664380
2008-11-03,1129.08,-456,71820,5745110
2008-11-04,1153.35,-4496,67983,5866890
2008-11-05,1181.5,675,79659,6007430
2008-11-06,1092.22,-2815,53636,5558200
2008-11-07,1134.49,-291,69296,5772710
2008-11-10,1152.46,91,73725,5855790
2008-11-11,1128.73,-986,58318,5735310
2008-11-12,1123.86,-1786,50518,5710440
2008-11-13,1088.44,-3615,53514,5534170
2008-11-14,1088.26,-1396,50685,5529460
2008-11-17,1078.32,-1042,48463,5478010
2008-11-18,1036.16,-1669,41348,5266830
2008-11-19,1016.82,-2427,42184,5169110
2008-11-20,948.69,-901,39564,4826850
2008-11-21,1003.73,77,50927,5105500
2008-11-24,970.14,-834,47790,4934880
2008-11-25,983.32,-567,54255,5000550
2008-11-26,1029.78,1218,51553,5233450
2008-11-27,1063.48,1913,59762,5411760
2008-11-28,1076.07,2765,51862,5541230
2008-12-01,1058.62,331,46728,5443180
2008-12-02,1023.2,-91,40939,5261730
2008-12-03,1022.67,-1444,53104,5257590
2008-12-04,1006.54,-100,44499,5176460
2008-12-05,1028.13,-48,36685,5284050
2008-12-08,1105.05,1179,65204,5675600
2008-12-09,1105.84,2005,60631,5681290
2008-12-10,1145.87,3393,75355,5886040
2008-12-11,1154.43,-1167,81456,5926820
2008-12-12,1103.82,109,67497,5670480
2008-12-15,1158.19,1018,58501,5946630
2008-12-16,1161.56,-609,68185,5960160
2008-12-17,1169.75,1317,65779,6003040
2008-12-18,1175.91,100,59048,6033400
2008-12-19,1180.97,2379,54014,6062390
2008-12-22,1179.61,195,53414,6056890
2008-12-23,1144.31,-634,41083,5876720
2008-12-24,1128.51,-1004,35088,5796350
2008-12-26,1117.86,-539,30783,5745060
2008-12-29,1117.59,452,26155,5737290
2008-12-30,1124.47,1935,32697,5769280
2009-01-02,1157.4,650,40433,5938830
2009-01-05,1173.57,3338,52886,6022690
2009-01-06,1194.28,3710,56088,6132190
2009-01-07,1228.17,5616,76508,6309630
2009-01-08,1205.7,-1319,58263,6191930
2009-01-09,1180.96,-855,53284,6070780
2009-01-12,1156.75,-1002,38964,5947560
2009-01-13,1167.71,302,41023,6002870
2009-01-14,1182.68,98,39638,6077730
2009-01-15,1111.34,-1826,45688,5711310
2009-01-16,1135.2,-3075,40843,5835050
2009-01-19,1150.65,1640,45079,5912490
2009-01-20,1126.81,-629,38042,5791150
2009-01-21,1103.61,-2429,41450,5673020
2009-01-22,1116.23,-640,42815,5736220
2009-01-23,1093.4,-1481,35585,5618380
2009-01-28,1157.98,1419,46045,5952240
2009-01-29,1166.56,3783,48710,5996830
2009-01-30,1162.11,392,39750,5981420
2009-02-02,1146.95,2295,44782,5901170
2009-02-03,1163.2,2351,44086,5985910
2009-02-04,1195.37,2208,57605,6152030
2009-02-05,1177.88,2712,53380,6062910
2009-02-06,1210.26,983,57726,6230720
2009-02-09,1202.69,491,49547,6190630
2009-02-10,1198.87,-2129,41529,6171190
2009-02-11,1190.18,-1063,43090,6127400
2009-02-12,1179.84,-2043,48557,6076170
2009-02-13,1192.44,-1213,42282,6139010
2009-02-16,1175.47,-135,41651,6053370
2009-02-17,1127.19,-1776,47348,5802140
2009-02-18,1113.19,-1716,46812,5731510
2009-02-19,1107.1,-1358,46679,5700210
2009-02-20,1065.95,-3589,41461,5486450
2009-02-23,1099.55,-82,38710,5659540
2009-02-24,1063.88,-3009,38918,5476720
2009-02-25,1067.08,-502,41469,5492740
2009-02-26,1054.79,-996,41416,5430910
2009-02-27,1063.03,-49,35960,5470860
2009-03-02,1018.81,-4118,33596,5245010
2009-03-03,1025.57,-1770,36475,5281170
2009-03-04,1059.26,-1783,42155,5453660
2009-03-05,1058.18,677,44978,5449920
2009-03-06,1055.03,-355,35072,5435800
2009-03-09,1071.73,-589,34497,5522330
2009-03-10,1092.2,1790,48865,5625770
2009-03-11,1127.51,5600,56555,5806540
2009-03-12,1128.39,4891,71801,5810170
2009-03-13,1126.03,-542,54652,5800740
2009-03-16,1125.46,-534,44299,5797340
2009-03-17,1163.88,296,58077,5991560
2009-03-18,1169.95,259,50492,6022830
2009-03-19,1161.81,441,51226,5981360
2009-03-20,1170.94,1039,42289,6030020
2009-03-23,1199.5,2182,47494,6175900
2009-03-24,1221.7,3829,58950,6290210
2009-03-25,1229.02,159,51147,6328200
2009-03-26,1243.8,608,58977,6405250
2009-03-27,1237.51,3379,70256,6378760
2009-03-30,1197.46,-1076,49017,6192730
2009-03-31,1206.26,-1649,52118,6235230
2009-04-01,1233.36,750,64607,6373780
2009-04-02,1276.97,3626,79809,6598210
2009-04-03,1283.75,4752,77618,6631770
2009-04-06,1297.85,2610,78501,6703850
2009-04-07,1300.1,-1145,66074,6714470
2009-04-08,1262.07,-3291,67195,6518530
2009-04-09,1316.35,2929,91500,6798610
2009-04-10,1336.04,4134,90648,6900370
2009-04-13,1338.26,3991,82366,6909840
2009-04-14,1342.63,1252,83259,6932650
2009-04-15,1333.09,-1104,82214,6886120
2009-04-16,1336.72,4799,89121,6905540
2009-04-17,1329,4831,82051,6869640
2009-04-20,1336.39,2411,59441,6936400
2009-04-21,1336.81,-766,65206,6939990
2009-04-22,1356.02,1908,85950,7041780
2009-04-23,1368.8,1596,88677,7108810
2009-04-24,1354.1,1392,81433,7029720
2009-04-27,1339.83,340,69934,6954110
2009-04-28,1300.24,-295,76662,6751570
2009-04-29,1338.42,1466,56646,6946560
2009-04-30,1369.36,5795,85827,7106790
2009-05-04,1397.92,4087,90280,7255170
2009-05-06,1393.45,3089,98768,7225300
2009-05-07,1401.08,2323,95538,7264940
2009-05-08,1412.13,4444,81998,7322990
2009-05-11,1415.16,2796,70028,7337240
2009-05-12,1403.51,81,66396,7278440
2009-05-13,1414.52,-472,70525,7335870
2009-05-14,1380.95,-742,75806,7164850
2009-05-15,1391.73,236,68415,7208790
2009-05-18,1386.68,1718,60638,7185380
2009-05-19,1428.21,4289,76687,7399920
2009-05-20,1435.7,5221,67388,7442100
2009-05-21,1421.65,422,78936,7372260
2009-05-22,1403.75,689,78635,7288680
2009-05-25,1400.9,2117,86303,7273690
2009-05-26,1372.04,1614,82151,7123350
2009-05-27,1362.02,3256,82092,7074430
2009-05-28,1392.17,2562,73479,7231700
2009-05-29,1395.89,3631,70575,7258750
2009-06-01,1415.1,3363,63504,7358260
2009-06-02,1412.85,4943,82920,7345610
2009-06-03,1414.89,-900,73552,7355150
2009-06-04,1378.14,-1090,69562,7164710
2009-06-05,1394.71,984,59740,7249190
2009-06-08,1393.3,433,54427,7242460
2009-06-09,1371.84,925,59166,7132640
2009-06-10,1414.88,4341,60673,7354270
2009-06-11,1419.39,7063,70404,7378590
2009-06-12,1428.59,2495,53583,7429780
2009-06-15,1412.42,-475,49851,7347830
2009-06-16,1399.15,-1665,46084,7278520
2009-06-17,1391.17,-1481,46394,7239750
2009-06-18,1375.76,-526,45390,7159600
2009-06-19,1383.34,258,43339,7200430
2009-06-22,1399.71,208,43150,7285720
2009-06-23,1360.54,-2169,50250,7046120
2009-06-24,1363.79,-765,45818,7062700
2009-06-25,1392.73,4276,52318,7214490
2009-06-26,1394.53,3592,48239,7225260
2009-06-29,1388.45,305,40408,7192980
2009-06-30,1390.07,570,48156,7202120
2009-07-01,1411.66,1845,52147,7311950
2009-07-02,1411.48,2821,47562,7311950
2009-07-03,1420.04,806,41316,7355550
2009-07-06,1428.94,1136,45783,7405710
2009-07-07,1434.2,1512,50478,7434370
2009-07-08,1431.02,-1950,50825,7416920
2009-07-09,1430.89,3112,57129,7417650
2009-07-10,1428.62,-351,47297,7410120
2009-07-13,1378.12,-2306,50164,7150370
2009-07-14,1385.56,-215,50219,7190670
2009-07-15,1420.86,4771,52798,7375040
2009-07-16,1432.22,5393,55390,7437940
2009-07-17,1440.1,1628,45280,7478930
2009-07-20,1478.51,5204,62700,7677750
2009-07-21,1488.99,4039,67227,7735630
2009-07-22,1494.04,3163,60747,7764640
2009-07-23,1496.49,3192,66948,7778050
2009-07-24,1502.59,4439,64514,7804110
2009-07-27,1524.05,4828,68963,7915260
2009-07-28,1526.03,4909,55939,7923230
2009-07-29,1524.32,2878,61965,7914950
2009-07-30,1534.74,2791,55678,7967790
2009-07-31,1557.29,5755,73457,8085040
2009-08-03,1564.98,4028,69095,8134210
2009-08-04,1566.37,5935,82367,8142470
2009-08-05,1559.47,858,60589,8104890
2009-08-06,1565.04,304,61334,8135310
2009-08-07,1576,1988,57210,8190380
2009-08-10,1576.11,3571,56935,8189950
2009-08-11,1579.21,1956,63466,8206330
2009-08-12,1565.35,-11,66934,8134530
2009-08-13,1564.64,2696,76693,8132480
2009-08-14,1591.41,3929,68349,8272350
2009-08-17,1547.06,1243,68255,8044010
2009-08-18,1550.24,-1513,65102,8067910
2009-08-19,1545.96,2133,67830,8048810
2009-08-20,1576.39,-1486,62258,8204060
2009-08-21,1580.98,2194,81610,8230890
2009-08-24,1612.22,3314,88576,8397930
2009-08-25,1601.38,2197,76562,8344870
2009-08-26,1614.12,2204,64229,8405840
2009-08-27,1599.33,2257,62312,8327510
2009-08-28,1607.94,2133,74611,8375180
2009-08-31,1591.85,-136,65202,8297310
2009-09-01,1623.06,323,71075,8459720
2009-09-02,1613.16,-2834,80323,8406380
2009-09-03,1613.53,-1475,71200,8402730
2009-09-04,1608.9,99,71328,8393620
2009-09-07,1608.57,322,58198,8394270
2009-09-08,1619.69,791,74740,8449860
2009-09-09,1607.77,880,75437,8386760
2009-09-10,1644.68,4479,90864,8576690
2009-09-11,1651.7,5912,76139,8615740
2009-09-14,1634.91,2042,67924,8529390
2009-09-15,1653.4,3698,75687,8625350
2009-09-16,1683.33,9078,88737,8780350
2009-09-17,1695.47,7864,91475,8843280
2009-09-18,1699.71,14194,87635,8862700
2009-09-21,1695.5,1873,55234,8840110
2009-09-22,1718.88,5274,69952,8962170
2009-09-23,1711.47,1304,76790,8925330
2009-09-24,1693.88,-935,75947,8835110
2009-09-25,1691.48,-1429,75520,8822710
2009-09-28,1675.55,-1370,65533,8740010
2009-09-29,1690.05,-1179,67663,8816900
2009-09-30,1673.14,-122,79605,8729160
2009-10-01,1644.63,-2350,70245,8577040
2009-10-05,1606.9,-3402,71031,8385110
2009-10-06,1598.44,-298,62279,8339590
2009-10-07,1598,1064,67190,8332650
2009-10-08,1615.46,-79,66939,8439300
2009-10-09,1646.79,4231,60060,8602050
2009-10-12,1639.81,-521,48413,8567130
2009-10-13,1628.93,105,54141,8512660
2009-10-14,1649.09,3602,51140,8619510
2009-10-15,1658.99,5467,59501,8669950
2009-10-16,1640.36,4095,58384,8570990
2009-10-19,1649.07,942,49024,8633670
2009-10-20,1659.15,2245,48379,8686050
2009-10-21,1653.86,1215,52953,8660310
2009-10-22,1630.33,-1190,49311,8538500
2009-10-23,1640.17,2184,49509,8592390
2009-10-26,1657.11,1858,47700,8679980
2009-10-27,1649.53,1871,51480,8641530
2009-10-28,1609.71,-2722,54652,8435290
2009-10-29,1585.85,-4762,57088,8313250
2009-10-30,1580.69,1273,48308,8287490
2009-11-02,1559.09,1420,44084,8171900
2009-11-03,1549.92,1828,36390,8123000
2009-11-04,1579.93,1067,37823,8278840
2009-11-05,1552.24,-251,33682,8135330
2009-11-06,1572.46,1354,37012,8239740
2009-11-09,1576.79,1269,35027,8263990
2009-11-10,1582.3,2699,38935,8292480
2009-11-11,1594.82,-525,32517,8378770
2009-11-12,1572.73,-1299,48438,8262490
2009-11-13,1571.99,-1128,41944,8258150
2009-11-16,1592.47,-114,40185,8364950
2009-11-17,1585.98,2030,49192,8332150
2009-11-18,1603.97,1481,51971,8427990
2009-11-19,1620.54,6770,47925,8524970
2009-11-20,1620.6,307,36975,8525940
2009-11-23,1619.05,-216,34590,8518300
2009-11-24,1606.42,2494,48998,8451920
2009-11-25,1611.88,-697,34944,8481520
2009-11-26,1599.52,746,41417,8418660
2009-11-27,1524.5,-2098,54956,8024320
2009-11-30,1555.6,1267,45838,8190880
2009-12-01,1569.72,306,45794,8263410
2009-12-02,1591.63,3775,48278,8377750
2009-12-03,1615,959,44358,8500950
2009-12-04,1624.76,2400,45324,8550680
2009-12-07,1632.65,2666,39387,8593800
2009-12-08,1627.78,1662,35972,8571270
2009-12-09,1634.17,-870,46019,8607800
2009-12-10,1652.73,2849,77376,8704450
2009-12-11,1656.9,1239,54552,8727430
2009-12-14,1664.77,102,50930,8779290
2009-12-15,1665.85,1648,50613,8786570
2009-12-16,1664.24,-646,46628,8777920
2009-12-17,1647.84,654,43275,8694770
2009-12-18,1647.04,-1727,40167,8687230
2009-12-21,1644.23,-33,38812,8673600
2009-12-22,1655.54,1188,37882,8734230
2009-12-23,1661.35,1556,40282,8765210
2009-12-24,1682.34,2730,48677,8875910
2009-12-28,1685.59,-564,58265,8892550
2009-12-29,1672.48,990,42284,8823730
2009-12-30,1682.77,1932,42856,8879350
2010-01-04,1696.14,2390,43646,8947320
2010-01-05,1690.62,4005,68307,8919010
2010-01-06,1705.32,3517,63910,8996450
2010-01-07,1683.45,2233,74984,8881110
2010-01-08,1695.26,619,69651,8940800
2010-01-11,1694.12,-1543,69527,8930930
2010-01-12,1698.64,1241,53301,8957440
2010-01-13,1671.41,-1403,52861,8814140
2010-01-14,1685.77,-2410,62199,8890790
2010-01-15,1701.8,3842,64859,8972200
2010-01-18,1711.78,312,63350,9024360
2010-01-19,1710.22,467,57005,9018670
2010-01-20,1714.38,2156,72900,9042010
2010-01-21,1722.01,1591,58036,9084750
2010-01-22,1684.35,-4920,66959,8887600
2010-01-25,1670.2,365,58385,8815270
2010-01-26,1637.34,-1940,61144,8641780
2010-01-27,1625.48,-4451,57607,8577250
2010-01-28,1642.43,1307,54727,8677540
2010-01-29,1602.43,-809,57290,8481360
2010-02-01,1606.44,-935,51093,8499150
2010-02-02,1595.81,338,50088,8445980
2010-02-03,1615.02,1394,44591,8546390
2010-02-04,1616.42,258,40933,8553410
2010-02-05,1567.12,-2997,49405,8292810
2010-02-08,1552.79,-2157,41821,8219900
2010-02-09,1570.49,-446,43085,8310800
2010-02-10,1570.12,165,41841,8308620
2010-02-11,1597.81,872,44041,8455550
2010-02-12,1593.66,-419,42404,8437640
2010-02-16,1601.05,592,27315,8476200
2010-02-17,1627.43,3828,41052,8614170
2010-02-18,1621.19,1888,32818,8580980
2010-02-19,1593.9,350,37760,8438290
2010-02-22,1627.1,2600,34531,8612460
2010-02-23,1628.9,520,35198,8619150
2010-02-24,1612.83,-1909,38924,8534320
2010-02-25,1587.51,-2358,40049,8400170
2010-02-26,1594.58,-1674,32018,8440690
2010-03-02,1615.12,4216,41939,8550120
2010-03-03,1622.44,917,32928,8588050
2010-03-04,1618.2,1356,33087,8564810
2010-03-05,1634.57,1429,34526,8650710
2010-03-08,1660.04,5071,48661,8783600
2010-03-09,1660.83,3221,45586,8786680
2010-03-10,1662.24,1479,39453,8794440
2010-03-11,1656.62,-1827,48068,8764720
2010-03-12,1662.74,2426,37777,8796200
2010-03-15,1649.5,575,34254,8728610
2010-03-16,1648.01,3950,50051,8722070
2010-03-17,1682.86,6605,57729,8982820
2010-03-18,1675.17,2970,47988,8943370
2010-03-19,1686.11,2862,42879,9001800
2010-03-22,1672.67,413,38386,8929920
2010-03-23,1681.82,1896,47730,8979430
2010-03-24,1681.01,3753,45361,8976790
2010-03-25,1688.39,2107,45589,9016860
2010-03-26,1697.72,2100,41663,9066710
2010-03-29,1691.99,3278,42059,9037020
2010-03-30,1700.19,3585,48206,9080450
2010-03-31,1692.85,1262,48473,9039490
2010-04-01,1719.17,4552,60034,9187840
2010-04-02,1723.49,6272,63544,9212710
2010-04-05,1724.99,2737,56859,9224560
2010-04-06,1726.09,1499,48755,9231240
2010-04-07,1726.6,4806,56553,9232840
2010-04-08,1733.78,4456,47455,9270010
2010-04-09,1724.47,6227,61305,9218970
2010-04-12,1710.3,376,59184,9137840
2010-04-13,1710.59,-175,44548,9140200
2010-04-14,1735.33,2133,58025,9261670
2010-04-15,1743.91,5191,69340,9306960
2010-04-16,1734.49,1844,50928,9258050
2010-04-19,1705.3,-731,43891,9103110
2010-04-20,1718.03,-320,49908,9171300
2010-04-21,1747.58,2830,60776,9329060
2010-04-22,1739.52,957,58232,9284330
2010-04-23,1737.03,1618,55361,9271600
2010-04-26,1752.2,2116,52502,9352430
2010-04-27,1749.55,1226,55385,9338030
2010-04-28,1733.91,-432,65408,9256750
2010-04-29,1728.42,568,65620,9247280
2010-04-30,1741.56,4405,67030,9317430
2010-05-03,1721.21,-2313,55098,9211800
2010-05-04,1718.75,-97,53643,9200380
2010-05-06,1684.71,-7515,63605,9019010
2010-05-07,1647.5,-12458,74598,8822090
2010-05-10,1677.63,-3325,55630,8980490
2010-05-11,1670.24,156,65063,8939600
2010-05-12,1663.03,-4078,73129,9132770
2010-05-13,1694.58,674,60225,9300520
2010-05-14,1695.63,-2071,69080,9314720
2010-05-17,1651.51,-7639,71364,9077910
2010-05-18,1643.24,-4232,68277,9029660
2010-05-19,1630.08,-6001,67587,8979720
2010-05-20,1600.18,-3859,65607,8816220
2010-05-24,1604.93,-1059,47995,8843670
2010-05-25,1560.83,-5819,68473,8599340
2010-05-26,1582.12,-2288,65771,8714100
2010-05-27,1607.5,-3093,62157,8855090
2010-05-28,1622.78,587,59785,8940770
2010-05-31,1641.25,1757,44315,9042960
2010-06-01,1630.4,-692,49003,8982730
2010-06-03,1661.84,2701,51801,9155330
2010-06-04,1664.13,980,51384,9170280
2010-06-07,1637.97,-2658,48727,9028390
2010-06-08,1651.48,-2130,49971,9100470
2010-06-09,1647.22,-346,54761,9074670
2010-06-10,1651.7,-2598,54234,9102150
2010-06-11,1675.34,3117,54021,9236120
2010-06-14,1690.6,3071,47375,9321900
2010-06-15,1690.03,171,47131,9319150
2010-06-16,1705.33,3440,55125,9403390
2010-06-17,1707.92,2312,55984,9417410
2010-06-18,1711.95,2639,45549,9437470
2010-06-21,1739.68,2979,59914,9588030
2010-06-22,1731.48,-163,53140,9539640
2010-06-23,1725.82,-330,50101,9507740
2010-06-24,1739.87,284,44455,9584950
2010-06-25,1729.84,-1526,47003,9531000
2010-06-28,1732.03,-1391,40351,9542740
2010-06-29,1707.76,572,49628,9409210
2010-06-30,1698.29,-3247,54029,9365000
2010-07-01,1686.24,-2736,58306,9295530
2010-07-02,1671.82,-2274,55467,9219640
2010-07-05,1675.37,-636,41883,9242090
2010-07-06,1684.94,-3388,49139,9296430
2010-07-07,1675.65,-3900,46316,9239810
2010-07-08,1698.64,443,51160,9366180
2010-07-09,1723.01,3126,55827,9502040
2010-07-12,1734.05,3405,46772,9566360
2010-07-13,1735.08,2940,56700,9571900
2010-07-14,1758.01,9080,80794,9700790
2010-07-15,1751.29,4848,55716,9665310
2010-07-16,1738.45,2995,60338,9594020
2010-07-19,1731.95,-582,45507,9557070
2010-07-20,1736.77,-228,48754,9587070
2010-07-21,1748.78,2460,58560,9654010
2010-07-22,1735.53,44,71794,9578790
2010-07-23,1758.06,2217,70377,9703150
2010-07-26,1769.07,1575,51662,9766830
2010-07-27,1768.31,5840,58458,9766070
2010-07-28,1773.47,1343,52626,9795230
2010-07-29,1770.88,1612,54405,9780940
2010-07-30,1759.33,971,53414,9728200
2010-08-02,1782.27,698,58194,9855480
2010-08-03,1790.6,3057,56137,9902120
2010-08-04,1789.26,2057,57855,9896230
2010-08-05,1783.86,-1554,62507,9863280
2010-08-06,1783.83,-430,56907,9859960
2010-08-09,1790.17,590,41338,9893740
2010-08-10,1781.13,520,49658,9845500
2010-08-11,1758.19,-105,54593,9720250
2010-08-12,1721.75,-5422,54141,9521980
2010-08-13,1746.24,-1610,44743,9659020
2010-08-16,1743.31,-3597,41857,9643910
2010-08-17,1755.03,-1398,45477,9706950
2010-08-18,1761.99,1444,50220,9745850
2010-08-19,1779.64,1551,52498,9842230
2010-08-20,1775.54,1774,51283,9818550
2010-08-23,1767.71,381,53138,9775590
2010-08-24,1760.53,892,51543,9736820
2010-08-25,1734.79,-2011,47772,9593460
2010-08-26,1729.76,-930,46393,9566390
2010-08-27,1729.56,-1358,40902,9567320
2010-08-30,1760.13,350,39589,9733150
2010-08-31,1742.75,-485,50791,9639540
2010-09-01,1764.69,-428,58679,9760580
2010-09-02,1775.73,950,56859,9820450
2010-09-03,1780.02,2376,60576,9842140
2010-09-06,1792.42,3587,54582,9909860
2010-09-07,1787.74,2390,48372,9884530
2010-09-08,1779.22,-492,50048,9838430
2010-09-09,1784.36,-3103,60964,9867520
2010-09-10,1802.58,5722,55912,9967430
2010-09-13,1818.86,6853,68678,10071840
2010-09-14,1815.25,4069,68782,10051310
2010-09-15,1823.88,4446,66579,10098530
2010-09-16,1811.85,2041,59652,10033670
2010-09-17,1827.35,2718,68323,10119580
2010-09-20,1832.63,1343,42182,10150360
2010-09-24,1846.6,1014,56737,10227180
2010-09-27,1860.83,1297,70053,10304930
2010-09-28,1855.97,410,64453,10282200
2010-09-29,1866.45,3636,73382,10340420
2010-09-30,1872.81,4207,62980,10376670
2010-10-01,1876.73,4668,69204,10401410
2010-10-04,1879.29,6518,72563,10418630
2010-10-05,1878.94,2420,64427,10417570
2010-10-06,1903.95,8547,77032,10557810
2010-10-07,1900.85,1153,76247,10538580
2010-10-08,1897.07,1749,71242,10516430
2010-10-11,1889.91,2210,61867,10475460
2010-10-12,1868.04,-1691,59290,10352270
2010-10-13,1876.15,-1426,60365,10397720
2010-10-14,1899.76,1521,75776,10530200
2010-10-15,1902.29,1184,63823,10546160
2010-10-18,1875.42,424,56734,10400350
2010-10-19,1857.32,1320,57894,10302490
2010-10-20,1870.44,-2000,59415,10376560
2010-10-21,1874.69,31,72021,10404010
2010-10-22,1897.31,5572,59586,10529250
2010-10-25,1915.71,5043,66253,10630760
2010-10-26,1919.41,4488,65799,10651660
2010-10-27,1909.54,833,68364,10596050
2010-10-28,1907.87,570,56000,10587870
2010-10-29,1882.95,-3411,60671,10450860
2010-11-01,1914.74,-30,60741,10626000
2010-11-02,1918.04,89,64984,10642890
2010-11-03,1935.97,1892,68312,10741840
2010-11-04,1942.5,3316,64324,10782440
2010-11-05,1938.96,7979,79669,10764790
2010-11-08,1942.41,2544,54933,10783900
2010-11-09,1947.46,-343,61797,10809340
2010-11-10,1967.85,4414,66206,10924120
2010-11-11,1914.73,-13094,96228,10635730
2010-11-12,1913.12,8761,94593,10625520
2010-11-15,1913.81,2248,61569,10630580
2010-11-16,1899.13,744,70416,10551990
2010-11-17,1897.11,-3041,58521,10540900
2010-11-18,1927.86,-1568,57303,10710130
2010-11-19,1940.96,1910,60905,10785480
2010-11-22,1944.34,1956,74754,10807050
2010-11-23,1928.94,1830,74411,10722650
2010-11-24,1925.98,493,81255,10707080
2010-11-25,1927.68,-1724,57327,10715960
2010-11-26,1901.8,568,58268,10573480
2010-11-29,1895.54,-1617,46115,10536890
2010-11-30,1904.63,-966,62071,10586440
2010-12-01,1929.32,374,50304,10723370
2010-12-02,1950.26,4000,59241,10844740
2010-12-03,1957.26,3609,69110,10884220
2010-12-06,1953.64,-129,55191,10863650
2010-12-07,1962.52,833,63032,10912620
2010-12-08,1955.72,2598,55094,10875660
2010-12-09,1988.96,3332,70155,11059480
2010-12-10,1986.14,-16,55921,11042900
2010-12-13,1996.59,399,51767,11100580
2010-12-14,2009.05,5461,64845,11182790
2010-12-15,2017.48,3870,66914,11229200
2010-12-16,2009.24,574,54732,11182130
2010-12-17,2026.3,1799,69095,11278850
2010-12-20,2020.28,1831,72072,11246450
2010-12-21,2037.09,-322,73964,11337770
2010-12-22,2038.11,3518,62043,11343970
2010-12-23,2037.53,1406,52389,11345080
2010-12-24,2029.6,724,54370,11302980
2010-12-27,2022.19,1610,53962,11265350
2010-12-28,2033.32,2459,60517,11327150
2010-12-29,2043.49,-214,50546,11376990
2010-12-30,2051,-1460,53969,11418850
2011-01-03,2070.08,3115,59415,11532040
2011-01-04,2085.14,5365,77997,11633840
2011-01-05,2082.55,1311,86094,11620090
2011-01-06,2077.61,3389,88044,11593010
2011-01-07,2086.2,-512,76759,11642430
2011-01-10,2080.81,-2255,73248,11612960
2011-01-11,2088.32,-1019,70214,11653260
2011-01-12,2094.95,3207,80178,11690570
2011-01-13,2089.48,1411,92043,11658400
2011-01-14,2108.17,-1447,89019,11763400
2011-01-17,2099.85,-359,81592,11718630
2011-01-18,2096.48,-218,80550,11715950
2011-01-19,2115.69,36,87414,11824750
2011-01-20,2106.66,-1364,66104,11771570
2011-01-21,2069.92,-2975,75287,11566430
2011-01-24,2082.16,-1262,60988,11632330
2011-01-25,2086.67,778,74674,11659460
2011-01-26,2110.46,1181,62497,11792190
2011-01-27,2115.01,3618,74610,11819180
2011-01-28,2107.87,-1562,80036,11781520
2011-01-31,2069.73,-6972,74094,11567460
2011-02-01,2072.03,-1438,62252,11526240
2011-02-07,2081.74,81,66368,11577850
2011-02-08,2069.7,-821,73444,11506740
2011-02-09,2045.58,-4765,68343,11374760
2011-02-10,2008.5,-10997,72071,11168280
2011-02-11,1977.19,-6173,74520,10993560
2011-02-14,2014.59,340,57843,11202300
2011-02-15,2010.52,-521,58688,11183180
2011-02-16,1989.11,-2039,57509,11059810
2011-02-17,1977.22,779,69070,10996130
2011-02-18,2013.14,988,59190,11191220
2011-02-21,2005.3,1762,59682,11165960
2011-02-22,1969.92,-3183,62306,10968870
2011-02-23,1961.63,-1586,57448,10934250
2011-02-24,1949.88,-1737,54427,10871670
2011-02-25,1963.43,-3193,50290,10994790
2011-02-28,1939.3,-2252,46985,10863520
2011-03-02,1928.24,-727,46809,10803780
2011-03-03,1970.66,1725,52057,11037180
2011-03-04,2004.68,3955,61755,11231850
2011-03-07,1980.27,-475,48024,11095810
2011-03-08,1996.32,-3916,54805,11187170
2011-03-09,2001.47,-364,65748,11216750
2011-03-10,1981.58,-11776,72949,11119150
2011-03-11,1955.54,-5045,55411,10974370
2011-03-14,1971.23,1351,95634,11066860
2011-03-15,1923.92,-2312,98482,10801480
2011-03-16,1957.97,5,71788,10988610
2011-03-17,1959.03,1195,69354,10991820
2011-03-18,1981.13,1436,69331,11113770
2011-03-21,2003.42,1338,57105,11236390
2011-03-22,2013.86,2371,74977,11287600
2011-03-23,2012.18,1265,76052,11280650
2011-03-24,2036.78,2764,67317,11417780
2011-03-25,2054.04,3607,72565,11519480
2011-03-28,2056.39,1653,64851,11532250
2011-03-29,2072.13,1791,63217,11618740
2011-03-30,2091.38,4938,83692,11729890
2011-03-31,2106.7,6918,84063,11814170
2011-04-01,2121.01,7366,76534,11897730
2011-04-04,2115.87,1820,80925,11864950
2011-04-05,2130.43,2179,67209,11945940
2011-04-06,2126.71,5180,89375,11925240
2011-04-07,2122.14,649,74286,11899930
2011-04-08,2127.97,1130,88804,11931170
2011-04-11,2122.39,1030,74144,11899110
2011-04-12,2089.4,-2237,70240,11714910
2011-04-13,2121.92,-203,69184,11898780
2011-04-14,2141.06,-186,95098,12005850
2011-04-15,2140.5,-1540,83172,12002710
2011-04-18,2137.72,-246,95772,11986130
2011-04-19,2122.68,-5421,90422,11903790
2011-04-20,2169.91,1745,102742,12166380
2011-04-21,2198.54,8342,127195,12324580
2011-04-22,2197.82,2102,98814,12316750
2011-04-25,2216,1255,81521,12418270
2011-04-26,2206.3,790,114816,12367390
2011-04-27,2206.7,6802,132591,12372550
2011-04-28,2208.35,88,105248,12384930
2011-04-29,2192.36,773,113700,12298130
2011-05-02,2228.96,1990,84172,12502880
2011-05-03,2200.73,346,85573,12344600
2011-05-04,2180.64,141,84619,12230670
2011-05-06,2147.45,-2397,86019,12046780
2011-05-09,2139.17,693,58748,12001530
2011-05-11,2166.63,1420,71453,12154220
2011-05-12,2122.65,-9971,76066,11909660
2011-05-13,2120.08,-6413,86683,11897470
2011-05-16,2104.18,-5126,62445,11807040
2011-05-17,2102.41,-2330,58169,11796350
2011-05-18,2135.78,-522,72154,11982820
2011-05-19,2095.51,-3813,79612,11757160
2011-05-20,2111.5,-1218,61824,11843950
2011-05-23,2055.71,-4093,23500,11534580
2011-05-24,2061.76,-2713,60956,11565640
2011-05-25,2035.87,-742,69247,11423900
2011-05-26,2091.91,2889,72795,11735400
2011-05-27,2100.24,2220,72373,11782670
2011-05-30,2093.79,-846,57471,11745150
2011-05-31,2142.47,4871,94967,12015360
2011-06-01,2141.34,491,81241,12016590
2011-06-02,2114.2,-351,73075,11866030
2011-06-03,2113.47,257,68582,11869580
2011-06-07,2099.71,2193,62136,11793330
2011-06-08,2083.35,901,66659,11704460
2011-06-09,2071.42,-6609,73936,11637440
2011-06-10,2046.67,-357,71812,11502480
2011-06-13,2048.74,-2019,56088,11511540
2011-06-14,2076.83,-474,62017,11671730
2011-06-15,2086.53,133,60806,11727630
2011-06-16,2046.63,-2112,58870,11506310
2011-06-17,2031.93,-1883,81016,11420980
2011-06-20,2019.65,-1295,63772,11348880
2011-06-21,2048.17,24,68135,11509340
2011-06-22,2063.9,-158,63532,11597680
2011-06-23,2055.86,-1324,54072,11551970
2011-06-24,2090.81,528,81048,11747950
2011-06-27,2070.29,-1028,49589,11630160
2011-06-28,2062.91,-345,58700,11588970
2011-06-29,2094.42,4215,59159,11776290
2011-06-30,2100.69,1830,64284,11834690
2011-07-01,2125.74,1661,68118,11976920
2011-07-04,2145.3,1609,67602,12088990
2011-07-05,2161.75,3749,64601,12183310
2011-07-06,2171.19,1702,72779,12235420
2011-07-07,2180.59,5380,82398,12287580
2011-07-08,2180.35,17200,93180,12289170
2011-07-11,2157.16,1095,56159,12160620
2011-07-12,2109.73,-3856,62464,11896550
2011-07-13,2129.64,-1956,65695,12006280
2011-07-14,2130.07,-509,81986,12011920
2011-07-15,2145.2,-1331,61118,12095840
2011-07-18,2130.48,-2107,60955,12012830
2011-07-19,2130.21,-3104,61570,12012010
2011-07-20,2154.95,-1345,83875,12152230
2011-07-21,2145.04,-1809,73422,12095510
2011-07-22,2171.23,1637,73511,12246210
2011-07-25,2150.48,-625,59318,12130220
2011-07-26,2168.7,-302,67043,12232280
2011-07-27,2174.31,-439,63195,12262840
2011-07-28,2155.85,-1232,58828,12159770
2011-07-29,2133.21,-1469,60201,12035780
2011-08-01,2172.31,2472,64270,12257430
2011-08-02,2121.27,-3710,76957,11971480
2011-08-03,2066.26,-7815,80450,11660880
2011-08-04,2018.47,-4406,76577,11392950
2011-08-05,1943.75,-4053,103973,10971600
2011-08-08,1869.45,-816,108101,10552520
2011-08-09,1801.35,-11717,135050,10167560
2011-08-10,1806.24,-12759,111972,10199020
2011-08-11,1817.44,-2826,88889,10262260
2011-08-12,1793.31,-2792,89932,10126400
2011-08-16,1879.87,6620,70920,10614880
2011-08-17,1892.67,-97,63688,10685140
2011-08-18,1860.58,-1530,84606,10503280
2011-08-19,1744.88,-2568,95098,9855080
2011-08-22,1710.7,-2399,72818,9664780
2011-08-23,1776.68,-700,80966,10035770
2011-08-24,1754.78,911,77599,9913730
2011-08-25,1764.58,-453,60392,9974860
2011-08-26,1778.95,-615,49509,10057070
2011-08-29,1829.5,-1648,64998,10339640
2011-08-30,1843.82,1984,65185,10421820
2011-08-31,1880.11,2680,65487,10626630
2011-09-01,1880.7,10926,87221,10633980
2011-09-02,1867.75,-800,55291,10561070
2011-09-05,1785.83,-3319,59025,10098670
2011-09-06,1766.71,-4396,65927,9992770
2011-09-07,1833.46,-3277,61580,10371690
2011-09-08,1846.64,-20,70198,10446480
2011-09-09,1812.93,-1132,55233,10260160
2011-09-14,1749.16,-6873,58730,9898230
2011-09-15,1774.08,-1864,63224,10040120
2011-09-16,1840.1,879,76398,10406740
2011-09-19,1820.94,50,49860,10298800
2011-09-20,1837.97,-1761,55384,10396520
2011-09-21,1854.28,2726,59718,10487630
2011-09-22,1800.55,-3011,57838,10184190
2011-09-23,1697.44,-6677,75651,9603250
2011-09-26,1652.71,-2582,73720,9353820
2011-09-27,1735.71,1690,62264,9822190
2011-09-28,1723.08,3223,63604,9758910
2011-09-29,1769.29,1234,66826,10016680
2011-09-30,1769.65,2183,65514,10019200
2011-10-04,1706.19,-4511,67532,9668190
2011-10-05,1666.52,-2995,76770,9447630
2011-10-06,1710.32,1146,78685,9693650
2011-10-07,1759.77,3813,75635,9967280
2011-10-10,1766.44,-1018,50331,10005390
2011-10-11,1795.02,3299,71532,10165180
2011-10-12,1809.5,-31,58310,10247520
2011-10-13,1823.1,4421,66497,10325940
2011-10-14,1835.4,429,50797,10399830
2011-10-17,1865.18,2505,59227,10564860
2011-10-18,1838.9,1459,63864,10417990
2011-10-19,1855.92,-314,57689,10512770
2011-10-20,1805.09,-1134,67975,10229610
2011-10-21,1838.38,-2641,64636,10417000
2011-10-24,1898.32,1780,67752,10752170
2011-10-25,1888.65,3496,60988,10698560
2011-10-26,1894.31,-959,56229,10727050
2011-10-27,1922.04,1714,80661,10880590
2011-10-28,1929.48,4713,101245,10926190
2011-10-31,1909.03,1390,64332,10817860
2011-11-01,1909.63,1673,62854,10826970
2011-11-02,1898.01,-3506,67580,10760050
2011-11-03,1869.96,-390,63007,10600870
2011-11-04,1928.41,692,71615,10931020
2011-11-07,1919.1,1379,52780,10879080
2011-11-08,1903.14,271,52309,10787960
2011-11-09,1907.53,-2673,61956,10816590
2011-11-10,1813.25,5048,79029,10286170
2011-11-11,1863.45,-2655,52797,10570520
2011-11-14,1902.81,1334,52680,10788540
2011-11-15,1886.12,-753,48469,10690860
2011-11-16,1856.07,887,56764,10540720
2011-11-17,1876.67,-3385,47607,10652880
2011-11-18,1839.17,-4042,48146,10436480
2011-11-21,1820.03,-2879,40180,10327810
2011-11-22,1826.28,-3216,29459,10365240
2011-11-23,1783.1,-4200,46655,10117270
2011-11-24,1795.06,-2706,41950,10193010
2011-11-25,1776.4,-3534,43113,10086770
2011-11-28,1815.28,-1935,43044,10305940
2011-11-29,1856.52,4147,63370,10543140
2011-11-30,1847.51,3951,65027,10491410
2011-12-01,1916.18,6336,93385,10878160
2011-12-02,1916.04,1022,58242,10878380
2011-12-05,1922.9,-652,41663,10917850
2011-12-06,1902.82,-1512,46440,10804100
2011-12-07,1919.42,-256,58068,10905150
2011-12-08,1912.39,2034,60044,10878880
2011-12-09,1874.75,-4235,51324,10665650
2011-12-12,1899.76,-2,53659,10807140
2011-12-13,1864.06,-2071,52719,10602530
2011-12-14,1857.75,-3450,44102,10563550
2011-12-15,1819.11,2034,53914,10346360
2011-12-16,1839.96,321,43777,10465340
2011-12-19,1776.93,-2409,66833,10108700
2011-12-20,1793.06,-3240,39927,10199830
2011-12-21,1848.41,3299,52392,10514390
2011-12-22,1847.49,-158,31360,10511560
2011-12-23,1867.22,1902,43226,10640150
2011-12-26,1856.7,842,30386,10590140
2011-12-27,1842.02,966,43590,10508890
2011-12-28,1825.12,314,33055,10410040
2011-12-29,1825.74,148,36321,10419990
2012-01-02,1826.37,-1005,33043,10423250
2012-01-03,1875.41,3218,48319,10700590
2012-01-04,1866.22,2983,47144,10647390
2012-01-05,1863.74,-373,48567,10632810
2012-01-06,1843.14,-472,44245,10517280
2012-01-09,1826.49,-775,42375,10436230
2012-01-10,1853.22,289,49280,10587280
2012-01-11,1845.55,1124,48620,10546560
2012-01-12,1864.57,1498,54074,10651040
2012-01-13,1875.68,6045,59555,10715015
2012-01-16,1859.27,63,39381,10620451
2012-01-17,1892.74,4263,60039,10810101
2012-01-18,1892.39,4471,60692,10811497
2012-01-19,1914.97,7432,64806,10943326
2012-01-20,1949.89,14418,73591,11142588
2012-01-25,1952.23,9395,61689,11155522
2012-01-26,1957.18,4643,55494,11178418
2012-01-27,1964.83,5003,61480,11222088
2012-01-30,1940.55,-763,63960,11083650
2012-01-31,1955.79,1403,67073,11171520
2012-02-01,1959.24,4156,71563,11190100
2012-02-02,1984.3,10096,87760,11332360
2012-02-03,1972.34,-1219,75221,11262290
2012-02-06,1973.13,1766,72925,11268340
2012-02-07,1981.59,3649,65817,11318130
2012-02-08,2003.73,3974,74954,11442400
2012-02-09,2014.62,1053,79823,11503050
2012-02-10,1993.71,883,76151,11381810
2012-02-13,2005.74,1683,57571,11451560
2012-02-14,2002.64,209,66777,11436300
2012-02-15,2025.32,2555,76942,11567370
2012-02-16,1997.45,-537,68577,11411390
2012-02-17,2023.47,2624,74805,11560760
2012-02-20,2024.9,1643,62494,11569130
2012-02-21,2024.24,1291,56227,11565577
2012-02-22,2028.65,3102,62117,11589910
2012-02-23,2007.8,-364,63792,11501290
2012-02-24,2019.89,1707,57120,11571180
2012-02-27,1991.16,-288,55811,11409680
2012-02-28,2003.69,-813,63544,11480950
2012-02-29,2030.25,5325,68142,11633810
2012-03-02,2034.63,3748,58427,11659460
2012-03-05,2016.06,-471,51274,11551980
2012-03-06,2000.36,-2263,52982,11464260
2012-03-07,1982.15,-3708,49764,11360450
2012-03-08,2000.76,-4209,63811,11470290
2012-03-09,2018.3,166,54050,11572430
2012-03-12,2002.5,-1466,48125,11482084
2012-03-13,2025.04,1205,56572,11616504
2012-03-14,2045.08,5359,64273,11733235
2012-03-15,2043.76,1691,60063,11729985
2012-03-16,2034.44,3111,59133,11681053
2012-03-19,2047,345,49766,11755108
2012-03-20,2042.15,124,54042,11728158
2012-03-21,2027.23,-1509,51742,11641592
2012-03-22,2026.12,-499,53014,11640513
2012-03-23,2026.83,481,48290,11646932
2012-03-26,2019.19,-451,45911,11602208
2012-03-27,2039.76,3446,51473,11724774
2012-03-28,2031.74,-622,51178,11680878
2012-03-29,2014.41,374,50075,11578488
2012-03-30,2014.04,221,53330,11575820
2012-04-02,2029.29,-177,43393,11664467
2012-04-03,2049.28,2660,60898,11781381
2012-04-04,2018.61,2259,64265,11606380
2012-04-05,2028.77,30,57735,11668560
2012-04-06,2029.03,2290,45632,11669800
2012-04-09,1997.08,-574,43207,11488610
2012-04-10,1994.41,-823,49667,11479030
2012-04-12,1986.63,-3568,50139,11434250
2012-04-13,2008.91,294,54892,11563880
2012-04-16,1992.63,-1218,39367,11469900
2012-04-17,1985.3,-3011,39894,11418840
2012-04-18,2004.53,1390,,11530810
2012-04-19,1999.86,-873,41309,11504760
2012-04-20,1974.65,-3279,48412,11358530
2012-04-23,1972.63,-1219,35790,11344620
2012-04-24,1963.42,93,50469,11294000
2012-04-25,1961.98,-22,50909,11292360
2012-04-26,1964.04,1743,53481,11311310
2012-04-27,1975.35,3219,53495,11376500
2012-04-30,1981.99,3135,63604,11416670
2012-05-02,1999.07,-1319,66882,11512910
2012-05-03,1995.11,-1327,46614,11487990
2012-05-04,1989.15,-965,49484,11448030
2012-05-07,1956.44,-4425,47813,11258720
2012-05-08,1967.01,-3232,42258,11317490
2012-05-09,1950.29,-3437,49646,11225280
2012-05-10,1944.93,-2078,44656,11195640
2012-05-11,1917.13,-1674,44445,11038530
2012-05-14,1913.73,-1572,40804,11023330
2012-05-15,1898.96,-1845,52411,10929890
2012-05-16,1840.53,-4912,55656,10592070
2012-05-17,1845.24,-514,56834,10621320
2012-05-18,1782.46,-4298,57543,10261480
2012-05-21,1799.13,-579,42776,10359100
2012-05-22,1828.69,-39,49432,10532810
2012-05-23,1808.62,-3825,42061,10417670
2012-05-24,1814.47,-2322,36014,10447040
2012-05-25,1824.17,1351,35856,10502710
2012-05-29,1849.91,296,38169,10650150
2012-05-30,1844.86,1581,39178,10621170
2012-05-31,1843.47,-202,46606,10613200
2012-06-01,1834.51,-2013,35872,10563680
2012-06-04,1783.13,-2728,49415,10265930
2012-06-05,1801.85,-3200,35460,10368390
2012-06-07,1847.95,3079,46774,10640840
2012-06-08,1835.64,90,,10567000
2012-06-11,1867.04,2188,44089,10752080
2012-06-12,1854.74,-391,36322,10682640
2012-06-13,1859.32,1567,38055,10708410
2012-06-14,1871.48,767,48966,10777910
2012-06-15,1858.16,-2007,47780,10700120
2012-06-18,1891.71,3752,44402,10889740
2012-06-19,1891.77,1932,35354,10893250
2012-06-20,1904.12,2364,37053,10964590
2012-06-21,1889.15,262,39484,10878040
2012-06-22,1847.39,-2402,43484,10636110
2012-06-25,1825.38,-4982,41527,10507850
2012-06-26,1817.81,-3030,36482,10466650
2012-06-27,1817.65,-2414,43087,10467910
2012-06-28,1819.18,-623,31955,10477960
2012-06-29,1854.01,-1545,43916,10682890
2012-07-02,1851.65,412,36085,10666610
2012-07-03,1867.82,245,48767,10757340
2012-07-04,1874.45,1733,45851,10795560
2012-07-05,1875.49,140,36545,10801260
2012-07-06,1858.2,181,36358,10702610
2012-07-09,1836.13,-3345,33172,10571730
2012-07-10,1829.45,-1162,33728,10534080
2012-07-11,1826.39,-2268,33586,10516900
2012-07-12,1785.39,-2414,43588,10286690
2012-07-13,1812.89,-3355,47188,10447440
2012-07-16,1817.79,-846,32553,10477250
2012-07-17,1821.96,3181,48330,10501990
2012-07-18,1794.91,-430,44576,10348680
2012-07-19,1822.96,729,47247,10509490
2012-07-20,1822.93,1972,36464,10509700
2012-07-23,1789.44,-1854,36513,10319540
2012-07-24,1793.93,-206,41729,10348110
2012-07-25,1769.31,-884,38421,10205020
2012-07-26,1782.47,-439,38634,10281070
2012-07-27,1829.16,4808,46027,10549780
2012-07-30,1843.79,4933,38758,10638610
2012-07-31,1881.99,6196,56337,10863950
2012-08-01,1879.93,494,38161,10847910
2012-08-02,1869.4,2131,33900,10784980
2012-08-03,1848.68,-596,36736,10664060
2012-08-06,1885.88,1643,41827,10878830
2012-08-07,1886.8,636,35254,10883940
2012-08-08,1903.23,7342,56263,10979770
2012-08-09,1940.59,15677,65184,11191100
2012-08-10,1946.4,6598,40496,11223810
2012-08-13,1932.44,2642,31529,11142550
2012-08-14,1956.96,4329,40891,11282710
2012-08-16,1957.91,3557,40551,11287530
2012-08-17,1946.54,5146,46971,11217290
2012-08-20,1946.31,354,38262,11213250
2012-08-21,1943.22,2569,38281,11200760
2012-08-22,1935.19,1909,40949,11156240
2012-08-23,1942.54,1064,42451,11198300
2012-08-24,1919.81,-2107,44193,11068410
2012-08-27,1917.87,3533,60226,11045420
2012-08-28,1916.33,-1158,44818,11038800
2012-08-29,1928.54,-1148,48777,11110610
2012-08-30,1906.38,-1506,50137,10983050
2012-08-31,1905.12,-456,44718,10980730
2012-09-03,1912.71,716,42502,11023010
2012-09-04,1907.13,319,46905,10992980
2012-09-05,1874.03,-559,46897,10805070
2012-09-06,1881.24,-1869,42512,10846870
2012-09-07,1929.58,3107,58822,11127610
2012-09-10,1924.7,2145,43258,11101890
2012-09-11,1920,2124,43425,11073820
2012-09-12,1950.03,661,52532,11241030
2012-09-13,1950.69,1304,60968,11244900
2012-09-14,2007.58,12830,91876,11569660
2012-09-17,2002.35,5145,65812,11538940
2012-09-18,2004.96,581,51122,11551060
2012-09-19,2007.88,1743,58114,11564710
2012-09-20,1990.33,1665,53632,11462510
2012-09-21,2002.37,1680,49644,11532670
2012-09-24,2003.44,-2,42726,11542920
2012-09-25,1991.41,-123,45968,11474130
2012-09-26,1980.44,241,48520,11411970
2012-09-27,1988.7,-1289,47274,11459890
2012-09-28,1996.21,2333,50876,11506260
2012-10-02,1996.03,479,36789,11506530
2012-10-04,1992.68,-626,49511,11486380
2012-10-05,1995.17,-472,44807,11500750
2012-10-08,1981.89,3760,45653,11425620
2012-10-09,1979.04,-660,37930,11408390
2012-10-10,1948.22,841,47256,11232030
2012-10-11,1933.09,-2005,46784,11143740
2012-10-12,1933.26,-2880,37854,11145410
2012-10-15,1925.59,-1711,45915,11102370
2012-10-16,1941.54,-344,38501,11196460
2012-10-17,1955.15,248,42599,11276210
2012-10-18,1959.12,535,42904,11299590
2012-10-19,1943.84,-2200,41519,11211290
2012-10-22,1941.59,-711,38191,11200390
2012-10-23,1926.81,-547,42088,11118550
2012-10-24,1913.96,-3192,56482,11042380
2012-10-25,1924.5,-31,48735,11107120
2012-10-26,1891.43,-1659,46055,10917620
2012-10-29,1891.52,-1314,41742,10917520
2012-10-30,1899.58,1032,34516,10965940
2012-10-31,1912.06,-403,38344,11035770
2012-11-01,1898.44,2088,52896,10957290
2012-11-02,1918.72,1410,55800,11073390
2012-11-05,1908.22,-528,46099,11010720
2012-11-06,1928.17,37,45725,11125940
2012-11-07,1937.55,1329,46796,11180440
2012-11-08,1914.41,-1178,53913,11049880
2012-11-09,1904.41,-2650,48019,11002250
2012-11-12,1900.87,-1551,37796,10981880
2012-11-13,1889.71,-5,39259,10919470
2012-11-14,1894.04,-705,47613,10947400
2012-11-15,1870.72,-2577,41844,10811060
2012-11-16,1860.83,-1337,40592,10755070
2012-11-19,1878.1,-1314,32571,10853240
2012-11-20,1890.18,504,37204,10925420
2012-11-21,1884.04,1644,40067,10892640
2012-11-22,1899.5,-373,37611,10982330
2012-11-23,1911.33,1638,35909,11051990
2012-11-26,1908.51,277,32322,11034150
2012-11-27,1925.2,-671,48185,11129840
2012-11-28,1912.78,-2622,39105,11058480
2012-11-29,1934.85,452,48560,11187400
2012-11-30,1932.9,909,45372,11172900
2012-12-03,1940.02,2726,33912,11217250
2012-12-04,1935.18,951,29301,11190330
2012-12-05,1947.04,1368,41494,11260890
2012-12-06,1949.62,2129,46878,11274570
2012-12-07,1957.45,2023,44117,11318050
2012-12-10,1957.42,2787,36926,11320700
2012-12-11,1964.62,2029,45588,11361010
2012-12-12,1975.44,2098,47050,11420010
2012-12-13,2002.77,5348,60471,11576940
2012-12-14,1995.04,802,43197,11534670
2012-12-17,1983.07,1716,43009,11459670
2012-12-18,1993.09,2208,46421,11518870
2012-12-20,1999.5,3129,55370,11553840
2012-12-21,1980.42,3793,53622,11445440
2012-12-24,1981.82,2247,32456,11455320
2012-12-26,1982.25,2393,36187,11457460
2012-12-27,1987.35,-1672,30658,11484950
2012-12-28,1997.05,-280,32991,11541470
2013-01-02,2031.1,1740,44585,11737090
2013-01-03,2019.41,1111,60936,11669450
2013-01-04,2011.94,544,47905,11624980
2013-01-07,2011.25,-334,40095,11627580
2013-01-08,1997.94,459,39920,11554730
2013-01-09,1991.81,105,40269,11517820
2013-01-10,2006.8,14,45565,11610430
2013-01-11,1996.67,-115,44283,11551520
2013-01-14,2007.04,-924,43376,11607780
2013-01-15,1983.74,-2277,44267,11468480
2013-01-16,1977.45,-904,42845,11434190
2013-01-17,1974.27,-1150,41017,11416240
2013-01-18,1987.85,312,39135,11494740
2013-01-21,1986.86,-1837,38187,11490090
2013-01-22,1996.52,-2032,42588,11548060
2013-01-23,1980.41,163,42034,11455730
2013-01-24,1964.48,-1936,45566,11363340
2013-01-25,1946.69,-4900,50494,11259640
2013-01-28,1939.71,-4907,46562,11215690
2013-01-29,1955.96,-365,47134,11310710
2013-01-30,1964.43,-836,43633,11363530
2013-01-31,1961.94,-812,45161,11351910
2013-02-01,1957.79,-302,40958,11327570
2013-02-04,1953.21,480,35921,11305010
2013-02-05,1938.18,54,37755,11220060
2013-02-06,1936.19,-810,36775,11208740
2013-02-07,1931.77,771,35730,11181610
2013-02-08,1950.9,552,39607,11296880
2013-02-12,1945.79,1255,28615,11269620
2013-02-13,1976.07,1099,37033,11442850
2013-02-14,1979.61,908,34268,11465560
2013-02-15,1981.18,-20,39995,11478570
2013-02-18,1981.91,161,28745,11479190
2013-02-19,1985.83,633,28153,11501490
2013-02-20,2024.64,5830,49023,11726280
2013-02-21,2015.22,2838,40216,11669240
2013-02-22,2018.89,257,40508,11692180
2013-02-25,2009.52,377,31712,11635240
2013-02-26,2000.01,-382,35949,11579380
2013-02-27,2004.04,-179,35299,11601690
2013-02-28,2026.49,2042,41962,11731930
2013-03-04,2013.15,4161,43814,11658060
2013-03-05,2016.61,921,38198,11678590
2013-03-06,2020.74,258,41126,11702950
2013-03-07,2004.4,-514,37234,11605200
2013-03-08,2006.01,-32,36143,11613870
2013-03-11,2003.35,-2072,38400,11600130
2013-03-12,1993.34,-900,33534,11542510
2013-03-13,1999.73,57,34969,11582130
2013-03-14,2002.13,-2199,41641,11594950
2013-03-15,1986.5,-5760,52894,11506190
2013-03-18,1968.18,-3573,39625,11398640
2013-03-19,1978.56,-1810,37195,11461880
2013-03-20,1959.41,-3745,38275,11351210
2013-03-21,1950.82,-2713,35923,11302460
2013-03-22,1950.12,-3317,33803,11291420
2013-03-25,1977.67,-910,34649,11459370
2013-03-26,1983.7,-346,40094,11494420
2013-03-27,1993.44,-2124,39048,11549070
2013-03-28,1993.52,-1519,34750,11549670
2013-03-29,2004.89,1356,34825,11616640
2013-04-01,1995.99,-589,26269,11563660
2013-04-02,1986.15,345,44900,11509190
2013-04-03,1983.22,-2185,43451,11491890
2013-04-04,1959.45,-4696,47104,11356780
2013-04-05,1927.23,-6808,49246,11172500
2013-04-08,1918.69,-3668,39969,11126420
2013-04-09,1920.74,-787,38877,11142180
2013-04-10,1935.58,520,42349,11227910
2013-04-11,1949.8,2620,47946,11311700
2013-04-12,1924.23,-414,50090,11165430
2013-04-15,1920.45,-1179,42955,11142190
2013-04-16,1922.21,-2410,54685,11151470
2013-04-17,1923.84,-2067,53571,11162090
2013-04-18,1900.06,-2352,42836,11025870
2013-04-19,1906.75,-2348,45064,11064590
2013-04-22,1926.31,-99,37083,11176610
2013-04-23,1918.63,-1174,35303,11135890
2013-04-24,1935.31,-201,44325,11231450
2013-04-25,1951.6,497,45981,11325270
2013-04-26,1944.56,-1172,,11256750
2013-04-29,1940.7,-1788,36480,11234420
2013-04-30,1963.95,335,49747,11376040
2013-05-02,1957.21,-896,41811,11339050
2013-05-03,1965.71,-355,42262,11389860
2013-05-06,1961.48,-591,39410,11369830
2013-05-07,1954.35,-2514,36523,11322770
2013-05-08,1956.45,-2681,41508,11336710
2013-05-09,1979.45,-1774,50531,11473490
2013-05-10,1944.75,-1598,42699,11275520
2013-05-13,1948.7,-894,31232,11301390
2013-05-14,1968.83,1621,41423,11423280
2013-05-15,1971.26,-395,38030,11439270
2013-05-16,1986.81,3069,48774,11536110
2013-05-20,1982.43,942,44168,11528040
2013-05-21,1981.09,668,37883,11527670
2013-05-22,1993.83,1302,45339,11595710
2013-05-23,1969.19,-67,46462,11451950
2013-05-24,1973.45,-877,37152,11475320
2013-05-27,1979.97,466,29833,11514120
2013-05-28,1986.22,-556,39049,11550130
2013-05-29,2001.2,3918,47535,11635720
2013-05-30,2000.1,3931,51135,11637630
2013-05-31,2001.05,1874,53639,11642180
2013-06-03,1989.57,-97,36777,11569850
2013-06-04,1989.51,1275,39840,11564040
2013-06-05,1959.19,294,45417,11393950
2013-06-07,1923.85,-9319,55034,11175710
2013-06-10,1932.7,-3278,37678,11228360
2013-06-11,1920.68,-5743,44381,11154470
2013-06-12,1909.91,-4203,34358,11096740
2013-06-13,1882.73,-9551,50903,10940430
2013-06-14,1889.24,-3732,35311,10976710
2013-06-17,1883.1,-619,32699,10940840
2013-06-18,1900.62,-1505,34316,11043040
2013-06-19,1888.31,-1253,33204,10972850
2013-06-20,1850.49,-4574,44032,10750970
2013-06-21,1822.83,-8009,50164,10592430
2013-06-24,1799.01,-2446,31701,10457680
2013-06-25,1780.63,-1342,44629,10348430
2013-06-26,1783.45,-2145,42915,10370130
2013-06-27,1834.7,1131,41892,10675310
2013-06-28,1863.32,4917,44650,10842160
2013-07-01,1855.73,-445,30379,10797550
2013-07-02,1855.02,483,38958,10788000
2013-07-03,1824.66,-2353,37738,10612200
2013-07-04,1839.14,-781,31579,10693300
2013-07-05,1833.31,-1471,37786,10656120
2013-07-08,1816.85,-1894,35865,10559560
2013-07-09,1830.35,-887,31693,10638000
2013-07-10,1824.16,-385,32841,10602720
2013-07-11,1877.6,2920,40000,10916910
2013-07-12,1869.98,1430,34909,10875160
2013-07-15,1875.16,1118,31874,10906880
2013-07-16,1866.36,304,29985,10858120
2013-07-17,1887.49,1339,40225,10979440
2013-07-18,1875.48,-1093,35206,10922300
2013-07-19,1871.41,-1095,36334,10894400
2013-07-22,1880.35,220,36520,10944110
2013-07-23,1904.15,3208,43476,11082630
2013-07-24,1912.08,1888,35465,11109650
2013-07-25,1909.61,1583,39019,11117810
2013-07-26,1910.81,2100,38650,11121860
2013-07-29,1899.89,805,42511,11058250
2013-07-30,1917.05,985,35978,11159620
2013-07-31,1914.03,120,40821,11145710
2013-08-01,1920.74,634,36373,11183450
2013-08-02,1923.38,875,40410,11203020
2013-08-05,1916.22,909,27619,11163290
2013-08-06,1906.62,-1524,34953,11107680
2013-08-07,1878.33,-1260,35648,10941870
2013-08-08,1883.97,-1629,36858,10975990
2013-08-09,1880.71,-446,35409,10959590
2013-08-12,1884.83,-586,31005,10981240
2013-08-13,1913.03,1738,41084,11151620
2013-08-14,1923.91,3581,41127,11220090
2013-08-16,1920.11,2200,37729,11162270
2013-08-19,1917.64,1275,33456,11187850
2013-08-20,1887.85,2993,42621,11017480
2013-08-21,1867.46,-1396,43119,10897920
2013-08-22,1849.12,-963,42841,10792840
2013-08-23,1870.16,1200,39016,10913770
2013-08-26,1887.86,1864,33042,11017050
2013-08-27,1885.84,1106,37716,11005720
2013-08-28,1884.52,1336,34419,10996180
2013-08-29,1907.54,4670,47946,11166400
2013-08-30,1926.36,5093,51063,11281860
2013-09-02,1924.81,815,34770,11268970
2013-09-03,1933.74,2302,40786,11316010
2013-09-04,1933.03,2604,41010,11313730
2013-09-05,1951.65,5165,44920,11421010
2013-09-06,1955.31,5008,43135,11443670
2013-09-09,1974.67,5677,45137,11552110
2013-09-10,1994.06,8621,54380,11662080
2013-09-11,2003.85,6949,46305,11720670
2013-09-12,2004.06,14309,66945,11722340
2013-09-13,1994.32,4126,40186,11664190
2013-09-16,2013.37,5098,41237,11782980
2013-09-17,2005.58,3909,43257,11731290
2013-09-23,2009.41,3127,50916,11752060
2013-09-24,2007.1,778,42537,11735410
2013-09-25,1998.06,2405,43930,11688360
2013-09-26,2007.32,2104,39988,11741090
2013-09-27,2011.8,2243,41671,11766510
2013-09-30,1996.96,1120,41872,11679830
2013-10-01,1998.87,1875,39019,11690270
2013-10-02,1999.47,2267,42782,11700200
2013-10-04,1996.98,4220,43250,11688130
2013-10-07,1994.42,2246,34359,11674800
2013-10-08,2002.76,4412,42444,11726090
2013-10-10,2001.4,1612,39947,11721440
2013-10-11,2024.9,2841,47237,11855510
2013-10-14,2020.27,3158,36294,11828660
2013-10-15,2040.96,3233,40893,11953600
2013-10-16,2034.61,2081,45003,11913210
2013-10-17,2040.61,2932,48976,11950130
2013-10-18,2052.4,3058,44895,12016490
2013-10-21,2053.01,1942,41509,12021590
2013-10-22,2056.12,1561,48046,12040110
2013-10-23,2035.75,5920,53634,11923770
2013-10-24,2046.69,1175,38155,11984930
2013-10-25,2034.39,123,40323,11912860
2013-10-28,2048.14,1174,39386,11998800
2013-10-29,2051.76,1245,36347,12021920
2013-10-30,2059.58,1494,42200,12107460
2013-10-31,2030.09,-273,45477,11937810
2013-11-01,2039.42,1728,36570,11995050
2013-11-04,2025.17,-1803,32590,11914560
2013-11-05,2013.93,-387,35604,11849490
2013-11-06,2013.67,-102,39857,11852530
2013-11-07,2004.04,-553,37141,11796560
2013-11-08,1984.87,-2702,45594,11685300
2013-11-11,1977.3,-643,34105,11643050
2013-11-12,1995.48,-76,32472,11756620
2013-11-13,1963.56,-1854,35129,11563890
2013-11-14,1967.56,-700,38105,11591720
2013-11-15,2005.64,605,37148,11814290
2013-11-18,2010.81,-110,30900,11852440
2013-11-19,2031.64,2479,43037,11974070
2013-11-20,2017.24,867,44654,11883650
2013-11-21,1993.78,-2293,33233,11747530
2013-11-22,2006.23,-232,35438,11814400
2013-11-25,2015.98,848,31175,11874330
2013-11-26,2022.64,94,34745,11906250
2013-11-27,2028.81,-434,40060,11943320
2013-11-28,2045.77,1626,41187,12045950
2013-11-29,2044.87,892,34295,12041770
2013-12-02,2030.78,536,32737,11962400
2013-12-03,2009.36,-500,37538,11840270
2013-12-04,1986.8,-3379,36451,11710890
2013-12-05,1984.77,-3203,34207,11699050
2013-12-06,1980.41,-767,33295,11666810
2013-12-09,2000.38,833,30665,11782110
2013-12-10,1993.45,-1132,30734,11745760
2013-12-11,1977.97,-2029,35196,11663620
2013-12-12,1967.93,-6071,40828,11614080
2013-12-13,1962.91,-2657,37883,11582260
2013-12-16,1961.15,-624,29877,11574840
2013-12-17,1965.74,530,38113,11601680
2013-12-18,1974.63,-1237,38772,11652580
2013-12-19,1975.65,1085,38696,11662230
2013-12-20,1983.35,-171,32669,11711220
2013-12-23,1996.89,716,32336,11789670
2013-12-24,2001.59,-545,32638,11811640
2013-12-26,1999.3,-121,32699,11796130
2013-12-27,2002.28,707,29537,11813510
2013-12-30,2011.34,1167,32615,11859730
2014-01-02,1967.19,-3136,43098,11598930
2014-01-03,1946.14,-3121,39980,11471850
2014-01-06,1953.28,517,36471,11518210
2014-01-07,1959.44,1010,36869,11551480
2014-01-08,1958.96,1664,43626,11553360
2014-01-09,1946.11,716,47002,11479280
2014-01-10,1938.54,-581,45010,11432040
2014-01-13,1948.92,-954,33564,11488970
2014-01-14,1946.07,-273,35218,11474010
2014-01-15,1953.28,-381,38311,11507060
2014-01-16,1957.32,367,34814,11528660
2014-01-17,1944.48,-963,33345,11455720
2014-01-20,1953.78,-262,28705,11507130
2014-01-21,1963.89,-102,33447,11569700
2014-01-22,1970.42,158,35347,11608590
2014-01-23,1947.59,-1613,35103,11477640
2014-01-24,1940.56,-1420,45177,11450700
2014-01-27,1910.34,-5245,44157,11269100
2014-01-28,1916.93,-3101,42034,11311430
2014-01-29,1941.15,210,44745,11455210
2014-02-03,1919.96,-4064,39786,11333500
2014-02-04,1886.85,-6554,45373,11136610
2014-02-05,1891.32,-2809,39628,11165740
2014-02-06,1907.89,-1144,41010,11263610
2014-02-07,1922.5,1624,44726,11349920
2014-02-10,1923.3,-1411,32468,11352460
2014-02-11,1932.06,819,34213,11405860
2014-02-12,1935.84,-53,36490,11434190
2014-02-13,1926.96,-1076,29682,11381060
2014-02-14,1940.28,26,32700,11470410
2014-02-17,1946.36,231,34396,11505430
2014-02-18,1946.91,-471,27730,11510920
2014-02-19,1942.93,-519,31193,11491930
2014-02-20,1930.57,-1676,39049,11419660
2014-02-21,1957.83,3171,36008,11591410
2014-02-24,1949.05,74,29446,11539680
2014-02-25,1964.86,2320,,11629590
2014-02-26,1970.77,609,39870,11667310
2014-02-27,1978.43,1391,38776,11718480
2014-02-28,1979.99,2337,48784,11734500
2014-03-03,1964.69,-773,34691,11644470
2014-03-04,1954.11,-1482,31134,11581120
2014-03-05,1971.24,170,36265,11687170
2014-03-06,1975.62,851,34106,11715150
2014-03-07,1974.68,2007,35159,11710610
2014-03-10,1954.42,-341,34406,11594720
2014-03-11,1963.87,-421,34738,11648150
2014-03-12,1932.54,-2646,43123,11464610
2014-03-13,1934.38,-4981,44799,11473670
2014-03-14,1919.9,-4773,40598,11383000
2014-03-17,1927.53,-2296,33145,11422640
2014-03-18,1940.21,-1488,36304,11494150
2014-03-19,1937.68,-670,34394,11476320
2014-03-20,1919.52,-2109,33383,11368240
2014-03-21,1934.94,-702,35056,11496590
2014-03-24,1945.55,423,33126,11558250
2014-03-25,1941.25,-870,37842,11526830
2014-03-26,1964.31,805,40372,11668580
2014-03-27,1977.97,2336,39959,11773970
2014-03-28,1981,2325,34461,11796890
2014-03-31,1985.61,3192,44687,11824880
2014-04-01,1991.98,2115,39288,11857850
2014-04-02,1997.25,4382,39907,11887990
2014-04-03,1993.7,3546,42464,11875800
2014-04-04,1988.09,1141,40850,11843770
2014-04-07,1989.7,1603,37284,11852040
2014-04-08,1993.03,782,37642,11871750
2014-04-09,1998.95,3632,47880,11901730
2014-04-10,2008.61,3089,42389,11960400
2014-04-11,1997.44,1169,35583,11896910
2014-04-14,1997.02,-13,29506,11892760
2014-04-15,1992.27,1249,34992,11867220
2014-04-16,1992.21,493,33106,11868270
2014-04-17,1992.05,1703,29097,11864790
2014-04-18,2004.28,1211,28190,11934890
2014-04-21,1999.22,755,22248,11904690
2014-04-22,2004.22,1068,31470,11933710
2014-04-23,2000.37,2567,41996,11911060
2014-04-24,1998.34,730,36061,11904740
2014-04-25,1971.66,379,37993,11748790
2014-04-28,1969.26,-1166,28473,11732360
2014-04-29,1964.77,-1596,30430,11701740
2014-04-30,1961.79,-823,39294,11680230
2014-05-02,1959.44,-1504,33118,11669060
2014-05-07,1939.88,-3260,36408,11552150
2014-05-08,1950.6,-2123,39909,11621060
2014-05-09,1956.55,-552,34844,11658680
2014-05-12,1964.94,-1002,37905,11717790
2014-05-13,1982.93,2131,37547,11827310
2014-05-14,2010.83,3462,37839,11991860
2014-05-15,2010.2,3716,34639,11987050
2014-05-16,2013.44,4799,40686,12006580
2014-05-19,2015.14,1824,44861,12039260
2014-05-20,2011.26,2665,39126,12019750
2014-05-21,2008.33,1884,34025,12001170
2014-05-22,2015.59,2909,36638,12052290
2014-05-23,2017.17,1339,31718,12054260
2014-05-26,2010.35,551,27249,12008350
2014-05-27,1997.63,218,27563,11934730
2014-05-28,2017.06,1155,33217,12049460
2014-05-29,2012.26,993,36897,12032230
2014-05-30,1994.96,317,52255,11926170
2014-06-02,2002,2136,31613,11969650
2014-06-03,2008.56,172,48856,12005380
2014-06-05,1995.48,658,51445,11930910
2014-06-09,1990.04,200,45712,11888270
2014-06-10,2011.8,2149,39233,12018750
2014-06-11,2014.67,1447,38853,12030720
2014-06-12,2011.65,117,42727,12008750
2014-06-13,1990.85,-2551,35630,11878820
2014-06-16,1993.59,372,44780,11895320
2014-06-17,2001.55,323,36246,11945980
2014-06-18,1989.49,1381,34618,11875140
2014-06-19,1992.03,-384,41067,11888050
2014-06-20,1968.07,-898,48185,11752320
2014-06-23,1974.92,106,34136,11798640
2014-06-24,1994.35,288,36645,11914750
2014-06-25,1981.77,-220,33774,11852700
2014-06-26,1995.05,928,38885,11931630
2014-06-27,1988.51,3095,33951,11892120
2014-06-30,2002.21,1904,29899,11972170
2014-07-01,1999,1004,30050,11951100
2014-07-02,2015.28,3125,38547,12049690
2014-07-03,2010.97,1576,35156,12020260
2014-07-04,2009.66,330,30917,12011750
2014-07-07,2005.12,1875,30605,11974310
2014-07-08,2006.66,968,34633,11982520
2014-07-09,2000.5,-702,37679,11943720
2014-07-10,2002.84,1878,37192,11961590
2014-07-11,1988.74,671,36256,11882430
2014-07-14,1993.88,-70,31381,11916850
2014-07-15,2012.72,2816,41510,12039330
2014-07-16,2013.48,1551,39963,12044050
2014-07-17,2020.9,2282,39308,12093220
2014-07-18,2019.42,1206,36751,12083500
2014-07-21,2018.5,982,32836,12076960
2014-07-22,2028.93,1335,32163,12136640
2014-07-23,2028.32,1018,42580,12130890
2014-07-24,2026.62,1757,46371,12122610
2014-07-25,2033.85,504,40132,12169070
2014-07-28,2048.81,1779,46712,12255500
2014-07-29,2061.97,3638,60102,12342180
2014-07-30,2082.61,6239,65544,12473430
2014-07-31,2076.12,4940,61525,12424160
2014-08-01,2073.1,-650,50451,12396380
2014-08-04,2080.42,2212,39285,12443120
2014-08-05,2066.26,1206,40911,12354630
2014-08-06,2060.73,1840,51666,12344360
2014-08-07,2054.51,-497,38390,12306730
2014-08-08,2031.1,-2072,45752,12162700
2014-08-11,2039.37,-138,36393,12215900
2014-08-12,2041.47,972,37875,12223910
2014-08-13,2062.36,4134,42595,12351380
2014-08-14,2063.22,1933,38968,12354810
2014-08-18,2053.13,-31,36816,12292940
2014-08-19,2071.14,1847,43550,12398310
2014-08-20,2072.78,2344,45702,12407400
2014-08-21,2044.21,15,45438,12237310
2014-08-22,2056.7,1047,35180,12315310
2014-08-25,2060.89,-271,35096,12328390
2014-08-26,2068.05,1013,36816,12370970
2014-08-27,2074.93,514,43771,12413120
2014-08-28,2075.76,1275,38567,12424490
2014-08-29,2068.54,1549,41704,12388860
2014-09-01,2067.86,649,32274,12381770
2014-09-02,2051.58,323,40368,12281260
2014-09-03,2051.2,1316,47890,12274900
2014-09-04,2056.26,699,45653,12306710
2014-09-05,2049.41,502,40089,12264350
2014-09-11,2034.16,-699,50852,12181060
2014-09-12,2041.86,-585,39028,12223990
2014-09-15,2035.82,106,31934,12185210
2014-09-16,2042.92,-989,31241,12228490
2014-09-17,2062.61,266,35477,12348090
2014-09-18,2047.74,-1101,53015,12247410
2014-09-19,2053.82,-2408,50827,12269300
2014-09-22,2039.27,-2411,35463,12175800
2014-09-23,2028.91,-2569,46843,12114150
2014-09-24,2035.64,-252,44543,12146870
2014-09-25,2034.11,-1262,47671,12136210
2014-09-26,2031.64,-221,39237,12122990
2014-09-29,2026.6,570,44822,12100030
2014-09-30,2020.09,1841,47356,12056670
2014-10-01,1991.54,-1967,44412,11888920
2014-10-02,1976.16,-3858,47300,11790880
2014-10-06,1968.39,-1998,48158,11749350
2014-10-07,1972.91,-1786,38678,11777910
2014-10-08,1965.25,-1567,38302,11720920
2014-10-10,1940.92,-1861,44263,11572910
2014-10-13,1927.21,-3193,40264,11494730
2014-10-14,1929.25,-2924,41734,11512480
2014-10-15,1925.91,-1809,40864,11496370
2014-10-16,1918.83,-212,47147,11449800
2014-10-17,1900.66,-3094,46495,11341850
2014-10-20,1930.06,199,36135,11524880
2014-10-21,1915.28,-630,43706,11436680
2014-10-22,1936.97,484,44134,11561930
2014-10-23,1931.65,-1935,44102,11536120
2014-10-24,1925.69,3567,53033,11506260
2014-10-27,1931.97,97,40672,11547380
2014-10-28,1925.68,-1478,38362,11507330
2014-10-29,1961.17,1234,54537,11726870
2014-10-30,1958.93,-227,50019,11719180
2014-10-31,1964.43,2795,54843,11761420
2014-11-03,1952.97,-44,45313,11695560
2014-11-04,1935.19,-258,49715,11587860
2014-11-05,1931.43,-1365,40706,11559790
2014-11-06,1936.48,-681,48101,11592510
2014-11-07,1939.87,-975,36985,11607960
2014-11-10,1958.23,410,45697,11722060
2014-11-11,1963,1113,44873,11753360
2014-11-12,1967.27,-172,44536,11774510
2014-11-13,1960.51,1118,39552,11732240
2014-11-14,1945.14,-2393,52298,11895690
2014-11-17,1943.63,-321,42953,11885660
2014-11-18,1967.01,2410,41623,12035010
2014-11-19,1966.87,3757,48622,12041230
2014-11-20,1958.04,3863,48972,11994740
2014-11-21,1964.84,586,43124,12035320
2014-11-24,1978.54,3533,55222,12123620
2014-11-25,1980.21,3875,61799,12120300
2014-11-26,1980.84,764,41491,12131720
2014-11-27,1982.09,-233,55712,12166470
2014-11-28,1980.78,526,43015,12162920
2014-12-01,1965.22,627,47026,12067020
2014-12-02,1965.83,471,38785,12065400
2014-12-03,1969.91,463,33007,12095210
2014-12-04,1986.61,444,35483,12192080
2014-12-05,1986.62,2311,,12193010
2014-12-08,1978.95,1065,31741,12147110
2014-12-09,1970.95,2316,39201,12102570
2014-12-10,1945.56,-1295,38220,11946480
2014-12-11,1916.59,-7072,44832,11767940
2014-12-12,1921.71,-2496,38009,11797680
2014-12-15,1920.36,-3065,37503,11793290
2014-12-16,1904.13,-4891,43722,11694180
2014-12-17,1900.16,-4088,41268,11663940
2014-12-18,1897.5,-5243,53220,11800600
2014-12-19,1929.98,-9,44927,12006550
2014-12-22,1943.12,-532,42104,12092330
2014-12-23,1939.02,-1157,36996,12067220
2014-12-24,1946.61,540,30410,12116720
2014-12-26,1948.16,640,34062,12124970
2014-12-29,1927.86,-1186,34369,11995310
2014-12-30,1915.59,-1002,36950,11922520
2015-01-02,1926.44,264,36960,11980100
2015-01-05,1915.75,554,47001,11915260
2015-01-06,1882.45,-3301,47554,11711670
2015-01-07,1883.83,-2203,37627,11719910
2015-01-08,1904.65,1960,43956,11851700
2015-01-09,1924.7,1604,44067,11973220
2015-01-12,1920.95,-818,35818,11951960
2015-01-13,1917.14,-555,48731,11931070
2015-01-14,1913.66,-915,45268,11909790
2015-01-15,1914.14,-2067,38928,11910870
2015-01-16,1888.13,-3006,40083,11747830
2015-01-19,1902.62,-259,35831,11838970
2015-01-20,1918.31,324,36369,11936900
2015-01-21,1921.23,698,44012,11966890
2015-01-22,1920.82,611,45979,11961560
2015-01-23,1936.09,1001,46445,12054860
2015-01-26,1935.68,-1092,39697,12045180
2015-01-27,1952.4,840,46191,12145270
2015-01-28,1961.58,-660,53333,12202100
2015-01-29,1951.02,-2420,53347,12144630
2015-01-30,1949.26,-953,58896,12134920
2015-02-02,1952.68,39,43759,12155640
2015-02-03,1951.96,-304,46591,12146800
2015-02-04,1962.79,2255,50288,12218010
2015-02-05,1952.84,-1158,43346,12153490
2015-02-06,1955.52,4317,59497,12171090
2015-02-09,1947,-1062,43269,12121340
2015-02-10,1935.86,-1316,41368,12053570
2015-02-11,1945.7,1001,42277,12105900
2015-02-12,1941.63,-598,43193,12082760
2015-02-13,1957.5,1751,40738,12182920
2015-02-16,1958.23,1302,36908,12186700
2015-02-17,1961.45,-255,35107,12204640
2015-02-23,1968.39,1279,41425,12245750
2015-02-24,1976.12,806,42626,12294710
2015-02-25,1990.47,2076,50175,12388390
2015-02-26,1993.08,2317,51535,12402280
2015-02-27,1985.8,808,56750,12352430
2015-03-02,1996.81,1573,57857,12421580
2015-03-03,2001.38,1799,54384,12456630
2015-03-04,1998.29,2343,47249,12440540
2015-03-05,1998.38,1227,40555,12436830
2015-03-06,2012.94,2839,48095,12530630
2015-03-09,1992.82,-604,40484,12403280
2015-03-10,1984.77,797,47864,12353140
2015-03-11,1980.83,906,58870,12335970
2015-03-12,1970.59,-1203,64003,12276990
2015-03-13,1985.79,1046,43503,12371400
2015-03-16,1987.33,61,46469,12378020
2015-03-17,2029.91,4989,53863,12639270
2015-03-18,2028.45,3299,53885,12631910
2015-03-19,2037.89,3966,57990,12691300
2015-03-20,2037.24,2631,51952,12682200
2015-03-23,2036.59,1457,46863,12679830
2015-03-24,2041.37,654,46646,12709130
2015-03-25,2042.81,1125,51091,12726640
2015-03-26,2022.56,-1124,51550,12600420
2015-03-27,2019.8,-799,51107,12587800
2015-03-30,2030.04,758,44654,12648510
2015-03-31,2041.03,1372,53673,12723170
2015-04-01,2028.45,-632,53862,12651340
2015-04-02,2029.07,-157,60068,12654510
2015-04-03,2045.42,454,45275,12755700
2015-04-06,2046.43,-175,47690,12769620
2015-04-07,2047.03,483,48612,12780760
2015-04-08,2059.26,946,65181,12861650
2015-04-09,2058.87,1514,60456,12855000
2015-04-10,2087.76,2874,64146,13036440
2015-04-13,2098.92,2792,70203,13106800
2015-04-14,2111.72,3958,80517,13184490
2015-04-15,2119.96,3212,73787,13229550
2015-04-16,2139.9,3749,73201,13353640
2015-04-17,2143.5,2799,63445,13383230
2015-04-20,2146.71,2851,70952,13401000
2015-04-21,2144.79,2468,69256,13386140
2015-04-22,2143.89,7445,85375,13380860
2015-04-23,2173.41,4435,82251,13564870
2015-04-24,2159.8,5328,82653,13468080
2015-04-27,2157.54,2071,61964,13453980
2015-04-28,2147.67,-16,61442,13390240
2015-04-29,2142.63,-615,67005,13361204
2015-04-30,2127.17,708,61712,13272850
2015-05-04,2132.23,1291,47291,13309720
2015-05-06,2104.58,957,56739,13132220
2015-05-07,2091,-674,54643,13041890
2015-05-08,2085.52,-237,47607,13001800
2015-05-11,2097.38,-475,50404,13072460
2015-05-12,2096.77,68,50160,13052560
2015-05-13,2114.16,775,50020,13159000
2015-05-14,2120.33,254,51172,13203680
2015-05-15,2106.5,4799,61524,13118610
2015-05-18,2113.72,1650,58533,13163830
2015-05-19,2120.85,754,57581,13206590
2015-05-20,2139.54,1363,60810,13327540
2015-05-21,2122.81,606,56836,13225910
2015-05-22,2146.1,2960,60849,13367590
2015-05-26,2143.5,-38,66647,13359220
2015-05-27,2107.5,-1882,80388,13133080
2015-05-28,2110.89,2513,68475,13155240
2015-05-29,2114.8,2567,78982,13186070
2015-06-01,2102.37,381,58974,13101100
2015-06-02,2078.64,110,70292,12942890
2015-06-03,2063.16,1551,66124,12850270
2015-06-04,2072.86,3744,74253,12918010
2015-06-05,2068.1,1075,61968,12886760
2015-06-08,2065.19,-739,56006,12859360
2015-06-09,2064.03,-1466,56061,12843810
2015-06-10,2051.32,-1978,62602,12765500
2015-06-11,2056.61,-1676,76289,12796190
2015-06-12,2052.17,-844,61522,12772880
2015-06-15,2042.32,1219,49689,12711220
2015-06-16,2028.72,-3149,63604,12629800
2015-06-17,2034.86,-1536,51126,12674600
2015-06-18,2041.88,-2621,53242,12716920
2015-06-19,2046.96,-2836,56499,12745780
2015-06-22,2055.16,-1233,43204,12797700
2015-06-23,2081.2,-98,52934,12961860
2015-06-24,2085.53,545,53401,12994590
2015-06-25,2085.06,81,59358,12985020
2015-06-26,2090.26,591,63455,13018220
2015-06-29,2060.49,-1101,62072,12844890
2015-06-30,2074.2,-516,56536,12931300
2015-07-01,2097.89,94,58875,13073860
2015-07-02,2107.33,1161,71231,13131810
2015-07-03,2104.41,-121,59940,13107710
2015-07-06,2053.93,-2817,63593,12792740
2015-07-07,2040.29,-1058,82824,12706190
2015-07-08,2016.21,-3983,75619,12565670
2015-07-09,2027.81,-3488,70763,12635960
2015-07-10,2031.17,-711,66940,12660040
2015-07-13,2061.52,60,62348,12847310
2015-07-14,2059.23,-356,68073,12829910
2015-07-15,2072.91,2358,75711,12915392
2015-07-16,2087.89,1820,75112,13008833
2015-07-17,2076.79,-722,84714,12953340
2015-07-20,2073.31,-222,60326,12931940
2015-07-21,2083.62,-1271,65669,12998960
2015-07-22,2064.73,-3770,68426,12886070
2015-07-23,2065.07,-1892,62366,12890260
2015-07-24,2045.96,-2586,61525,12773800
2015-07-27,2038.81,11,63773,12736660
2015-07-28,2039.1,-1305,66169,12732890
2015-07-29,2037.62,20,67022,12729610
2015-07-30,2019.03,-798,68099,12621180
2015-07-31,2030.16,1662,62860,12688630
2015-08-03,2008.49,-85,51185,12557110
2015-08-04,2027.99,599,50201,12676640
2015-08-05,2029.76,-248,50649,12685820
2015-08-06,2013.29,-1019,58843,12575630
2015-08-07,2010.23,-340,47450,12560060
2015-08-10,2003.17,-597,44919,12523130
2015-08-11,1986.65,-877,50806,12420350
2015-08-12,1975.47,-3034,68602,12352870
2015-08-13,1983.46,-2163,51786,12396750
2015-08-17,1968.52,-3213,46225,12285560
2015-08-18,1956.26,-207,56073,12215600
2015-08-19,1939.38,-269,72534,12116580
2015-08-20,1914.55,-2932,51576,11963220
2015-08-21,1876.07,-4421,68344,11726600
2015-08-24,1829.81,-7239,62353,11431770
2015-08-25,1846.63,-5309,66798,11539570
2015-08-26,1894.09,-5492,68493,11823800
2015-08-27,1908,-3482,67194,11913190
2015-08-28,1937.67,-395,65195,12096540
2015-08-31,1941.49,-369,60245,12126810
2015-09-01,1914.23,-75,48311,11961370
2015-09-02,1915.22,-873,50143,11969690
2015-09-03,1915.53,-1209,46241,11986060
2015-09-04,1886.04,-231,46885,11807050
2015-09-07,1883.22,-2853,37853,11795160
2015-09-08,1878.68,-2497,47592,11769130
2015-09-09,1934.2,-1491,53035,12109170
2015-09-10,1962.11,-2294,54982,12273420
2015-09-11,1941.37,-563,46798,12151720
2015-09-14,1931.46,-580,41370,12095810
2015-09-15,1937.56,-1159,40677,12142900
2015-09-16,1975.45,2223,59593,12381630
2015-09-17,1976.49,1264,56770,12387180
2015-09-18,1995.95,1724,68078,12505610
2015-09-21,1964.68,-1921,38582,12309860
2015-09-22,1982.06,-186,45348,12421973
2015-09-23,1944.64,-3018,54339,12188916
2015-09-24,1947.1,-2205,50807,12202947
2015-09-25,1942.85,-2980,43117,12173690
2015-09-30,1962.81,1475,56556,12305790
2015-10-01,1979.32,1011,52299,12406700
2015-10-02,1969.68,-1276,52771,12362410
2015-10-05,1978.25,-154,46511,12412370
2015-10-06,1990.65,1351,56334,12491785
2015-10-07,2005.84,881,61955,12599862
2015-10-08,2019.53,1900,62598,12681100
2015-10-12,2021.63,1331,62193,12692270
2015-10-13,2019.05,1065,51940,12677590
2015-10-14,2009.55,-1113,50316,12624980
2015-10-15,2033.27,405,46553,12773570
2015-10-16,2030.26,3758,53505,12751405
2015-10-19,2030.27,630,42834,12751740
2015-10-20,2039.36,381,47878,12807460
2015-10-21,2042.98,-33,54386,12876775
2015-10-22,2023,-2866,59520,12754624
2015-10-23,2040.4,1156,53848,12862861
2015-10-26,2048.08,1599,43433,12911077
2015-10-27,2044.65,-101,40959,12888641
2015-10-28,2042.51,-2200,50945,12880060
2015-10-29,2034.16,-251,62614,12841950
2015-10-30,2029.47,-270,61880,12849280
2015-11-02,2035.24,1333,47716,12889090
2015-11-03,2048.4,314,57972,12964860
2015-11-04,2052.77,1179,49532,12990940
2015-11-05,2049.41,-289,40246,12969410
2015-11-06,2041.07,-512,45902,12931980
2015-11-09,2025.7,53,60583,12835390
2015-11-10,1996.59,-691,57349,12650460
2015-11-11,1997.27,-2227,38744,12662410
2015-11-12,1993.36,-2208,34926,12638760
2015-11-13,1973.29,-2109,42619,12513650
2015-11-16,1943.02,-2362,53589,12327300
2015-11-17,1963.58,-1646,45101,12459630
2015-11-18,1962.88,-1429,46119,12459260
2015-11-19,1988.91,2899,51305,12633020
2015-11-20,1989.86,-1748,40327,12631830
2015-11-23,2003.7,-1040,44816,12714880
2015-11-24,2016.29,-1818,43623,12794760
2015-11-25,2009.42,-1994,42561,12748410
2015-11-26,2030.68,661,44287,12882150
2015-11-27,2028.99,-294,40058,12869950
2015-11-30,1991.97,-5383,65385,12636560
2015-12-01,2023.93,1134,49028,12845400
2015-12-02,2009.29,-3029,44160,12750610
2015-12-03,1994.07,-2548,35154,12652640
2015-12-04,1974.4,-3648,32975,12531931
2015-12-07,1963.67,-1474,33968,12458825
2015-12-08,1949.04,-1830,36327,12347410
2015-12-09,1948.24,-2429,36905,12342350
2015-12-10,1952.07,-3568,46994,12363600
2015-12-11,1948.62,-2312,41266,12341440
2015-12-14,1927.82,-2622,42723,12210520
2015-12-15,1932.97,-3527,36437,12243530
2015-12-16,1969.4,-1591,43060,12474700
2015-12-17,1977.96,-655,39239,12530430
2015-12-18,1975.32,-1430,42180,12511290
2015-12-21,1981.19,-1141,35947,12548072
2015-12-22,1992.56,-66,41811,12618947
2015-12-23,1999.22,-63,43458,12661006
2015-12-24,1990.65,-36,36174,12608550
2015-12-28,1964.06,-304,38406,12454880
2015-12-29,1966.31,-928,37982,12456740
2015-12-30,1961.31,-382,37062,12428480
2016-01-04,1918.76,-1572,39663,12153840
2016-01-05,1930.53,-1897,41976,12226220
2016-01-06,1925.43,1631,62747,12192970
2016-01-07,1904.33,-2693,50030,12055460
2016-01-08,1917.62,-1492,52055,12137390
2016-01-11,1894.84,-1136,45095,11999400
2016-01-12,1890.86,-2198,39175,11966040
2016-01-13,1916.28,-499,39431,12125740
2016-01-14,1900.01,-3724,43871,12020510
2016-01-15,1878.87,-2182,45788,11886690
2016-01-18,1878.45,-3498,41197,11883420
2016-01-19,1889.64,-2798,45365,11968460
2016-01-20,1845.45,-2283,53396,11688470
2016-01-21,1840.53,-2974,47930,11656540
2016-01-22,1879.43,-1564,43991,11901780
2016-01-25,1893.43,-827,40499,11991850
2016-01-26,1871.69,-1888,44707,11854480
2016-01-27,1897.87,330,50654,12021000
2016-01-28,1906.94,-158,62426,12074590
2016-01-29,1912.06,1761,64837,12074580
2016-02-01,1924.82,1856,51608,12155610
2016-02-02,1906.06,-300,46394,12035720
2016-02-03,1890.67,-1905,48154,12103940
2016-02-04,1916.26,1498,52538,12103710
2016-02-05,1917.79,4,47919,12121760
2016-02-11,1861.54,-1677,47701,11766230
2016-02-12,1835.28,-2978,63390,11603510
2016-02-15,1862.2,-1240,45005,11774640
2016-02-16,1888.3,858,42679,11935230
2016-02-17,1883.94,-196,51883,11915530
2016-02-18,1908.84,864,47860,12069900
2016-02-19,1916.24,1712,38808,12115290
2016-02-22,1916.36,355,34863,12117160
2016-02-23,1914.22,-48,39823,12104140
2016-02-24,1912.53,-166,35565,12090590
2016-02-25,1918.57,203,41799,12131110
2016-02-26,1920.16,2431,46448,12151170
2016-02-29,1916.66,1732,46154,12132450
2016-03-02,1947.42,3778,51781,12327060
2016-03-03,1958.17,4965,49816,12400080
2016-03-04,1955.63,1620,46058,12382050
2016-03-07,1957.87,2016,46876,12396160
2016-03-08,1946.12,-957,48932,12320170
2016-03-09,1952.95,-183,42809,12355450
2016-03-10,1969.33,6510,51625,12464880
2016-03-11,1971.41,1477,42071,12480560
2016-03-14,1972.27,829,42185,12487930
2016-03-15,1969.97,625,38132,12471360
2016-03-16,1974.9,984,41241,12506420
2016-03-17,1987.99,7346,50945,12587660
2016-03-18,1992.12,2774,47761,12614770
2016-03-21,1989.76,1345,40437,12605440
2016-03-22,1996.81,1355,44928,12651310
2016-03-23,1995.12,118,40197,12640020
2016-03-24,1985.97,480,38228,12584720
2016-03-25,1983.81,-402,38066,12567840
2016-03-28,1982.54,-112,34068,12562390
2016-03-29,1994.91,1485,40444,12642040
2016-03-30,2002.14,369,46196,12692440
2016-03-31,1995.85,-2105,52031,12650020
2016-04-01,1973.57,-2111,51563,12506370
2016-04-04,1978.97,582,42628,12542540
2016-04-05,1962.74,-1926,40264,12432450
2016-04-06,1971.32,1166,45693,12487890
2016-04-07,1973.89,2258,46315,12500000
2016-04-08,1972.05,1654,43889,12490670
2016-04-11,1970.37,-167,38633,12482560
2016-04-12,1981.32,1130,39442,12553290
2016-04-14,2015.93,5509,64064,12765760
2016-04-15,2014.71,979,45230,12762130
2016-04-18,2009.1,1998,43049,12734350
2016-04-19,2011.36,290,44656,12741550
2016-04-20,2005.83,1118,46533,12707810
2016-04-21,2022.1,1609,47830,12809030
2016-04-22,2015.49,1549,42157,12768360
2016-04-25,2014.55,2077,44239,12763530
2016-04-26,2019.63,1289,52811,12788830
2016-04-27,2015.4,1824,53982,12760570
2016-04-28,2000.93,-2025,54607,12663230
2016-04-29,1994.15,638,53348,12619530
2016-05-02,1978.15,-329,38792,12486560
2016-05-03,1986.41,870,38135,12539120
2016-05-04,1976.71,1723,50561,12483540
2016-05-09,1967.81,-979,53030,12434950
2016-05-10,1982.5,367,48575,12524790
2016-05-11,1980.1,699,44518,12516350
2016-05-12,1977.49,245,41442,12495470
2016-05-13,1966.99,-1428,45452,12425180
2016-05-16,1967.91,170,48725,12440960
2016-05-17,1968.06,-534,55219,12438400
2016-05-18,1956.73,365,66978,12365790
2016-05-19,1946.78,-213,53076,12301620
2016-05-20,1947.67,-1276,44556,12306920
2016-05-23,1955.25,42,40625,12356450
2016-05-24,1937.68,-586,50055,12249790
2016-05-25,1960.51,1249,54562,12403060
2016-05-26,1957.06,68,51038,12380820
2016-05-27,1969.17,1494,49112,12462190
2016-05-30,1967.13,1217,46644,12446530
2016-05-31,1983.4,-1312,86124,12553560
2016-06-01,1982.72,2429,53840,12559990
2016-06-02,1985.11,3868,54005,12579120
2016-06-03,1985.84,-1273,54973,12582200
2016-06-07,2011.63,2615,55414,12744460
2016-06-08,2027.08,3095,58458,12839480
2016-06-09,2024.17,4140,79550,12821260
2016-06-10,2017.63,-283,47771,12780760
2016-06-13,1979.06,-1469,46799,12533170
2016-06-14,1972.03,-1053,50099,12494820
2016-06-15,1968.83,-211,46949,12476640
2016-06-16,1951.99,423,44524,12372460
2016-06-17,1953.4,-981,44889,12383270
2016-06-20,1981.12,207,40450,12555590
2016-06-21,1982.7,-1100,45146,12569200
2016-06-22,1992.58,300,41362,12632090
2016-06-23,1986.71,291,42208,12590870
2016-06-24,1925.24,-1498,87245,12212810
2016-06-27,1926.85,-2372,51756,12222710
2016-06-28,1936.22,-3680,44526,12278100
2016-06-29,1956.36,583,48654,12403350
2016-06-30,1970.35,4034,53266,12501980
2016-07-01,1987.32,2525,43254,12612370
2016-07-04,1995.3,1794,41510,12666290
2016-07-05,1989.85,129,39515,12632700
2016-07-06,1953.12,-4300,47647,12393760
2016-07-07,1974.08,1695,39364,12527480
2016-07-08,1963.1,413,43153,12458310
2016-07-11,1988.54,2683,43849,12627920
2016-07-12,1991.23,1929,44853,12639910
2016-07-13,2005.55,5810,47435,12738830
2016-07-14,2008.77,3684,43189,12762840
2016-07-15,2017.26,4909,46403,12853470
2016-07-18,2021.11,2317,35692,12878180
2016-07-19,2016.89,3149,37662,12850440
2016-07-20,2015.46,1795,35413,12844100
2016-07-21,2012.22,440,39214,12822990
2016-07-22,2010.34,721,38669,12807880
2016-07-25,2012.32,1934,40531,12819050
2016-07-26,2027.34,1942,40726,12917380
2016-07-27,2025.05,2438,44939,12899210
2016-07-28,2021.1,1965,43431,12877210
2016-07-29,2016.19,2126,50287,12831580
2016-08-01,2029.61,3078,48221,12918140
2016-08-02,2019.03,516,43141,12849540
2016-08-03,1994.79,-866,43871,12696440
2016-08-04,2000.03,384,36484,12735230
2016-08-05,2017.94,2503,41680,12858880
2016-08-08,2031.12,810,41698,12939460
2016-08-09,2043.78,2093,41726,13017780
2016-08-10,2044.64,3084,46382,13021300
2016-08-11,2048.8,-177,44904,13046380
2016-08-12,2050.47,605,46676,13059750
2016-08-16,2047.76,347,45039,13044940
2016-08-17,2043.75,143,44069,13019630
2016-08-18,2055.47,1903,47649,13101970
2016-08-19,2056.24,2205,50054,13113500
2016-08-22,2042.16,-119,41013,13026370
2016-08-23,2049.93,459,44706,13077300
2016-08-24,2043.76,-415,41442,13033420
2016-08-25,2042.92,-3188,41988,13024390
2016-08-26,2037.5,-1296,40119,12986740
2016-08-29,2032.35,841,38435,12958470
2016-08-30,2039.74,524,38180,13006190
2016-08-31,2034.65,215,54859,12969420
2016-09-01,2032.72,-1394,43737,12949380
2016-09-02,2038.31,2179,39372,12988050
2016-09-05,2060.08,2720,41279,13123210
2016-09-06,2066.53,2699,40967,13172080
2016-09-07,2061.88,839,50534,13135910
2016-09-08,2063.73,1816,56437,13153720
2016-09-09,2037.87,-505,43738,12980730
2016-09-12,1991.48,-2190,48158,12673360
2016-09-13,1999.36,2474,51467,12738990
2016-09-19,2015.78,470,49616,12847070
2016-09-20,2025.71,984,41864,12916190
2016-09-21,2035.99,882,41329,12981210
2016-09-22,2049.7,1283,42599,13074370
2016-09-23,2054.07,-425,45366,13087980
2016-09-26,2047.11,-152,36914,13040560
2016-09-27,2062.82,255,47127,13136910
2016-09-28,2053.06,-1146,40456,13074680
2016-09-29,2068.72,1832,45439,13180000
2016-09-30,2043.63,-1579,57392,13018030
2016-10-04,2054.86,1814,50192,13096470
2016-10-05,2053,-22,43298,13086410
2016-10-06,2065.3,916,53584,13173060
2016-10-07,2053.8,373,54034,13099450
2016-10-10,2056.82,-393,46666,13090060
2016-10-11,2031.93,-3359,53409,12918270
2016-10-12,2033.73,-5524,48321,12931600
2016-10-13,2015.44,1923,45076,12818400
2016-10-14,2022.66,323,41894,12862790
2016-10-17,2027.61,2912,37507,12895310
2016-10-18,2040.43,1899,39064,12976520
2016-10-19,2040.94,2299,40977,12987950
2016-10-20,2040.6,1093,39550,12990240
2016-10-21,2033,459,34898,12941450
2016-10-24,2047.74,970,35880,13036350
2016-10-25,2037.17,-614,49660,12969300
2016-10-26,2013.89,-828,47507,12822320
2016-10-27,2024.12,289,49012,12889710
2016-10-28,2019.42,-334,42456,12865510
2016-10-31,2008.19,101,43658,12797540
2016-11-01,2007.39,140,44626,12789780
2016-11-02,1978.94,-220,44041,12609960
2016-11-03,1983.8,-2057,37808,12634550
2016-11-04,1982.02,-1916,31124,12626070
2016-11-07,1997.58,-2178,31315,12723730
2016-11-08,2003.38,-555,32388,12760140
2016-11-09,1958.38,-2139,74313,12474810
2016-11-10,2002.6,479,70128,12847240
2016-11-11,1984.43,-4495,67189,12725310
2016-11-14,1974.4,-3345,50998,12656740
2016-11-15,1967.53,-2059,50956,12612060
2016-11-16,1979.65,-80,46553,12692250
2016-11-17,1980.55,618,35394,12701110
2016-11-18,1974.58,615,47422,12699900
2016-11-21,1966.05,683,35014,12646200
2016-11-22,1983.47,3449,39420,12760430
2016-11-23,1987.95,1647,46903,12773930
2016-11-24,1971.26,-1414,35477,12672100
2016-11-25,1974.46,199,29145,12689480
2016-11-28,1978.13,2087,30851,12730020
2016-11-29,1978.39,4508,44135,12728520
2016-11-30,1983.48,2740,55590,12773050
2016-12-01,1983.75,309,40612,12771440
2016-12-02,1970.61,-9,37279,12690740
2016-12-05,1963.36,-45,30716,12648820
2016-12-06,1989.86,1175,37947,12823060
2016-12-07,1991.89,783,36596,12836230
2016-12-08,2031.07,284,49563,13078830
2016-12-09,2024.69,571,38139,13042170
2016-12-12,2027.24,848,36918,13050310
2016-12-13,2035.98,1120,42207,13107510
2016-12-14,2036.87,1763,33928,13136410
2016-12-15,2036.65,-33,32910,13132870
2016-12-16,2042.24,677,39442,13177170
2016-12-19,2038.39,50,29767,13155840
2016-12-20,2041.94,606,31747,13179820
2016-12-21,2037.96,782,33844,13154750
2016-12-22,2035.73,-500,32564,13138500
2016-12-23,2035.9,-1005,32006,13136490
2016-12-26,2037.75,-312,30363,13150230
2016-12-27,2042.17,934,30957,13185860
2016-12-28,2024.49,1268,30510,13068480
2016-12-29,2026.46,1286,30092,13084400
2017-01-02,2026.16,274,26168,13080420
2017-01-03,2043.97,1711,37251,13192180
2017-01-04,2045.64,2142,40989,13202930
2017-01-05,2041.95,841,44798,13175770
2017-01-06,2049.12,1713,35117,13223740
2017-01-09,2048.78,2544,38784,13229450
2017-01-10,2045.12,996,38698,13207840
2017-01-11,2075.17,4855,45344,13405320
2017-01-12,2087.14,314,47273,13478790
2017-01-13,2076.79,-1084,47271,13403530
2017-01-16,2064.17,-2394,47692,13319400
2017-01-17,2071.87,-84,42152,13369130
2017-01-18,2070.54,-193,40548,13380840
2017-01-19,2072.79,1460,41369,13399000
2017-01-20,2065.61,-465,40824,13354970
2017-01-23,2065.99,1167,37744,13366760
2017-01-24,2065.76,-131,37897,13366010
2017-01-25,2066.94,2091,65676,13384220
2017-01-26,2083.59,3649,44256,13496720
2017-01-31,2067.57,-3025,45963,13384090
2017-02-01,2080.48,-119,45324,13463500
2017-02-02,2071.01,705,57075,13407770
2017-02-03,2073.16,-1097,49133,13419660
2017-02-06,2077.66,29,39005,13450540
2017-02-07,2075.21,-1600,41710,13431050
2017-02-08,2065.08,-2426,44677,13364450
2017-02-09,2065.88,545,42691,13370080
2017-02-10,2075.08,-1053,48859,13425350
2017-02-13,2078.65,58,39882,13445390
2017-02-14,2074.57,-1276,44621,13417970
2017-02-15,2083.86,-287,47353,13472250
2017-02-16,2081.84,1656,43311,13462240
2017-02-17,2080.58,2903,47827,13450890
2017-02-20,2084.39,533,33205,13481540
2017-02-21,2102.93,1248,39762,13599380
2017-02-22,2106.61,4529,42468,13623730
2017-02-23,2107.63,356,45930,13628460
2017-02-24,2094.12,-49,51768,13533640
2017-02-27,2085.52,-2257,41700,13478490
2017-02-28,2091.64,679,50515,13518950
2017-03-02,2102.65,6820,61724,13601360
2017-03-03,2078.75,-319,51293,13443190
2017-03-06,2081.36,2295,46559,13463550
2017-03-07,2094.05,926,39627,13547470
2017-03-08,2095.41,1542,45171,13555190
2017-03-09,2091.06,4448,51105,13523840
2017-03-10,2097.35,1601,55707,13564930
2017-03-13,2117.59,4546,46578,13697790
2017-03-14,2133.78,4057,52879,13807240
2017-03-15,2133,1289,49749,13806640
2017-03-16,2150.08,2798,51640,13916890
2017-03-17,2164.58,2512,49796,14015430
2017-03-20,2157.01,-848,41173,13961190
2017-03-21,2178.38,3627,56201,14105000
2017-03-22,2168.3,-962,55860,14042650
2017-03-23,2172.72,526,51524,14064100
2017-03-24,2168.95,-891,51271,14037330
2017-03-27,2155.66,364,52913,13953480
2017-03-28,2163.31,207,50766,14010360
2017-03-29,2166.98,-618,53561,14039130
2017-03-30,2164.64,894,45742,14038350
2017-03-31,2160.23,257,44800,14009610
2017-04-03,2167.51,-220,40660,14058830
2017-04-04,2161.1,-1016,46193,14020460
2017-04-05,2160.85,-76,49108,14021680
2017-04-06,2152.75,-905,42041,13966290
2017-04-07,2151.73,-779,41434,13955570
2017-04-10,2133.32,-541,40501,13840380
2017-04-11,2123.85,-1266,42094,13782550
2017-04-12,2128.91,790,39706,13815350
2017-04-13,2148.61,-11,43961,13852790
2017-04-14,2134.88,-735,13853,13852790
2017-04-17,2145.78,-1117,37501,13920640
2017-04-18,2148.46,114,39711,13936140
2017-04-19,2138.4,2251,48930,13869260
2017-04-20,2149.15,763,51325,13936440
2017-04-21,2165.04,3322,48377,14018520
2017-04-24,2173.74,3381,44028,14073330
2017-04-25,2196.85,6516,51066,14228320
2017-04-26,2207.84,2984,55092,14301070
2017-04-27,2209.46,133,65513,14326790
2017-04-28,2205.44,-151,58427,14308730
2017-05-02,2219.67,1355,48265,14411510
2017-05-04,2241.24,3641,47908,14545780
2017-05-08,2292.76,5440,67959,14873200
2017-05-10,2270.12,1107,93838,14762210
2017-05-11,2296.37,1046,78955,14951310
2017-05-12,2286.02,-3066,64937,15030650
2017-05-15,2290.65,-959,46485,15063180
2017-05-16,2295.33,2341,65428,15098510
2017-05-17,2293.08,67,57090,15089790
2017-05-18,2286.82,269,59144,15048330
2017-05-19,2288.48,411,59287,15052980
2017-05-22,2304.03,2887,58274,15157970
2017-05-23,2311.74,-554,56269,14979230
2017-05-24,2317.34,773,56718,15013680
2017-05-25,2342.93,1170,62639,15166720
2017-05-26,2355.3,1231,61526,15248250
2017-05-29,2352.97,222,56287,15230180
2017-05-30,2343.68,-417,56232,15167040
2017-05-31,2347.38,-3619,82443,15192240
2017-06-01,2344.61,-136,53896,15175310
2017-06-02,2371.72,4480,61578,15354330
2017-06-05,2368.62,2740,51963,15337780
2017-06-07,2360.14,1146,62725,15283130
2017-06-08,2363.57,2818,84068,15308820
2017-06-09,2381.69,1547,72274,15429970
2017-06-12,2357.87,-1462,57822,15276050
2017-06-13,2374.7,-787,56652,15382630
2017-06-14,2372.64,222,67952,15373880
2017-06-15,2361.65,110,58828,15303330
2017-06-16,2361.83,-1633,59654,15306720
2017-06-19,2370.9,1272,54219,15366930
2017-06-20,2369.23,4872,71436,15362410
2017-06-21,2357.53,-1847,64661,15284740
2017-06-22,2370.37,1827,68290,15366510
2017-06-23,2378.6,1666,58634,15419190
2017-06-26,2388.66,431,52138,15483840
2017-06-27,2391.95,542,64735,15506000
2017-06-28,2382.56,-1811,60181,15436780
2017-06-29,2395.66,1000,55199,15522870
2017-06-30,2391.79,-410,51000,15492610
2017-07-03,2394.48,1054,47827,15512360
2017-07-04,2380.52,-1929,48997,15418000
2017-07-05,2388.35,-65,47861,15468650
2017-07-06,2387.81,2173,48044,15468950
2017-07-07,2379.87,2757,54891,15405380
2017-07-10,2382.1,-571,49246,15491970
2017-07-11,2396,1007,49421,15582530
2017-07-12,2391.77,3816,53523,15559800
2017-07-13,2409.49,3408,61699,15680270
2017-07-14,2414.63,2003,52888,15712300
2017-07-17,2425.1,-388,49287,15784990
2017-07-18,2426.04,-2161,48014,15786310
2017-07-19,2429.94,-1003,51003,15811500
2017-07-20,2441.84,606,54527,15898610
2017-07-21,2450.06,2901,52073,15928770
2017-07-24,2451.53,-1677,46370,15933460
2017-07-25,2439.9,-3431,54067,15854930
2017-07-26,2434.51,-3517,64740,15818500
2017-07-27,2443.24,-2082,53971,15874880
2017-07-28,2400.99,-5600,70197,15594990
2017-07-31,2402.71,-2550,56465,15606550
2017-08-01,2422.96,-352,56052,15733270
2017-08-02,2427.63,1364,53464,15744780
2017-08-03,2386.85,-4025,65008,15473130
2017-08-04,2395.45,-1634,50840,15529780
2017-08-07,2398.75,932,44284,15551760
2017-08-08,2394.73,918,46236,15530610
2017-08-09,2368.39,-2552,46936,15355930
2017-08-10,2359.47,-2246,62935,15297640
2017-08-11,2319.71,-5872,63230,15036260
2017-08-14,2334.22,-2572,46575,15155750
2017-08-16,2348.26,-1015,61690,15256700
2017-08-17,2361.67,1730,46960,15346530
2017-08-18,2358.37,85,43956,15327780
2017-08-21,2355,-202,38606,15303860
2017-08-22,2365.33,639,40369,15369950
2017-08-23,2366.4,1079,40725,15382270
2017-08-24,2375.84,190,47439,15439130
2017-08-25,2378.51,-251,46646,15447540
2017-08-28,2370.3,-606,40358,15388750
2017-08-29,2364.74,-2631,44276,15358580
2017-08-30,2372.29,-656,46527,15409640
2017-08-31,2363.19,-1073,53516,15356290
2017-09-01,2357.69,763,48119,15325920
2017-09-04,2329.65,66,44227,15143960
2017-09-05,2326.62,-2107,49513,15122780
2017-09-06,2319.82,-3264,53368,15083570
2017-09-07,2346.19,707,46971,15256800
2017-09-08,2343.72,150,45886,15246380
2017-09-11,2359.08,-1506,49290,15353840
2017-09-12,2365.47,-1850,50007,15394740
2017-09-13,2360.18,-73,60330,15360600
2017-09-14,2377.66,-227,67508,15467810
2017-09-15,2386.07,-845,64301,15523430
2017-09-18,2418.21,2211,52180,15736920
2017-09-19,2416.05,-1433,53572,15728760
2017-09-20,2412.2,-1881,56307,15706210
2017-09-21,2406.5,994,57301,15670700
2017-09-22,2388.71,283,61245,15553360
2017-09-25,2380.4,-333,48557,15506280
2017-09-26,2374.32,-3771,58532,15457850
2017-09-27,2372.57,-2810,45985,15443050
2017-09-28,2373.14,-1290,47128,15444740
2017-09-29,2394.47,318,46673,15582440
2017-10-10,2433.81,8196,75078,15837650
2017-10-11,2458.16,7020,60864,16008750
2017-10-12,2474.76,2444,62819,16109140
2017-10-13,2473.62,-349,68239,16102090
2017-10-16,2480.05,-290,61751,16138280
2017-10-17,2484.37,-541,53227,16169370
2017-10-18,2482.91,-293,58265,16161020
2017-10-19,2473.06,13,68912,16084660
2017-10-20,2489.54,2014,56486,16196030
2017-10-23,2490.05,3151,47599,16200870
2017-10-24,2490.49,-1002,46245,16207550
2017-10-25,2492.5,1129,50888,16215640
2017-10-26,2480.63,-258,71433,16132410
2017-10-27,2496.63,1276,63430,16244020
2017-10-30,2501.93,2805,70206,16265380
2017-10-31,2523.43,4444,76945,16422850
2017-11-01,2556.47,3047,75678,16649010
2017-11-02,2546.36,-19,62551,16583880
2017-11-03,2557.97,-1477,55150,16630240
2017-11-06,2549.41,1443,54334,16572180
2017-11-07,2545.44,2442,56657,16543390
2017-11-08,2552.4,528,57165,16588560
2017-11-09,2550.57,-671,69318,16576460
2017-11-10,2542.95,-1858,55176,16525770
2017-11-13,2530.35,-281,61757,16446480
2017-11-14,2526.64,-976,59991,16406710
2017-11-15,2518.25,-657,72835,16349630
2017-11-16,2534.79,2867,56332,16454910
2017-11-17,2533.99,5554,66497,16445300
2017-11-20,2527.67,2140,58685,16404260
2017-11-21,2530.7,3933,70198,16425230
2017-11-22,2540.51,424,76001,16499780
2017-11-23,2537.15,-763,51742,16477210
2017-11-24,2544.33,-1100,44773,16524080
2017-11-27,2507.81,-4533,62571,16273000
2017-11-28,2514.19,-1611,65189,16317750
2017-11-29,2512.9,-1602,52776,16308440
2017-11-30,2476.37,-5999,93976,16071690
2017-12-01,2475.41,-1945,57402,16065630
2017-12-04,2501.67,1505,60564,16229660
2017-12-05,2510.12,331,59268,16278390
2017-12-06,2474.37,-3387,66513,16051640
2017-12-07,2461.98,-3411,63076,15988850
2017-12-08,2464,-1019,54849,16027670
2017-12-11,2471.49,-1655,46131,16079430
2017-12-12,2461,-2388,52925,16014450
2017-12-13,2480.55,-2049,51213,16133240
2017-12-14,2469.48,3815,82765,16068040
2017-12-15,2482.07,-2022,60473,16140800
2017-12-18,2481.88,-1650,44771,16142480
2017-12-19,2478.53,641,52399,16124120
2017-12-20,2472.37,-3067,47488,16077330
2017-12-21,2429.83,-3281,53515,15796900
2017-12-22,2440.54,1329,48018,15874590
2017-12-26,2427.34,246,56416,15783860
2017-12-27,2436.67,-1156,48454,15848160
2017-12-28,2467.49,1793,42744,16058210
2018-01-02,2479.65,2657,47864,16135080
2018-01-03,2486.35,4006,60196,16176340
2018-01-04,2466.46,3396,68963,16049160
2018-01-05,2497.52,2466,63175,16249700
2018-01-08,2513.28,3911,64049,16347770
2018-01-09,2510.23,436,73455,16320670
2018-01-10,2499.75,-2804,85780,16240570
2018-01-11,2487.91,1743,77893,16166650
2018-01-12,2496.42,-1179,87722,16217170
2018-01-15,2503.73,243,61186,16265740
2018-01-16,2521.74,2798,69137,16391880
2018-01-17,2515.43,658,63257,16347710
2018-01-18,2515.81,934,64477,16357240
2018-01-19,2520.26,-808,62630,16377860
2018-01-22,2502.11,-1766,63853,16262870
2018-01-23,2536.6,2163,68384,16486670
2018-01-24,2538,-143,67647,16493150
2018-01-25,2562.23,3772,78675,16652840
2018-01-26,2574.76,1832,76736,16733590
2018-01-29,2598.19,3246,79081,16888140
2018-01-30,2567.74,-1175,78780,16686740
2018-01-31,2566.46,-6630,108426,16685790
2018-02-01,2568.54,-2718,80531,16701430
2018-02-02,2525.39,-4728,82607,16413860
2018-02-05,2491.75,-4555,80961,16201590
2018-02-06,2453.31,-2813,95666,15952750
2018-02-07,2396.56,-1961,83694,15580730
2018-02-08,2407.62,884,72751,15637540
2018-02-09,2363.77,-3170,85241,15673080
2018-02-12,2385.38,-802,66311,15818110
2018-02-13,2395.19,3315,73331,15899890
2018-02-14,2421.83,1068,59703,16079990
2018-02-19,2442.82,285,58434,16216170
2018-02-20,2415.12,290,51466,16035590
2018-02-21,2429.65,-992,60743,16127510
2018-02-22,2414.28,-975,49820,16021490
2018-02-23,2451.52,1576,53871,16260530
2018-02-26,2457.65,-1813,56060,16302100
2018-02-27,2456.14,58,56742,16294060
2018-02-28,2427.36,1439,71684,16115550
2018-03-02,2402.16,-2328,60779,15939480
2018-03-05,2375.06,-903,57850,15759130
2018-03-06,2411.41,135,65986,16003290
2018-03-07,2401.82,-2574,89567,15949380
2018-03-08,2433.08,-1755,90530,16149330
2018-03-09,2459.45,1960,85737,16334380
2018-03-12,2484.12,1936,65706,16497890
2018-03-13,2494.49,5923,78287,16577120
2018-03-14,2486.08,-1273,63797,16526290
2018-03-15,2492.38,-399,60659,16561760
2018-03-16,2493.97,1665,65664,16568580
2018-03-19,2475.03,-845,59946,16442370
2018-03-20,2485.52,-1231,53841,16504200
2018-03-21,2484.97,-682,59255,16503380
2018-03-22,2496.02,2118,71788,16585230
2018-03-23,2416.76,-1332,79315,16060360
2018-03-26,2437.08,-1018,59286,16205070
2018-03-27,2452.06,94,63056,16317430
2018-03-28,2419.29,-2515,77611,16100670
2018-03-29,2436.37,-2700,72568,16210530
2018-03-30,2445.85,-1684,64344,16276470
2018-04-02,2444.16,-256,68417,16263930
2018-04-03,2442.43,-1049,79501,16253100
2018-04-04,2408.06,-1970,80921,16026180
2018-04-05,2437.52,1453,75670,16229840
2018-04-06,2429.58,-2365,73011,16174250
2018-04-09,2444.08,-551,66074,16269970
2018-04-10,2450.74,-1184,75201,16310610
2018-04-11,2444.22,4645,74681,16266890
2018-04-12,2442.71,2323,81529,16261030
2018-04-13,2455.07,529,69239,16366090
2018-04-16,2457.49,-372,62207,16386250
2018-04-17,2453.77,-2766,63606,16366240
2018-04-18,2479.98,3510,82043,16552990
2018-04-19,2486.1,1816,101184,16601960
2018-04-20,2476.33,-4911,78416,16531750
2018-04-23,2474.11,-2933,93726,16517210
2018-04-24,2464.14,-4390,83009,16447430
2018-04-25,2448.81,-7657,75279,16347410
2018-04-26,2475.64,1722,79217,16530740
2018-04-27,2492.4,1599,82992,16643730
2018-04-30,2515.38,2431,94603,16801040
2018-05-02,2505.61,-1668,117123,16734570
2018-05-03,2487.25,-3233,78661,16615560
2018-05-04,2461.38,-226,108165,16451960
2018-05-08,2449.81,-323,96307,16383400
2018-05-09,2443.98,-2285,90694,16333040
2018-05-10,2464.16,-401,88704,16464130
2018-05-11,2477.71,1996,75887,16555120
2018-05-14,2476.11,-955,95631,16541070
2018-05-15,2458.54,-2402,94463,16415970
2018-05-16,2459.82,111,98171,16427660
2018-05-17,2448.45,-2708,81905,16345480
2018-05-18,2460.65,-385,64630,16435410
2018-05-21,2465.57,-762,62984,16467980
2018-05-23,2471.91,2755,92620,16516040
2018-05-24,2466.01,331,67662,16472510
2018-05-25,2460.8,3340,90786,16450670
2018-05-28,2478.96,-1611,98412,16565840
2018-05-29,2457.25,-2284,85329,16419630
2018-05-30,2409.03,-6905,89995,16090520
2018-05-31,2423.01,9500,132521,16193870
2018-06-01,2438.96,2408,87675,16303370
2018-06-04,2447.76,161,77707,16364420
2018-06-05,2453.76,-89,73448,16404710
2018-06-07,2470.58,1400,80607,16509870
2018-06-08,2451.58,1294,76727,16382260
2018-06-11,2470.15,-108,70255,16494250
2018-06-12,2468.83,-1260,96152,16489390
2018-06-14,2423.48,-4766,97543,16191210
2018-06-15,2404.04,-5493,90899,16053790
2018-06-18,2376.24,-3195,85935,15868010
2018-06-19,2340.11,-2154,79946,15629230
2018-06-20,2363.91,1144,69869,15785200
2018-06-21,2337.83,-1294,67846,15613940
2018-06-22,2357.22,57,66043,15743200
2018-06-25,2357.88,-1112,56839,15749550
2018-06-26,2350.92,-3228,65363,15707720
2018-06-27,2342.03,1580,70073,15654680
2018-06-28,2314.24,-2881,57754,15465390
2018-06-29,2326.13,1666,63097,15547170
2018-07-02,2271.54,1155,59900,15188120
2018-07-03,2272.76,2013,60021,15191690
2018-07-04,2265.46,1,48810,15143930
2018-07-05,2257.55,-953,51666,15096390
2018-07-06,2272.87,-3811,63584,15190660
2018-07-09,2285.8,-592,57964,15275550
2018-07-10,2294.16,317,50388,15338210
2018-07-11,2280.62,2016,57009,15246750
2018-07-12,2285.06,-178,61577,15270750
2018-07-13,2310.9,2248,65007,15438920
2018-07-16,2301.99,-457,49690,15381240
2018-07-17,2297.92,-890,48979,15354420
2018-07-18,2290.11,914,50322,15311120
2018-07-19,2282.29,518,54312,15260480
2018-07-20,2289.19,-1213,49107,15316510
2018-07-23,2269.31,-314,55495,15177770
2018-07-24,2280.2,634,58319,15250940
2018-07-25,2273.03,-1496,61426,15201520
2018-07-26,2289.06,1285,63571,15309140
2018-07-27,2294.99,1632,50916,15353820
2018-07-30,2293.51,1614,45523,15349640
2018-07-31,2295.26,-711,48784,15360340
2018-08-01,2307.07,1714,48329,15444600
2018-08-02,2270.2,-480,50428,15199020
2018-08-03,2287.68,1439,43126,15315450
2018-08-06,2286.5,18,46074,15296120
2018-08-07,2300.16,578,47486,15387430
2018-08-08,2301.45,3579,55181,15401100
2018-08-09,2303.71,-2239,59859,15411800
2018-08-10,2282.79,-1122,61862,15266830
2018-08-13,2248.45,-1740,59501,15039390
2018-08-14,2258.91,-88,48720,15108150
2018-08-16,2240.8,-2423,60216,14979240
2018-08-17,2247.05,1027,46453,15022740
2018-08-20,2247.88,-555,44190,15029230
2018-08-21,2270.06,1069,51830,15181990
2018-08-22,2273.33,2082,54250,15212840
2018-08-23,2282.6,1736,52383,15274870
2018-08-24,2293.21,784,51369,15342690
2018-08-27,2299.3,2384,57663,15383480
2018-08-28,2303.12,1432,55031,15409900
2018-08-29,2309.03,1150,48078,15450710
2018-08-30,2307.35,2215,52524,15443270
2018-08-31,2322.88,3966,55258,15548730
2018-09-03,2307.03,-2160,40966,15437790
2018-09-04,2315.72,220,45512,15496150
2018-09-05,2291.77,-980,53905,15333130
2018-09-06,2287.61,-2924,56796,15299060
2018-09-07,2281.58,-7736,62637,15250660
2018-09-10,2288.66,1240,55995,15299620
2018-09-11,2283.2,-1889,61883,15258660
2018-09-12,2282.92,-4154,64455,15252370
2018-09-13,2286.23,-2684,65989,15269970
2018-09-14,2318.25,2048,58392,15494850
2018-09-17,2303.01,1767,50798,15389740
2018-09-18,2308.98,-830,57942,15441130
2018-09-19,2308.46,3861,63827,15442710
2018-09-20,2323.45,2953,64688,15548050
2018-09-21,2339.17,8246,82866,15654110
2018-09-27,2355.43,2294,72997,15760720
2018-09-28,2343.07,-2246,72152,15676000
2018-10-01,2338.88,-535,55417,15650880
2018-10-02,2309.57,-2421,63948,15456870
2018-10-04,2274.49,-5320,76063,15220780
2018-10-05,2267.52,-3318,63984,15166880
2018-10-08,2253.83,-1789,44788,15077280
2018-10-10,2228.61,-2305,88364,14912990
2018-10-11,2129.67,-4867,83357,14258630
2018-10-12,2161.85,742,60851,14479550
2018-10-15,2145.12,210,47089,14363930
2018-10-16,2145.12,-673,39367,14367400
2018-10-17,2167.51,62,52850,14516050
2018-10-18,2148.31,-536,42291,14389380
2018-10-19,2156.26,-1727,48751,14440340
2018-10-22,2161.71,-1109,39104,14473390
2018-10-23,2106.1,-5654,69957,14106710
2018-10-24,2097.58,-3286,64901,14044990
2018-10-25,2063.3,-3615,76078,13812190
2018-10-26,2027.15,-1761,66881,13577490
2018-10-29,1996.05,-1608,63597,13375480
2018-10-30,2014.69,-1834,70221,13507280
2018-10-31,2029.69,1353,63473,13614780
2018-11-01,2024.46,2928,59659,13577210
2018-11-02,2096,4407,67981,14053340
2018-11-05,2076.92,-638,49173,13926070
2018-11-06,2089.62,20,51436,14007930
2018-11-07,2078.69,-654,64520,13941120
2018-11-08,2092.63,4916,59875,14032640
2018-11-09,2086.09,481,52606,13994950
2018-11-12,2080.44,402,55430,13960150
2018-11-13,2071.23,-3036,58654,13898210
2018-11-14,2068.05,-1322,55620,13875310
2018-11-15,2088.06,-1697,48286,14006440
2018-11-16,2092.4,-209,48377,14032140
2018-11-19,2100.56,-924,47038,14075810
2018-11-20,2082.58,-2529,50437,13943210
2018-11-21,2076.55,-3905,51516,13899080
2018-11-22,2069.95,-437,41527,13858040
2018-11-23,2057.48,368,37742,13774770
2018-11-26,2083.02,-358,44823,13941390
2018-11-27,2099.42,1951,45546,14052630
2018-11-28,2108.22,942,47940,14109350
2018-11-29,2114.1,3260,53042,14149530
2018-11-30,2096.86,-366,73168,14034820
2018-12-03,2131.93,3250,55712,14275280
2018-12-04,2114.35,1230,55396,14146370
2018-12-05,2101.31,-1973,48028,14055050
2018-12-06,2068.69,-3841,56065,13835050
2018-12-07,2075.76,284,43188,13890340
2018-12-10,2053.79,-2720,46975,13739370
2018-12-11,2052.97,-1750,50203,13733420
2018-12-12,2082.57,-413,56130,13715590
2018-12-13,2095.55,4831,79420,13797590
2018-12-14,2069.38,-922,57842,13622310
2018-12-17,2071.09,660,47645,13633310
2018-12-18,2062.11,-1705,52416,13581100
2018-12-19,2078.84,108,51249,13689280
2018-12-20,2060.12,-415,54831,13561690
2018-12-21,2061.49,-2225,54925,13573520
2018-12-24,2055.01,64,38438,13529000
2018-12-26,2028.01,610,54241,13367570
2018-12-27,2028.44,2394,53510,13355550
2018-12-28,2041.04,2026,41207,13439720
2019-01-02,2010,-276,42959,13236450
2019-01-03,1993.7,1016,53585,13127590
2019-01-04,2010.25,-1261,54901,13237190
2019-01-07,2037.1,560,53014,13423810
2019-01-08,2025.27,-255,48266,13339960
2019-01-09,2064.71,3849,55327,13608520
2019-01-10,2063.28,2729,54343,13598570
2019-01-11,2075.57,1776,45925,13683110
2019-01-14,2064.52,948,49410,13605650
2019-01-15,2097.18,1230,52370,13824500
2019-01-16,2106.1,1009,53525,13886950
2019-01-17,2107.06,2353,58578,13899760
2019-01-18,2124.28,1141,53561,14012340
2019-01-21,2124.61,661,53206,14017800
2019-01-22,2117.77,1349,48974,13973180
2019-01-23,2127.78,-977,51706,14039370
2019-01-24,2145.03,4954,60358,14157380
2019-01-25,2177.73,8214,70657,14378430
2019-01-28,2177.3,3577,60606,14374910
2019-01-29,2183.36,1940,65046,14413450
2019-01-30,2206.2,3138,68757,14560600
2019-01-31,2204.85,2824,77623,14555050
2019-02-01,2203.46,2657,68740,14546990
2019-02-07,2203.42,1614,63394,14543230
2019-02-08,2177.05,-2769,57285,14363880
2019-02-11,2180.73,-582,53276,14388160
2019-02-12,2190.47,-379,59295,14461670
2019-02-13,2201.48,-288,55855,14535010
2019-02-14,2225.85,-475,64260,14693570
2019-02-15,2196.09,-1792,50976,14492960
2019-02-18,2210.89,457,46682,14589370
2019-02-19,2205.63,-67,45346,14552300
2019-02-20,2229.76,4363,59484,14719360
2019-02-21,2228.66,2079,54809,14714040
2019-02-22,2230.5,-43,46452,14725810
2019-02-25,2232.56,-796,46899,14739110
2019-02-26,2226.6,536,50242,14699330
2019-02-27,2234.79,-573,49146,14751760
2019-02-28,2195.44,-2533,83073,14487670
2019-03-04,2190.66,-1321,64052,14456420
2019-03-05,2179.23,-1578,49809,14377850
2019-03-06,2175.6,56,48281,14354240
2019-03-07,2165.79,-6,48589,14294960
2019-03-08,2137.44,-1745,44973,14105680
2019-03-11,2138.1,-1792,40775,14105610
2019-03-12,2157.18,-23,42228,14246790
2019-03-13,2148.41,1000,40885,14190830
2019-03-14,2155.68,2858,58825,14237870
2019-03-15,2176.11,-1337,68213,14370380
2019-03-18,2179.49,-491,40932,14394270
2019-03-19,2177.62,-124,38679,14385060
2019-03-20,2177.1,-1218,41757,14382530
2019-03-21,2184.88,4864,62299,14450550
2019-03-22,2186.95,5031,68817,14468420
2019-03-25,2144.86,-721,41365,14184380
2019-03-26,2148.8,365,42489,14211230
2019-03-27,2145.62,-1558,44902,14191310
2019-03-28,2128.1,-141,44039,14094540
2019-03-29,2140.67,892,52489,14172460
2019-04-01,2168.28,2488,43651,14354810
2019-04-02,2177.18,2743,42475,14416350
2019-04-03,2203.27,1447,54670,14589450
2019-04-04,2206.53,2462,48576,14612660
2019-04-05,2209.61,1003,42158,14632380
2019-04-08,2210.6,2735,46600,14641860
2019-04-09,2213.56,2099,49041,14664720
2019-04-10,2224.39,-35,51351,14730980
2019-04-11,2224.44,3245,60221,14731030
2019-04-12,2233.45,2447,60984,14793010
2019-04-15,2242.88,1780,66681,14857580
2019-04-16,2248.63,1539,70835,14896610
2019-04-17,2245.89,760,55862,14884310
2019-04-18,2213.77,-1338,65011,14671850
2019-04-19,2216.15,-576,49657,14684210
2019-04-22,2216.65,-136,46400,14688030
2019-04-23,2220.51,399,49229,14710930
2019-04-24,2201.03,235,63424,14592650
2019-04-25,2190.5,-178,56107,14522800
2019-04-26,2179.31,347,53461,14453040
2019-04-29,2216.43,36,49859,14695790
2019-04-30,2203.59,418,56971,14615270
2019-05-02,2212.75,676,50266,14674630
2019-05-03,2196.32,1509,52979,14566630
2019-05-07,2176.99,2018,54671,14436810
2019-05-08,2168.01,91,51706,14374280
2019-05-09,2102.01,-2037,82364,13935960
2019-05-10,2108.04,-3233,64078,13978990
2019-05-13,2079.01,-1392,46011,13786950
2019-05-14,2081.84,-2851,58659,13799060
2019-05-15,2092.78,-792,50529,13867080
2019-05-16,2067.69,-4687,60424,13697320
2019-05-17,2055.8,-1993,53789,13616320
2019-05-20,2055.71,-197,48897,13617820
2019-05-21,2061.25,746,52724,13661120
2019-05-22,2064.86,41,46380,13685930
2019-05-23,2059.59,820,48193,13659400
2019-05-24,2045.31,-3098,45814,13560990
2019-05-27,2044.21,-1947,35066,13556150
2019-05-28,2048.83,-7189,80803,13584370
2019-05-29,2023.32,-3830,46867,13453760
2019-05-30,2038.8,480,49788,13563870
2019-05-31,2041.74,2058,50391,13586930
2019-06-03,2067.85,2939,46405,13768650
2019-06-04,2066.97,-2015,48418,13761010
2019-06-05,2069.11,-1544,45062,13778850
2019-06-07,2072.33,-344,43474,13800640
2019-06-10,2099.49,1831,42140,13980850
2019-06-11,2111.81,1108,42767,14061040
2019-06-12,2108.75,-23,46610,14040840
2019-06-13,2103.15,-1670,59982,14000590
2019-06-14,2095.41,-688,47164,13950260
2019-06-17,2090.73,-1511,42557,13915690
2019-06-18,2098.71,2610,45796,13973580
2019-06-19,2124.78,3050,49845,14146800
2019-06-20,2131.29,-169,39948,14194510
2019-06-21,2125.62,135,52263,14156030
2019-06-24,2126.33,-990,40549,14162210
2019-06-25,2121.64,-17,42497,14130990
2019-06-26,2121.85,176,44559,14135920
2019-06-27,2134.32,1572,51225,14216560
2019-06-28,2130.62,3133,42824,14195200
2019-07-01,2129.74,1552,47302,14191330
2019-07-02,2122.02,337,41075,14139060
2019-07-03,2096.02,-860,46160,13967370
2019-07-04,2108.73,398,45427,14052370
2019-07-05,2110.59,-242,40258,14059840
2019-07-08,2064.17,5,43497,13753910
2019-07-09,2052.03,230,44398,13678890
2019-07-10,2058.78,2028,39386,13728190
2019-07-11,2080.58,3657,50575,13875300
2019-07-12,2086.66,-58,37753,13912970
2019-07-15,2082.48,141,37402,13886700
2019-07-16,2091.87,2515,52842,13944620
2019-07-17,2072.92,228,46435,13818560
2019-07-18,2066.55,691,39399,13775910
2019-07-19,2094.36,1329,41984,13963450
2019-07-22,2093.34,2336,32062,13956860
2019-07-23,2101.45,2858,46010,14011790
2019-07-24,2082.3,585,42333,13879370
2019-07-25,2074.48,1130,52074,13835010
2019-07-26,2066.26,1176,51388,13780620
2019-07-29,2029.48,-639,46812,13537300
2019-07-30,2038.68,1413,38775,13596870
2019-07-31,2024.55,-493,55329,13497510
2019-08-01,2017.34,-45,44431,13446050
2019-08-02,1998.13,-3986,53382,13317260
2019-08-05,1946.98,-3142,65998,12982240
2019-08-06,1917.5,-6051,71791,12787080
2019-08-07,1909.71,-991,53734,12736950
2019-08-08,1920.61,-1018,67695,12808540
2019-08-09,1937.75,-48,50513,12923140
2019-08-12,1942.29,-34,39978,12955030
2019-08-13,1925.83,-1745,43402,12844570
2019-08-14,1938.37,-503,50765,12930010
2019-08-16,1927.17,-936,42743,12860420
2019-08-19,1939.9,-1390,37715,12941400
2019-08-20,1960.25,1136,41303,13080760
2019-08-21,1964.65,-1281,38218,13109060
2019-08-22,1951.01,-1236,40951,13019090
2019-08-23,1948.3,77,34985,12998910
2019-08-26,1916.31,-1188,37513,12789100
2019-08-27,1924.6,-1186,50374,12847390
2019-08-28,1941.09,-511,32887,12955720
2019-08-29,1933.41,-1126,37096,12903730
2019-08-30,1967.79,2271,43715,13135980
2019-09-02,1969.19,-1245,29242,13141340
2019-09-03,1965.69,-3048,39161,13116800
2019-09-04,1988.53,-3503,41337,13267850
2019-09-05,2004.75,1891,55565,13384770
2019-09-06,2009.13,484,36672,13415650
2019-09-09,2019.55,2355,44018,13488000
2019-09-10,2032.08,153,44588,13569560
2019-09-11,2049.2,-2828,59975,13681610
2019-09-16,2062.22,-1592,56766,13765600
2019-09-17,2062.33,-798,45722,13766890
2019-09-18,2070.73,591,48494,13826980
2019-09-19,2080.35,2199,47968,13909370
2019-09-20,2091.52,447,54017,13984750
2019-09-23,2091.7,-697,40958,13984580
2019-09-24,2101.04,-2156,44067,14044480
2019-09-25,2073.39,-3670,51820,13860720
2019-09-26,2074.52,3160,46568,13873350
2019-09-27,2049.93,-249,34893,13707040
2019-09-30,2063.05,-9,37092,13793840
2019-10-01,2072.42,-1434,38700,13854530
2019-10-02,2031.91,-1149,39339,13585870
2019-10-04,2020.69,-1490,39633,13513900
2019-10-07,2021.73,-220,34121,13519800
2019-10-08,2046.25,-456,42563,13684080
2019-10-10,2028.15,-1388,56124,13567030
2019-10-11,2044.61,1115,37906,13677270
2019-10-14,2067.4,231,45794,13829610
2019-10-15,2068.17,-567,41390,13834180
2019-10-16,2082.83,47,44637,13934130
2019-10-17,2077.94,-945,34841,13900720
2019-10-18,2060.69,-1300,54293,13787520
2019-10-21,2064.84,-1229,35984,13816690
2019-10-22,2088.86,914,48111,13980140
2019-10-23,2080.62,1180,51109,13925170
2019-10-24,2085.66,1747,52088,13960590
2019-10-25,2087.89,586,44293,13977920
2019-10-28,2093.6,-552,38538,14014860
2019-10-29,2092.69,-993,40679,14006360
2019-10-30,2080.27,82,50515,13950520
2019-10-31,2083.48,367,57773,13971350
2019-11-01,2100.2,1387,45995,14088240
2019-11-04,2130.24,702,56367,14291910
2019-11-05,2142.64,3254,51813,14379520
2019-11-06,2144.15,2375,56801,14390140
2019-11-07,2144.29,-1549,51349,14390090
2019-11-08,2137.23,-1044,59693,14337040
2019-11-11,2124.09,-1734,53468,14250380
2019-11-12,2140.92,-404,57439,14362960
2019-11-13,2122.45,-272,53768,14254600
2019-11-14,2139.23,-2073,60802,14359600
2019-11-15,2162.18,-1373,56948,14514700
2019-11-18,2160.69,-1630,44509,14503490
2019-11-19,2153.24,-130,56056,14461400
2019-11-20,2125.32,-3343,55834,14273600
2019-11-21,2096.6,-5730,54374,14076000
2019-11-22,2101.96,-1864,43103,14115080
2019-11-25,2123.5,-2586,42885,14260070
2019-11-26,2121.35,-8576,76361,14249560
2019-11-27,2127.85,-1437,43183,14291340
2019-11-28,2118.6,-1166,44833,14226610
2019-11-29,2087.96,-4517,51009,14019380
2019-12-02,2091.92,-3937,45158,14049380
2019-12-03,2084.07,-2690,47095,13996150
2019-12-04,2068.89,-3965,50858,13896180
2019-12-05,2060.74,-688,46250,13844020
2019-12-06,2081.85,427,42150,13987770
2019-12-09,2088.65,652,39825,14031840
2019-12-10,2098,-199,41730,14093660
2019-12-11,2105.62,-57,48372,14144350
2019-12-12,2137.35,5554,83395,14363020
2019-12-13,2170.25,5170,62532,14587760
2019-12-16,2168.15,-1899,45612,14575290
2019-12-17,2195.68,5159,63809,14766940
2019-12-18,2194.76,3839,55191,14764030
2019-12-19,2196.56,2491,52622,14768100
2019-12-20,2204.18,1588,50208,14812670
2019-12-23,2203.71,-472,47343,14809820
2019-12-24,2190.08,-1683,47565,14721100
2019-12-26,2197.93,-363,47951,14779490
2019-12-27,2204.21,661,54297,14802880
2019-12-30,2197.67,-3404,41136,14759090
2020-01-02,2175.17,-64,46382,14614240
2020-01-03,2176.46,2618,57637,14622990
2020-01-06,2155.07,994,51565,14483850
2020-01-07,2175.54,1960,51435,14622980
2020-01-08,2151.31,2709,87507,14466310
2020-01-09,2186.45,926,72616,14708050
2020-01-10,2206.39,3792,64593,14840630
2020-01-13,2229.26,2580,62148,14999670
2020-01-14,2238.88,2629,72942,15065340
2020-01-15,2230.98,-863,59464,15010470
2020-01-16,2248.05,-270,62045,15131500
2020-01-17,2250.57,934,54444,15152990
2020-01-20,2262.64,627,59504,15243840
2020-01-21,2239.69,-2054,55696,15084080
2020-01-22,2267.25,-749,63656,15267990
2020-01-23,2246.13,-1379,67901,15126290
2020-01-28,2176.72,-5262,88182,14660830
2020-01-29,2185.28,1000,65899,14721710
2020-01-30,2148,-2802,71052,14465050
2020-01-31,2119.01,-4277,72267,14270470
2020-02-03,2118.88,-3071,80687,14271330
2020-02-04,2157.9,4876,77912,14542350
2020-02-05,2165.63,4578,77363,14602440
2020-02-06,2227.94,1586,83347,15014600
2020-02-07,2211.95,223,88132,14910130
2020-02-10,2201.07,-3039,54711,14838460
2020-02-11,2223.12,-934,66112,14983380
2020-02-12,2238.38,-2163,68922,15083460
2020-02-13,2232.96,2795,81212,15052950
2020-02-14,2243.59,945,63796,15112540
2020-02-17,2242.17,-2287,56392,15101090
2020-02-18,2208.88,-3069,64115,14874360
2020-02-19,2210.34,-2212,71070,14884550
2020-02-20,2195.5,1107,76777,14785740
2020-02-21,2162.84,2150,71059,14566920
2020-02-24,2079.04,-7860,93155,14005160
2020-02-25,2103.61,-7696,89523,14172750
2020-02-26,2076.77,-8762,80603,13985690
2020-02-27,2054.89,-3985,72412,13837760
2020-02-28,1987.01,-6312,99280,13377170
2020-03-02,2002.51,-7832,78110,13481090
2020-03-03,2014.15,-3123,86878,13561760
2020-03-04,2059.33,1534,78292,13869380
2020-03-05,2085.26,-1473,79543,14046840
2020-03-06,2040.22,-5641,72335,13739180
2020-03-09,1954.77,-13125,87969,13164270
2020-03-10,1962.93,-9876,91337,13214800
2020-03-11,1908.27,-6879,85981,12848950
2020-03-12,1834.33,-8910,113100,12353510
2020-03-13,1771.44,-11650,133769,11936860
2020-03-16,1714.86,-6814,85938,11552160
2020-03-17,1672.44,-10030,97091,11262030
2020-03-18,1591.2,-5106,95764,10717880
2020-03-19,1457.64,-6179,119325,9821690
2020-03-20,1566.15,-5844,106330,10548930
2020-03-23,1482.46,-6428,96453,9984500
2020-03-24,1609.97,-818,104814,10836950
2020-03-25,1704.76,-3262,126123,11477120
2020-03-26,1686.24,-5350,123742,11357410
2020-03-27,1717.73,-3751,128519,11565810
2020-03-30,1717.12,-4272,90810,11556300
2020-03-31,1754.64,-721,139054,11797280
2020-04-01,1685.46,-5782,121105,11339440
2020-04-02,1724.86,-6234,101522,11599870
2020-04-03,1725.44,-2901,101537,11607430
2020-04-06,1791.88,-1973,109575,12050000
2020-04-07,1823.6,-1969,116289,12265180
2020-04-08,1807.14,-1360,111265,12158580
2020-04-09,1836.21,-1806,105174,12353270
2020-04-10,1860.7,-562,120100,12514460
2020-04-13,1825.76,-2954,95167,12282260
2020-04-14,1857.08,-300,99959,12489400
2020-04-16,1857.07,-5677,107108,12488810
2020-04-17,1914.53,3229,141277,12879120
2020-04-20,1898.36,-4935,119159,12769320
2020-04-21,1879.38,-5296,138632,12636940
2020-04-22,1896.15,-367,94287,12747860
2020-04-23,1914.73,-1063,91243,12870240
2020-04-24,1889.01,-2322,96473,12711590
2020-04-27,1922.77,192,81717,12933180
2020-04-28,1934.09,-1268,103751,13005040
2020-04-29,1947.56,2349,105251,13091790
2020-05-04,1895.37,-9463,102619,12742130
2020-05-06,1928.76,-3191,85507,12965560
2020-05-07,1928.61,-3126,73833,12960950
2020-05-08,1945.82,468,79416,13074040
2020-05-11,1935.4,-1746,77528,13007690
2020-05-12,1922.17,-3111,96819,12915680
2020-05-13,1940.42,-3207,90123,13034640
2020-05-14,1924.96,-5541,94690,12928840
2020-05-15,1927.28,-4722,97233,12946190
2020-05-18,1937.11,-864,93943,13019260
2020-05-19,1980.61,3707,119183,13318350
2020-05-20,1989.64,808,82486,13376990
2020-05-21,1998.31,736,86370,13435610
2020-05-22,1970.13,-4768,95098,13243020
2020-05-25,1994.6,-1407,79603,13408260
2020-05-26,2029.78,144,125453,13637350
2020-05-27,2031.2,-2176,126351,13646780
2020-05-28,2028.54,609,144792,13632930
2020-05-29,2029.6,-1990,140846,13634500
2020-06-01,2065.08,1089,98397,13874780
2020-06-02,2087.19,-502,102329,14020570
2020-06-03,2147,2102,169988,14428710
2020-06-04,2151.18,465,160340,14462600
2020-06-05,2181.87,-720,127789,14667690
2020-06-08,2184.29,114,131455,14687150
2020-06-09,2188.92,-231,146899,14720510
2020-06-10,2195.69,-477,128882,14767120
2020-06-11,2176.78,-1206,169871,14643920
2020-06-12,2132.3,-2623,149608,14340870
2020-06-15,2030.82,-4786,182425,13661750
2020-06-16,2138.05,1081,138371,14377010
2020-06-17,2141.05,-531,154584,14400250
2020-06-18,2133.48,-1622,110899,14355180
2020-06-19,2141.32,468,123005,14410800
2020-06-22,2126.73,-2520,100983,14307190
2020-06-23,2131.24,-547,134961,14334350
2020-06-24,2161.51,3516,133248,14539510
2020-06-25,2112.37,-2802,106926,14208660
2020-06-26,2134.65,602,98212,14361680
2020-06-29,2093.48,-2328,90259,14084630
2020-06-30,2108.33,-733,116991,14188600
2020-07-01,2106.7,-1637,102326,14172800
2020-07-02,2135.37,-171,107452,14456640
2020-07-03,2152.41,148,86495,14568120
2020-07-06,2187.93,-2617,116563,14809480
2020-07-07,2164.17,-3859,148584,14651790
2020-07-08,2158.88,-3399,115676,14609940
2020-07-09,2167.9,65,120299,14672080
2020-07-10,2150.25,-3476,120481,14557810
2020-07-13,2186.06,1053,104623,14795930
2020-07-14,2183.61,71,116334,14778560
2020-07-15,2201.88,2743,136414,14902400
2020-07-16,2183.76,-1322,113043,14783070
2020-07-17,2201.19,1167,101911,14901800
2020-07-20,2198.2,-739,120250,14883580
2020-07-21,2228.83,4483,157593,15095150
2020-07-22,2228.66,-3,156519,15097170
2020-07-23,2216.19,-2008,163290,15014250
2020-07-24,2200.44,841,171569,14909860
2020-07-27,2217.86,1677,142569,15027100
2020-07-28,2256.99,13113,175170,15300860
2020-07-29,2263.16,2980,155006,15361960
2020-07-30,2267.01,2228,135502,15392870
2020-07-31,2249.37,-548,130023,15267980
2020-08-03,2251.04,-2719,136129,15280250
2020-08-04,2279.97,-615,152872,15482690
2020-08-05,2311.86,-456,178831,15697780
2020-08-06,2342.61,1685,178317,15906720
2020-08-07,2351.67,-730,175858,15980220
2020-08-10,2386.38,-1330,195113,16216750
2020-08-11,2418.67,1512,196804,16432440
2020-08-12,2432.35,-1550,166801,16523040
2020-08-13,2437.53,-3476,182500,16562930
2020-08-14,2407.49,-4641,165957,16368570
2020-08-18,2348.24,745,175725,15967250
2020-08-19,2360.54,-2662,123675,16049830
2020-08-20,2274.22,-2805,171018,15462350
2020-08-21,2304.59,1982,141117,15667800
2020-08-24,2329.83,1992,116542,15834360
2020-08-25,2366.73,1572,135680,16081200
2020-08-26,2369.32,1896,144358,16101200
2020-08-27,2344.45,-257,151849,15932460
2020-08-28,2353.8,-2250,155399,15995500
2020-08-31,2326.17,-16362,194944,15810990
2020-09-01,2349.55,-2084,166643,15962970
2020-09-02,2364.27,-2541,157931,16059400
2020-09-03,2395.9,1921,174210,16277020
2020-09-04,2368.25,-4715,196930,16090980
2020-09-07,2384.22,-2513,171834,16205310
2020-09-08,2401.91,-337,172979,16332230
2020-09-09,2375.81,-1136,155025,16154700
2020-09-10,2396.48,3821,157829,16302100
2020-09-11,2396.69,-1513,120689,16305320
2020-09-14,2427.91,1439,120218,16521670
2020-09-15,2443.58,2504,118406,16626440
2020-09-16,2435.92,1751,118554,16572630
2020-09-17,2406.17,-1256,142350,16369160
2020-09-18,2412.4,1453,139652,16408980
2020-09-21,2389.39,-737,142151,16257690
2020-09-22,2332.59,-171,178967,15877330
2020-09-23,2333.24,-559,135629,15879240
2020-09-24,2272.7,-1915,124690,15473210
2020-09-25,2278.79,-899,101816,15519150
2020-09-28,2308.08,-580,89712,15711280
2020-09-29,2327.89,-712,94871,15844650
2020-10-05,2358,1743,106828,16046270
2020-10-06,2365.9,1701,111314,16099440
2020-10-07,2386.94,-975,89711,16242920
2020-10-08,2391.96,7610,125304,16281330
2020-10-12,2403.73,1396,106933,16363020
2020-10-13,2403.15,2127,102032,16367050
2020-10-14,2380.48,-367,110185,16219360
2020-10-15,2361.21,-162,130295,16174780
2020-10-16,2341.53,-1713,111415,16040410
2020-10-19,2346.74,377,104907,16072990
2020-10-20,2358.41,431,118335,16162300
2020-10-21,2370.86,-239,98641,16244890
2020-10-22,2355.05,-738,97750,16143110
2020-10-23,2360.81,386,107241,16181080
2020-10-26,2343.91,-1454,116543,16071850
2020-10-27,2330.84,1059,112692,15983880
2020-10-28,2345.26,93,89410,16074710
2020-10-29,2326.67,-5386,103578,15940580
2020-10-30,2267.15,-9825,117821,15530040
2020-11-02,2300.16,492,85145,15757930
2020-11-03,2343.31,2177,108742,16054750
2020-11-04,2357.32,-2174,148350,16148360
2020-11-05,2413.79,11411,125788,16533920
2020-11-06,2416.5,7950,125793,16554950
2020-11-09,2447.2,3337,148472,16769440
2020-11-10,2452.83,1602,179813,16810310
2020-11-11,2485.87,8377,183073,17039460
2020-11-12,2475.62,4898,164200,16983290
2020-11-13,2493.87,5263,170439,17104390
2020-11-16,2543.03,4655,190884,17442820
2020-11-17,2539.15,3515,177955,17421860
2020-11-18,2545.64,667,135540,17464160
2020-11-19,2547.42,1056,125150,17475980
2020-11-20,2553.5,1038,122662,17520650
2020-11-23,2602.59,9888,157635,17869920
2020-11-24,2617.76,7269,168866,17978250
2020-11-25,2601.54,-419,217958,17860750
2020-11-26,2625.91,2517,127146,18031030
2020-11-27,2633.45,797,126417,18081710
2020-11-30,2591.34,-24378,212318,17796350
2020-12-01,2634.25,748,159473,18094940
2020-12-02,2675.9,5181,175067,18383640
2020-12-03,2696.22,2103,156051,18526280
2020-12-04,2731.45,7622,198758,18774440
2020-12-07,2745.44,-652,179330,18882210
2020-12-08,2700.93,-8521,171572,18575990
2020-12-09,2755.47,1633,170076,18945560
2020-12-10,2746.46,-13663,206306,18893740
2020-12-11,2770.06,-1540,183291,19062990
2020-12-14,2762.2,-3670,170123,19016270
2020-12-15,2756.82,-3724,155380,18976770
2020-12-16,2771.79,932,136497,19078110
2020-12-17,2770.43,-2587,162753,19064190
2020-12-18,2772.18,-1939,191662,19073500
2020-12-21,2778.65,-99,189722,19117370
2020-12-22,2733.68,-1471,198814,18818100
2020-12-23,2759.82,833,202812,19014610
2020-12-24,2806.86,1244,199847,19368260
2020-12-28,2808.6,710,241978,19383740
2020-12-29,2820.51,-3172,192990,19441110
2020-12-30,2873.47,2494,179289,19805430
2021-01-04,2944.45,843,250114,20288460
2021-01-05,2990.57,-2089,265484,20597430
2021-01-06,2968.21,-4022,299094,20441020
2021-01-07,3031.68,1113,271828,20865780
2021-01-08,3152.18,16479,409095,21705370
2021-01-11,3148.45,-7259,444338,21716290
2021-01-12,3125.95,-6284,314074,21557020
2021-01-13,3148.29,1886,247256,21693790
2021-01-14,3149.93,6719,241230,21706780
2021-01-15,3085.9,-7553,231623,21278860
2021-01-18,3013.93,-2113,231869,20772270
2021-01-19,3092.66,4098,241905,21315640
2021-01-20,3114.55,-2386,246281,21465260
2021-01-21,3160.84,3664,252800,21790200
2021-01-22,3140.63,-2728,243054,21659930
2021-01-25,3208.99,2862,211720,22120810
2021-01-26,3140.31,-19848,218750,21656570
2021-01-27,3122.56,-6290,201471,21528600
2021-01-28,3069.05,-15775,230079,21156670
2021-01-29,2976.21,-14312,243503,20513020
2021-02-01,3056.53,1328,207247,21048890
2021-02-02,3096.81,1946,191439,21340090
2021-02-03,3129.68,4283,224278,21583590
2021-02-04,3087.55,-6487,206485,21304130
2021-02-05,3120.63,1911,197898,21544250
2021-02-08,3091.24,-3558,193122,21329840
2021-02-09,3084.67,-2275,183893,21291750
2021-02-10,3100.58,7513,183337,21401810
2021-02-15,3147,7296,169442,21725630
2021-02-16,3163.25,2371,171713,21841140
2021-02-17,3133.73,-4866,168461,21629730
2021-02-18,3086.66,-8607,181412,21302410
2021-02-19,3107.62,-2982,197205,21457560
2021-02-22,3079.75,-3207,182247,21261520
2021-02-23,3070.09,-2993,176612,21189160
2021-02-24,2994.98,6314,215199,20678210
2021-02-25,3099.69,9749,172140,21390660
2021-02-26,3012.95,-28300,215049,20798220
2021-03-02,3043.87,2104,188521,21008920
2021-03-03,3082.99,-114,147143,21275040
2021-03-04,3043.49,-9320,171496,21003880
2021-03-05,3026.26,-3750,167672,20895490
2021-03-08,2996.11,-1296,157869,20692850
2021-03-09,2976.12,-5292,184195,20560790
2021-03-10,2958.12,4799,135866,20435400
2021-03-11,3013.7,17080,160241,20811310
2021-03-12,3054.39,4068,131130,21087390
2021-03-15,3045.71,-2183,125809,21034900
2021-03-16,3067.17,-271,129301,21182210
2021-03-17,3047.5,-5289,139333,21046120
2021-03-18,3066.01,4863,151332,21317460
2021-03-19,3039.53,-5860,163376,21131980
2021-03-22,3035.46,-5483,133489,21110190
2021-03-23,3004.74,-4762,161671,20903780
2021-03-24,2996.35,-4871,134000,20887820
2021-03-25,3008.33,-794,134347,20972240
2021-03-26,3041.01,2955,158378,21199630
2021-03-29,3036.04,490,167361,21167910
2021-03-30,3070,3435,141492,21396680
2021-03-31,3061.42,-2916,145374,21333730
2021-04-01,3087.4,5723,140358,21515690
2021-04-02,3112.8,5667,134424,21698190
2021-04-05,3120.83,1679,130105,21759880
2021-04-06,3127.08,5812,136766,21808390
2021-04-07,3137.41,3268,144902,21878570
2021-04-08,3143.26,1102,170800,21908970
2021-04-09,3131.88,-1551,150937,21834070
2021-04-12,3135.59,-3281,132883,21863360
2021-04-13,3169.08,4441,163638,22093440
2021-04-14,3182.38,1063,155520,22198370
2021-04-15,3194.33,2628,176713,22278930
2021-04-16,3198.62,2749,155421,22308630
2021-04-19,3198.84,-3224,153782,22312460
2021-04-20,3220.7,3259,145082,22464960
2021-04-21,3171.66,-14325,169160,22127150
2021-04-22,3177.52,-1551,148629,22176990
2021-04-23,3186.1,-246,156532,22235840
2021-04-26,3217.53,3907,157538,22442960
2021-04-27,3215.42,-1628,171772,22427920
2021-04-28,3181.47,-5943,183798,22195260
2021-04-29,3174.07,-182,191267,22144700
2021-04-30,3147.86,-5652,192075,21966440
2021-05-03,3127.2,-4472,169758,21832790
2021-05-04,3147.37,-747,159624,21971690
2021-05-06,3178.74,-1009,166264,22185970
2021-05-07,3197.2,-1907,152063,22317540
2021-05-10,3249.3,2352,171872,22673920
2021-05-11,3209.43,-20349,218835,22508130
2021-05-12,3161.66,-27046,224581,22177040
2021-05-13,3122.11,-14343,210598,21872850
2021-05-14,3153.32,-4198,144935,22098980
2021-05-17,3134.52,-6022,145525,21971460
2021-05-18,3173.05,-3500,138986,22230500
2021-05-20,3162.28,-5158,137197,22152620
2021-05-21,3156.42,-1304,147895,22118780
2021-05-24,3144.3,-2207,116040,22032960
2021-05-25,3171.32,714,117280,22221610
2021-05-26,3168.43,-175,131730,22201950
2021-05-27,3165.51,-2429,206823,22132640
2021-05-28,3188.73,1429,135333,22292620
2021-05-31,3203.92,5204,140174,22402040
2021-06-01,3221.87,-531,152708,22524140
2021-06-02,3224.23,336,177408,22538010
2021-06-03,3247.43,2420,168905,22710470
2021-06-04,3240.08,1754,160510,22663010
2021-06-07,3252.12,-1873,190232,22748030
2021-06-08,3247.83,-2037,193522,22717370
2021-06-09,3216.18,-3248,171647,22502390
2021-06-10,3224.64,7172,191705,22557060
2021-06-11,3249.32,1765,179563,22728650
2021-06-14,3252.13,-101,152625,22746550
2021-06-15,3258.63,-1211,148383,22790940
2021-06-16,3278.68,2875,162980,22930950
2021-06-17,3264.96,-3217,146721,22836280
2021-06-18,3267.93,-7111,174927,22855870
2021-06-21,3240.79,-9019,172913,22666500
2021-06-22,3263.88,3629,155120,22833100
2021-06-23,3276.19,-96,178653,22929000
2021-06-24,3286.1,-1016,214265,23001410
2021-06-25,3302.84,2485,186186,23120300
2021-06-28,3301.89,-868,137961,23116420
2021-06-29,3286.68,679,155095,23004820
2021-06-30,3296.68,70,156467,23075790
2021-07-01,3282.06,-4088,160760,22974290
2021-07-02,3281.78,-1216,154379,22968860
2021-07-05,3293.21,15,145299,23052400
2021-07-06,3305.21,2238,146864,23144170
2021-07-07,3285.34,-3405,145071,23006420
2021-07-08,3252.68,-4983,168706,22778410
2021-07-09,3217.95,-13421,164731,22536970
2021-07-12,3246.47,372,112801,22734940
2021-07-13,3271.38,2652,134944,22905850
2021-07-14,3264.81,-2740,129931,22863880
2021-07-15,3286.22,1006,136839,23010500
2021-07-16,3276.91,-925,147813,23045050
2021-07-19,3244.04,-4582,128553,22817880
2021-07-20,3232.7,-1730,152924,22738000
2021-07-21,3215.91,-4985,148647,22624230
2021-07-22,3250.21,599,130392,22864550
2021-07-23,3254.42,1117,132094,22889760
2021-07-26,3224.95,-3780,122125,22686440
2021-07-27,3232.53,461,123485,22735990
2021-07-28,3236.86,-4222,119793,22763740
2021-07-29,3242.65,-2292,104913,22804940
2021-07-30,3202.32,-7184,128082,22525450
2021-08-02,3223.04,-1456,102380,22674610
2021-08-03,3237.14,6667,124914,22780250
2021-08-04,3280.38,9122,123571,23081340
2021-08-05,3276.13,681,118777,23056370
2021-08-06,3270.36,524,154554,23346290
2021-08-09,3260.42,-2032,157325,23293100
2021-08-10,3243.19,-6376,216579,23392060
2021-08-11,3220.62,-16215,191934,23226070
2021-08-12,3208.38,-18842,204039,23130930
2021-08-13,3171.29,-26990,202020,22853760
2021-08-17,3143.09,-4165,222416,22654010
2021-08-18,3158.93,-2623,167526,22768200
2021-08-19,3097.83,-2710,171708,22352160
2021-08-20,3060.51,-2570,164506,22096630
2021-08-23,3090.21,-279,134240,22307380
2021-08-24,3138.3,1546,149461,22667070
2021-08-25,3146.81,1619,133656,22723110
2021-08-26,3128.53,-3642,133353,22592800
2021-08-27,3133.9,-3718,110399,22624220
2021-08-30,3144.19,-2339,117587,22695800
2021-08-31,3199.27,11230,158636,23090620
2021-09-01,3207.02,775,135379,23176550
2021-09-02,3175.85,5482,153784,22971030
2021-09-03,3201.06,5882,131110,23158000
2021-09-06,3203.33,620,123135,23183480
2021-09-07,3187.42,-3111,119433,23066370
2021-09-08,3162.99,-2232,173027,22902480
2021-09-09,3114.7,-3196,177871,22561110
2021-09-10,3125.76,-5178,135665,22628660
2021-09-13,3127.86,1424,135054,22641590
2021-09-14,3148.83,2984,157873,22802580
2021-09-15,3153.4,2981,121627,22841570
2021-09-16,3130.09,207,122595,22672200
2021-09-17,3140.51,539,149377,22844840
2021-09-23,3127.58,5769,140091,22753250
2021-09-24,3125.24,826,125582,22735910
2021-09-27,3133.64,3427,122670,22798940
2021-09-28,3097.92,40,146587,22543150
2021-09-29,3060.27,-6625,151370,22267220
2021-09-30,3068.82,372,149429,22319570
2021-10-01,3019.18,-3035,129440,21954890
2021-10-05,2962.17,-6206,153155,21536720
2021-10-06,2908.31,-2769,156686,21149320
2021-10-07,2959.46,-1050,119067,21514100
2021-10-08,2956.3,-485,126341,21501150
2021-10-12,2916.38,-8242,127676,21205610
2021-10-13,2944.41,-2711,122945,21413740
2021-10-14,2988.64,-3845,120646,21727640
2021-10-15,3015.06,869,125410,21921250
2021-10-18,3006.68,359,106499,21860100
2021-10-19,3029.04,1487,101120,22023010
2021-10-20,3013.13,-695,111782,21910940
2021-10-21,3007.33,538,105724,21856790
2021-10-22,3006.16,-1088,90473,21845420
2021-10-25,3020.54,384,104893,21944840
2021-10-26,3049.08,1073,95127,22157570
2021-10-27,3025.49,-2885,102207,21987530
2021-10-28,3009.55,-2481,123676,21880630
2021-10-29,2970.68,-8058,110357,21593760
2021-11-01,2978.94,-3562,94108,21660700
2021-11-02,3013.49,3224,96630,21913760
2021-11-03,2975.71,-4470,124383,21895400
2021-11-04,2983.22,3542,146585,21954280
2021-11-05,2969.27,1165,126697,21851890
2021-11-08,2960.2,-1168,103881,21780200
2021-11-09,2962.46,-1355,96850,21807880
2021-11-10,2930.17,-208,96632,21570220
2021-11-11,2924.92,863,134684,21530820
2021-11-12,2968.8,4324,124730,21854390
2021-11-15,2999.52,3997,114021,22079500
2021-11-16,2997.21,6478,111012,22086380
2021-11-17,2962.42,1032,106617,21838520
2021-11-18,2947.38,-472,101193,21731030
2021-11-19,2971.02,2323,110022,21922370
2021-11-22,3013.25,7970,129455,22253250
2021-11-23,2997.33,2824,108305,22138060
2021-11-24,2994.29,3186,109635,22108040
2021-11-25,2980.27,-925,94011,21999500
2021-11-26,2936.44,-1808,119013,21674440
2021-11-29,2909.32,455,130928,21483590
2021-11-30,2839.01,-1340,198523,20958210
2021-12-01,2899.72,9439,125345,21433380
2021-12-02,2945.27,8888,119184,21769140
2021-12-03,2968.33,1547,103444,21928350
2021-12-06,2973.25,47,96574,21973790
2021-12-07,2991.72,2121,102156,22112170
2021-12-08,3001.8,-798,111152,22181530
2021-12-09,3029.57,3260,126140,22387770
2021-12-10,3010.23,-2807,84349,22256430
2021-12-13,3001.66,-1339,86294,22194410
2021-12-14,2987.95,1815,98568,22097780
2021-12-15,2989.39,-223,82531,22108960
2021-12-16,3006.41,1872,85243,22232560
2021-12-17,3017.73,5318,116500,22310550
2021-12-20,2963,-5596,86213,21914560
2021-12-21,2975.03,329,91085,22008960
2021-12-22,2984.48,4233,88356,22083000
2021-12-23,2998.17,2351,93196,22186530
2021-12-24,3012.43,1950,85835,22300190
2021-12-27,2999.55,516,82804,22215270
2021-12-28,3020.24,4528,120969,22376230
2021-12-29,2993.29,-1278,109087,22154620
2021-12-30,2977.65,-2184,87275,22033660
2022-01-03,2988.77,2615,81939,22113730
2022-01-04,2989.24,883,99915,22120880
2022-01-05,2953.97,6203,154284,21867150
2022-01-06,2920.53,1794,132971,21624370
2022-01-07,2954.89,6548,105824,21875600
2022-01-10,2926.72,-879,103978,21667630
2022-01-11,2927.38,4820,106465,21680320
2022-01-12,2972.48,4579,108954,22009670
2022-01-13,2962.09,3735,114590,21937990
2022-01-14,2921.92,-2457,107997,21649960
2022-01-17,2890.1,-2527,103965,21415900
2022-01-18,2864.24,134,100410,21218970
2022-01-19,2842.28,344,96491,21052230
2022-01-20,2862.68,-2784,88720,21194050
2022-01-21,2834.29,-2225,107181,20989260
2022-01-24,2792,-4357,93045,20682830
2022-01-25,2720.39,-4411,117009,20162700
2022-01-26,2709.24,-2425,89787,20076830
2022-01-27,2614.49,-17142,205488,20567880
2022-01-28,2663.34,-7067,137531,20948590
2022-02-03,2707.82,839,124725,21296730
2022-02-04,2750.26,1945,113933,21621890
2022-02-07,2745.06,-69,112919,21575750
2022-02-08,2746.47,-939,117859,21584940
2022-02-09,2768.85,2355,103376,21760950
2022-02-10,2771.93,8365,127762,21799370
2022-02-11,2747.71,6081,109926,21613810
2022-02-14,2704.48,684,115794,21268530
2022-02-15,2676.54,-2209,94358,21048870
2022-02-16,2729.68,-437,83899,21461970
2022-02-17,2744.09,6515,118129,21575750
2022-02-18,2744.52,-1507,85083,21574250
2022-02-21,2743.8,-649,78967,21566260
2022-02-22,2706.79,-3304,105905,21279450
2022-02-23,2719.53,-2668,91385,21373670
2022-02-24,2648.8,-6742,135861,20821260
2022-02-25,2676.76,-1242,122210,21039630
2022-02-28,2699.18,965,128942,21201870
2022-03-02,2703.52,-3074,109967,21230320
2022-03-03,2747.08,1327,105929,21568270
2022-03-04,2713.43,-5890,124274,21324670
2022-03-07,2651.31,-11907,120893,20831970
2022-03-08,2622.4,-4774,116795,20606950
2022-03-10,2680.32,-4278,136947,21050970
2022-03-11,2661.28,-6894,123632,20905480
2022-03-14,2645.65,-6391,120378,20780710
2022-03-15,2621.53,-6790,95830,20593900
2022-03-16,2659.23,-1319,93109,20885190
2022-03-17,2694.51,4635,119009,21165410
2022-03-18,2707.02,-1031,114426,21256570
2022-03-21,2686.05,-4915,86938,21093940
2022-03-22,2710,2195,93675,21270020
2022-03-23,2735.05,571,118387,21464080
2022-03-24,2729.66,10219,131779,21426180
2022-03-25,2729.98,-5549,108250,21433770
2022-03-28,2729.56,-2643,98017,21433330
2022-03-29,2741.07,-2832,100203,21526150
2022-03-30,2746.74,-93,110995,21569010
2022-03-31,2757.65,-1739,97294,21649620
2022-04-01,2739.85,-726,106896,21512790
2022-04-04,2757.9,232,97449,21649640
2022-04-05,2759.2,119,99332,21658640
2022-04-06,2735.03,-5894,110145,21470290
2022-04-07,2695.86,-7696,122910,21169220
2022-04-08,2700.39,-4588,102962,21192010
2022-04-11,2693.1,-1357,88316,21137560
2022-04-12,2666.76,-4683,98537,20925820
2022-04-13,2716.49,-633,96454,21313140
2022-04-14,2716.71,-2549,114198,21307360
2022-04-15,2696.06,-3210,95703,21144290
2022-04-18,2693.21,-962,90503,21127950
2022-04-19,2718.89,316,97800,21330700
2022-04-20,2718.69,943,122839,21329050
2022-04-21,2728.21,-577,114826,21404160
2022-04-22,2704.71,-1565,121206,21227810
2022-04-25,2657.13,-7099,116981,20856070
2022-04-26,2668.31,-2453,108079,20938850
2022-04-27,2639.06,-6811,125587,20704450
2022-04-28,2667.49,-378,124634,20977820
2022-04-29,2695.05,143,126648,21198650
2022-05-02,2687.45,-681,90756,21144410
2022-05-03,2680.46,1150,91993,21093460
2022-05-04,2677.57,306,99039,21075500
2022-05-06,2644.51,-4863,105954,20813200
2022-05-09,2610.81,-1977,92897,20551630
2022-05-10,2596.56,-3177,108425,20436730
2022-05-11,2592.27,-2900,86083,20402580
2022-05-12,2550.08,-2821,121679,20071950
2022-05-13,2604.24,684,103421,20492920
2022-05-16,2596.58,18,85285,20435280
2022-05-17,2620.44,-524,96589,20626790
2022-05-18,2625.98,2973,100472,20675750
2022-05-19,2592.34,-909,98840,20413760
2022-05-20,2639.29,1966,96343,20775580
2022-05-23,2647.38,-304,78152,20832100
2022-05-24,2605.87,-3254,87035,20507780
2022-05-25,2617.22,-1655,83534,20598890
2022-05-26,2612.45,377,86135,20563030
2022-05-27,2638.05,2760,80282,20761150
2022-05-30,2669.66,3541,74740,21012900
2022-05-31,2685.9,10573,139709,21137840
2022-06-02,2658.99,-909,78605,20927890
2022-06-03,2670.65,-88,75668,21017030
2022-06-07,2626.34,-2089,89489,20671650
2022-06-08,2626.15,-1245,79643,20667420
2022-06-09,2625.44,-9373,108580,20664510
2022-06-10,2595.87,-8517,82860,20432130
2022-06-13,2504.51,-5009,103359,19722030
2022-06-14,2492.97,-2811,99928,19629930
2022-06-15,2447.38,-4609,99369,19268570
2022-06-16,2451.41,1457,95882,19310710
2022-06-17,2440.93,-3902,112016,19211480
2022-06-20,2391.03,-6659,90923,18814820
2022-06-21,2408.93,-3201,74408,18949650
2022-06-22,2342.81,-3202,86901,18438880
2022-06-23,2314.32,-2961,102124,18211830
2022-06-24,2366.6,-337,84692,18623200
2022-06-27,2401.92,2663,76564,18905260
2022-06-28,2422.09,-354,71934,19062140
2022-06-29,2377.99,-2329,79658,18712750
2022-06-30,2332.64,-2339,89235,18354930
2022-07-01,2305.42,-3400,86877,18142900
2022-07-04,2300.34,-1385,73394,18106700
2022-07-05,2341.78,1324,68906,18425190
2022-07-06,2292.01,-477,89195,18042250
2022-07-07,2334.27,1448,76526,18378850
2022-07-08,2350.61,2427,70081,18508930
2022-07-11,2340.27,-202,63012,18432600
2022-07-12,2317.76,-445,63693,18249940
2022-07-13,2328.61,-1010,59985,18329790
2022-07-14,2322.32,3988,65399,18295930
2022-07-15,2330.98,2622,73832,18372550
2022-07-18,2375.25,6278,71047,18731070
2022-07-19,2370.97,393,65562,18693970
2022-07-20,2386.85,-393,74348,18816430
2022-07-21,2409.16,4402,63091,18990620
2022-07-22,2393.14,359,69739,18864970
2022-07-25,2403.69,916,59599,18942630
2022-07-26,2412.96,14,62407,19012140
2022-07-27,2415.53,-1177,70498,19035220
2022-07-28,2435.27,4116,91964,19194200
2022-07-29,2451.5,3416,102563,19319030
2022-08-01,2452.25,1342,75096,19324520
2022-08-02,2439.62,2941,72663,20085020
2022-08-03,2461.45,4754,67515,19395720
2022-08-04,2473.11,2010,75063,19485490
2022-08-05,2490.8,3746,75611,19629920
2022-08-08,2493.1,1733,76138,19640110
2022-08-09,2503.46,306,89408,19718390
2022-08-10,2480.88,-1050,90295,19536100
2022-08-11,2523.78,1417,97108,19868150
2022-08-12,2527.94,-137,80286,19905180
2022-08-16,2533.52,503,80641,19955480
2022-08-17,2516.47,511,71537,19822380
2022-08-18,2508.05,3047,71060,19760960
2022-08-19,2492.69,3328,71386,19638420
2022-08-22,2462.5,1171,61080,19405470
2022-08-23,2435.34,-2,75607,19196220
2022-08-24,2447.45,1500,81198,19284320
2022-08-25,2477.26,414,72863,19517380
2022-08-26,2481.03,2390,86287,19552960
2022-08-29,2426.89,-480,78915,19132250
2022-08-30,2450.93,-397,68266,19320450
2022-08-31,2472.05,7453,95626,19481300
2022-09-01,2415.61,-2911,84523,19043340
2022-09-02,2409.41,-1760,72146,18990540
2022-09-05,2403.68,-676,62778,18934080
2022-09-06,2410.02,-785,54762,18981740
2022-09-07,2376.46,-4940,75309,18723660
2022-09-08,2384.28,-3857,92087,18791330
2022-09-13,2449.54,4005,91652,19305150
2022-09-14,2411.42,-1645,76255,19002120
2022-09-15,2401.83,-2243,74328,18923860
2022-09-16,2382.78,-473,86905,18775140
2022-09-19,2355.66,-5,68859,18567040
2022-09-20,2367.85,-591,70132,18655260
2022-09-21,2347.21,-2751,62691,18490970
2022-09-22,2332.31,-594,74133,18371640
2022-09-23,2290,-1944,74168,18045000
2022-09-26,2220.94,-34,94618,17500770
2022-09-27,2223.86,-2463,80056,17522620
2022-09-28,2169.29,-1460,92083,17093360
2022-09-29,2170.93,2209,72407,17107810
2022-09-30,2155.49,1679,79238,16984500
2022-10-04,2209.38,2172,75003,17418250
2022-10-05,2215.22,776,95091,17476130
2022-10-06,2237.86,2510,68501,17652000
2022-10-07,2232.84,1001,78314,17619870
2022-10-11,2192.07,1962,78679,17294230
2022-10-12,2202.47,2350,74091,17375720
2022-10-13,2162.87,2009,71698,17070610
2022-10-14,2212.55,2657,71618,17459720
2022-10-17,2219.71,2658,65268,17522930
2022-10-18,2249.95,774,72499,17757080
2022-10-19,2237.44,1477,77389,17659210
2022-10-20,2218.09,-37,83250,17513050
2022-10-21,2213.12,293,62282,17475940
2022-10-24,2236.16,1512,68470,17655150
2022-10-25,2235.07,739,70300,17650490
2022-10-26,2249.56,6020,74927,17764940
2022-10-27,2288.78,3817,84353,18065110
2022-10-28,2268.4,-1904,82894,17894510
2022-10-31,2293.61,2321,86793,18102550
2022-11-01,2335.22,4939,94766,18427670
2022-11-02,2336.87,5252,95681,18442370
2022-11-03,2329.17,1716,92733,18386880
2022-11-04,2348.43,414,79273,18537980
2022-11-07,2371.79,1100,80599,18725760
2022-11-08,2399.04,2824,86015,18948000
2022-11-09,2424.41,4172,93427,19154690
2022-11-10,2402.23,-1098,93444,18976540
2022-11-11,2483.16,7053,139176,19609500
2022-11-14,2474.65,1429,112164,19544010
2022-11-15,2480.33,-2350,93089,19593230
2022-11-16,2477.45,915,98804,19590090
2022-11-17,2442.9,-3843,85570,19317100
2022-11-18,2444.48,1976,74444,19328650
2022-11-21,2419.5,-1653,70494,19129940
2022-11-22,2405.27,157,72537,19011300
2022-11-23,2418.01,896,74771,19113980
2022-11-24,2441.33,1270,68496,19299300
2022-11-25,2437.86,3127,63476,19268470
2022-11-28,2408.27,-1252,64625,19037230
2022-11-29,2433.39,623,65333,19230060
2022-11-30,2472.53,11446,124694,19538400
2022-12-01,2479.84,337,88501,19596220
2022-12-02,2434.33,-4060,73284,19242040
2022-12-05,2419.32,-2936,77174,19119160
2022-12-06,2393.16,-990,64770,18913370
2022-12-07,2382.81,-1982,60807,18827950
2022-12-08,2371.08,-4665,75530,18734390
2022-12-09,2389.04,1003,72202,18883790
2022-12-12,2373.02,178,58223,18757000
2022-12-13,2372.4,-1121,66594,18748380
2022-12-14,2399.25,2334,57241,18956550
2022-12-15,2360.97,-576,61342,18658420
2022-12-16,2360.02,2927,72062,18651070
2022-12-19,2352.17,-234,50181,18590310
2022-12-20,2333.29,-1038,53358,18442960
2022-12-21,2328.95,-1046,51025,18405510
2022-12-22,2356.73,-45,94609,18634110
2022-12-23,2313.69,-665,59358,18293950
2022-12-26,2317.14,-371,52058,18317270
2022-12-27,2332.79,502,71270,18441410
2022-12-28,2280.45,-3108,75669,18018780
2022-12-29,2236.4,-1437,60365,17672350
2023-01-02,2225.67,53,52001,17592410
2023-01-03,2218.68,883,61491,17537710
2023-01-04,2255.98,2610,64876,17838080
2023-01-05,2264.65,5023,75212,17918160
2023-01-06,2289.97,3157,67641,18114180
2023-01-09,2350.19,6573,70290,18586320
2023-01-10,2351.31,-20,67029,18595990
2023-01-11,2359.53,349,62971,18657370
2023-01-12,2365.1,4858,78378,18702390
2023-01-13,2386.09,5715,69767,18865700
2023-01-16,2399.86,3000,65328,18973750
2023-01-17,2379.39,1792,63140,18814330
2023-01-18,2368.32,731,54986,18726940
2023-01-19,2380.34,5721,54482,18825510
2023-01-20,2395.26,2310,50255,18957900
2023-01-25,2428.57,7682,66654,19222750
2023-01-26,2468.65,8123,82064,19539180
2023-01-27,2484.02,9740,90924,19665580
2023-01-30,2450.47,155,92204,19401510
2023-01-31,2425.08,-4751,103948,19189340
2023-02-01,2449.8,1959,85960,19387800
2023-02-02,2468.88,5557,91217,19539960
2023-02-03,2480.4,5868,80271,19631720
2023-02-06,2438.19,-3134,76713,19293180
2023-02-07,2451.71,-579,75940,19396100
2023-02-08,2483.64,5926,80017,19654820
2023-02-09,2481.52,1501,89864,19638580
2023-02-10,2469.73,488,84026,19546990
2023-02-13,2452.7,671,73710,19428120
2023-02-14,2465.64,609,67389,19532490
2023-02-15,2427.9,-2687,87587,19237620
2023-02-16,2475.48,696,91704,19610220
2023-02-17,2451.21,1196,83645,19417440
2023-02-20,2455.12,-3154,75355,19447430
2023-02-21,2458.96,299,73336,19438880
2023-02-22,2417.68,-1951,83863,19117010
2023-02-23,2439.09,109,74520,19285010
2023-02-24,2423.61,-3004,69911,19156330
2023-02-27,2402.64,-3249,65982,18987110
2023-02-28,2412.85,-2868,92742,19064960
2023-03-02,2427.85,5333,96603,19185050
2023-03-03,2432.07,-909,78454,19214720
2023-03-06,2462.62,3271,97812,19458840
2023-03-07,2463.35,3406,107325,19459420
2023-03-08,2431.91,577,99671,19220250
2023-03-09,2419.09,-9732,103576,19115830
2023-03-10,2394.59,-3265,78755,18924500
2023-03-13,2410.6,186,77023,19046400
2023-03-14,2348.97,-6398,77946,18562500
2023-03-15,2379.72,-746,75918,18801400
2023-03-16,2377.91,-887,78658,18785070
2023-03-17,2395.69,801,86171,18933800
2023-03-20,2379.2,-2062,60729,18797110
2023-03-21,2388.35,-557,72690,18865020
2023-03-22,2416.96,2040,78903,19087260
2023-03-23,2424.48,2145,103674,19145290
2023-03-24,2414.96,1243,92482,19073140
2023-03-27,2409.22,-946,85346,19028100
2023-03-28,2434.94,-414,88126,19231510
2023-03-29,2443.92,286,88299,19303780
2023-03-30,2453.16,2632,108466,19375750
2023-03-31,2476.86,6877,129034,19579260
2023-04-03,2472.34,-1641,113003,19544430
2023-04-04,2480.51,-3127,134969,19606440
2023-04-05,2495.21,-175,98119,19721820
2023-04-06,2459.23,-4915,113327,19438490
2023-04-07,2490.41,6951,112502,19690090
2023-04-10,2512.08,7405,135399,19868760
2023-04-11,2547.86,1871,140506,20142880
2023-04-12,2550.64,2352,144263,20164950
2023-04-13,2561.66,-3463,119964,20245120
2023-04-14,2571.49,1871,130882,20323350
2023-04-17,2575.91,-168,127937,20362260
2023-04-18,2571.09,3888,141064,20329680
2023-04-19,2575.08,-69,127509,20364830
2023-04-20,2563.11,1542,124155,20264700
2023-04-21,2544.4,2778,126147,20123740
2023-04-24,2523.5,-335,115895,19966210
2023-04-25,2489.02,86,136812,19671470
2023-04-26,2484.83,-925,123975,19645530
2023-04-27,2495.81,2801,111421,19741010
2023-04-28,2501.53,2978,140248,19798390
2023-05-02,2524.39,3448,99424,19974960
2023-05-03,2501.4,-914,98659,19794100
2023-05-04,2500.94,396,100200,19785720
2023-05-08,2513.21,2530,92130,19890450
2023-05-09,2510.06,1152,93514,19865780
2023-05-10,2496.51,1155,89067,19762640
2023-05-11,2491,18,90024,19717270
2023-05-12,2475.42,-2475,85892,19594710
2023-05-15,2479.35,-498,69203,19620670
2023-05-16,2480.24,2283,80870,19636310
2023-05-17,2494.66,1640,72183,19750300
2023-05-18,2515.4,5379,77829,19921710
2023-05-19,2537.79,5579,91999,20107360
2023-05-22,2557.08,2995,82146,20255400
2023-05-23,2567.55,-535,74434,20334350
2023-05-24,2567.45,935,79006,20327390
2023-05-25,2554.69,2244,94165,20228410
2023-05-26,2558.81,9113,94019,20273930
2023-05-30,2585.52,6751,110663,20481010
2023-05-31,2577.12,2156,151351,20399610
2023-06-01,2569.17,-82,91685,20341850
2023-06-02,2601.36,3728,93835,20599380
2023-06-05,2615.41,-195,85663,20707610
2023-06-07,2615.6,-403,101529,20707570
2023-06-08,2610.85,-3838,114737,20672660
2023-06-09,2641.16,4808,111281,20915710
2023-06-12,2629.35,-3420,93651,20822590
2023-06-13,2637.95,1368,111533,20921040
2023-06-14,2619.08,1128,131005,20771060
2023-06-15,2608.54,-641,115138,20689300
2023-06-16,2625.79,4280,126206,20830710
2023-06-19,2609.5,-3604,110966,20694590
2023-06-20,2604.91,-2812,108804,20667090
2023-06-21,2582.63,-2000,106543,20494900
2023-06-22,2593.7,-1068,89379,20583110
2023-06-23,2570.1,-1878,85485,20399500
2023-06-26,2582.2,150,84377,20502270
2023-06-27,2581.39,-1083,85922,20493900
2023-06-28,2564.19,-3923,88143,20360060
2023-06-29,2550.02,553,88249,20248840
2023-06-30,2564.28,-1784,82091,20350910
2023-07-03,2602.47,-133,89736,20650430
2023-07-04,2593.31,-594,91608,20579000
2023-07-05,2579,2560,102577,20468200
2023-07-06,2556.29,-1684,102910,20287150
2023-07-07,2526.71,-451,103674,20051070
2023-07-10,2520.7,-1557,96987,20000750
2023-07-11,2562.49,2687,105965,20335890
2023-07-12,2574.72,2188,132299,20431340
2023-07-13,2591.23,2173,132580,20561440
2023-07-14,2628.3,6152,142853,20851550
2023-07-17,2619,-1646,117322,20776810
2023-07-18,2607.62,-1551,120038,20687930
2023-07-19,2608.24,-403,112317,20693360
2023-07-20,2600.23,1627,94732,20630040
2023-07-21,2609.76,-2904,122588,20697580
2023-07-24,2628.53,-1709,190504,20838190
2023-07-25,2636.46,-13534,192046,20900160
2023-07-26,2592.36,-9467,363482,20549360
2023-07-27,2603.81,823,240764,20646950
2023-07-28,2608.32,602,168073,20681330
2023-07-31,2632.58,-2923,156880,20859120
2023-08-01,2667.07,1978,158519,21131350
2023-08-02,2616.47,-701,160019,20736680
2023-08-03,2605.39,-1508,149215,20642810
2023-08-04,2602.8,-2453,109714,20617470
2023-08-07,2580.71,2811,118945,20448940
2023-08-08,2573.98,-1419,124354,20396320
2023-08-09,2605.12,3657,103263,20645570
2023-08-10,2601.56,-2331,113490,20613360
2023-08-11,2591.26,-1906,105135,20533710
2023-08-14,2570.87,-1202,99953,20371880
2023-08-16,2525.64,-19,120255,20018200
2023-08-17,2519.85,-12,107276,19972700
2023-08-18,2504.5,-1080,107768,19851480
2023-08-21,2508.8,-340,85248,19888140
2023-08-22,2515.74,-148,92703,19941000
2023-08-23,2505.5,206,85780,19865750
2023-08-24,2537.68,1106,100995,20120820
2023-08-25,2519.14,-1915,83029,19977010
2023-08-28,2543.41,-135,82219,20158250
2023-08-29,2552.16,-1612,82750,20225180
2023-08-30,2561.22,-165,77654,20296720
2023-08-31,2556.27,-2157,113350,20252200
2023-09-01,2563.71,3691,100297,20333220
2023-09-04,2584.55,4128,86996,20500340
2023-09-05,2582.18,1618,75901,20481410
2023-09-06,2563.34,-693,76267,20332160
2023-09-07,2548.26,-59,83258,20216300
2023-09-08,2547.68,-3552,77190,20208440
2023-09-11,2556.88,238,83407,20278450
2023-09-12,2536.58,-2981,89272,20125140
2023-09-13,2534.7,1133,92710,20114580
2023-09-14,2572.89,-5173,95775,20411710
2023-09-15,2601.28,478,119952,20634550
2023-09-18,2574.72,-3745,87721,20420040
2023-09-19,2559.21,-16,78273,20301250
2023-09-20,2559.74,-1676,75717,20302810
2023-09-21,2514.97,-686,78031,19955580
2023-09-22,2508.13,-1278,70630,19888720
2023-09-25,2495.76,-1322,74595,19790480
2023-09-26,2462.97,-426,70608,19534620
2023-09-27,2465.07,-282,67613,19558180
2023-10-04,2405.69,-4230,102447,19090550
2023-10-05,2403.6,-2721,91414,19122220
2023-10-06,2408.73,-3263,65228,19161470
2023-10-10,2402.58,-2078,95059,19120390
2023-10-11,2450.08,-1196,91408,19496630
2023-10-12,2479.82,-580,89291,19733360
2023-10-13,2456.15,-1611,71645,19552500
2023-10-16,2436.24,-2106,83931,19390070
2023-10-17,2460.17,4282,77112,19581090
2023-10-18,2462.6,3461,88976,19600500
2023-10-19,2415.8,-1381,90545,19237500
2023-10-20,2375,2103,92960,18922800
2023-10-23,2357.02,-2584,71176,18777790
2023-10-24,2383.51,-1543,79493,18981060
2023-10-25,2363.17,-3457,78322,18824190
2023-10-26,2299.08,-4800,92515,18320320
2023-10-27,2302.81,-3801,80099,18345410
2023-10-30,2310.55,-663,69546,18406840
2023-10-31,2277.99,-3273,82331,18154240
2023-11-01,2301.56,-1273,67393,18353170
2023-11-02,2343.12,1401,76793,18681160
2023-11-03,2368.34,1340,80410,18879670
2023-11-06,2502.37,7115,152255,19919190
2023-11-07,2443.96,4112,120866,19470750
2023-11-08,2421.62,-137,76673,19293620
2023-11-09,2427.08,2832,72884,19336220
2023-11-10,2409.66,504,58256,19231770
2023-11-13,2403.76,138,59342,19186190
2023-11-14,2433.25,-911,63821,19421970
2023-11-15,2486.67,5544,93282,19840330
2023-11-16,2488.18,4571,68064,19854880
2023-11-17,2469.85,-752,81295,19743470
2023-11-20,2491.2,1000,65864,19905380
2023-11-21,2510.42,3529,77134,20057230
2023-11-22,2511.7,1430,77553,20061090
2023-11-23,2514.96,1185,65779,20091350
2023-11-24,2496.63,-2148,65380,19951610
2023-11-27,2495.66,-1063,83765,19942940
2023-11-28,2521.76,-947,87534,20177290
2023-11-29,2519.81,799,94282,20157290
2023-11-30,2535.29,1253,119925,20277770
2023-12-01,2505.01,-1767,88377,20042970
2023-12-04,2514.95,2571,87724,20126050
2023-12-05,2494.28,294,83005,19958410
2023-12-06,2495.38,-1457,76853,19967490
2023-12-07,2492.07,361,81276,19938810
2023-12-08,2517.85,2038,79168,20147850
2023-12-11,2525.36,53,82605,20210140
2023-12-12,2535.27,749,77325,20294690
2023-12-13,2510.66,-1309,75136,20100990
2023-12-14,2544.18,6252,129607,20364710
2023-12-15,2563.56,8565,128733,20521340
2023-12-18,2566.86,594,101816,20539340
2023-12-19,2568.55,-921,84181,20547650
2023-12-20,2614.3,4804,112025,20911680
2023-12-21,2600.02,131,94678,20804820
2023-12-22,2599.51,-373,88483,20828550
2023-12-26,2602.59,823,95828,20856080
2023-12-27,2613.5,2249,103598,20939970
2023-12-28,2655.28,7017,94189,21263720
2024-01-02,2669.81,2282,96282,21472230
2024-01-03,2607.31,-973,101216,20965730
2024-01-04,2587.02,1149,89923,20818620
2024-01-05,2578.08,-510,83845,20751480
2024-01-08,2567.82,1700,67636,20672900
2024-01-09,2561.24,656,88967,20615750
2024-01-10,2541.98,-238,87958,20455330
2024-01-11,2540.27,22962,136699,20438960
2024-01-12,2525.05,-2119,83688,20472480
2024-01-15,2525.99,-498,81827,20477790
2024-01-16,2497.59,-1839,88285,20245550
2024-01-17,2435.9,-9056,112816,19750740
2024-01-18,2440.04,-1326,83002,19783490
2024-01-19,2472.74,7028,91745,20058530
2024-01-22,2464.35,3001,84199,19991390
2024-01-23,2478.61,1411,80294,20107440
2024-01-24,2469.69,726,74465,20039320
2024-01-25,2470.34,457,81243,20035990
2024-01-26,2478.56,3789,71445,20099370
2024-01-29,2500.65,5468,89585,20344620
2024-01-30,2498.81,-134,87344,20327880
2024-01-31,2497.09,892,90004,20300320
2024-02-01,2542.46,10452,134625,20671120
2024-02-02,2615.31,19344,143681,21262190
2024-02-05,2591.31,1795,124762,21077410
2024-02-06,2576.2,3378,103865,20956450
2024-02-07,2609.58,5390,114917,21237630
2024-02-08,2620.32,4113,124934,21323840
2024-02-13,2649.64,9608,132944,21574190
2024-02-14,2620.42,1077,101077,21343350
2024-02-15,2613.8,-93,106910,21280070
2024-02-16,2648.76,5643,102218,21566780
2024-02-19,2680.26,6158,98209,21820000
2024-02-20,2657.79,1081,99992,21642460
2024-02-21,2653.31,-648,91502,21606130
2024-02-22,2664.27,1694,102789,21692960
2024-02-23,2667.7,1465,102821,21720120
2024-02-26,2647.08,1192,109506,21542850
2024-02-27,2625.05,359,126345,21386050
2024-02-28,2652.29,4779,102664,21603000
2024-02-29,2642.36,1795,129754,21545010
2024-03-04,2674.27,7702,126802,21800680
2024-03-05,2649.4,855,122071,21597370
2024-03-06,2641.49,-3774,105330,21523850
2024-03-07,2647.62,-3246,108719,21570930
2024-03-08,2680.35,1821,114794,21834340
2024-03-11,2659.84,-1062,88561,21659910
2024-03-12,2681.81,-3723,97310,21836940
2024-03-13,2693.57,3348,109576,21936380
2024-03-14,2718.76,4726,141426,22141760
2024-03-15,2666.84,-10355,132358,21712460
2024-03-18,2685.84,-869,95238,21864140
2024-03-19,2656.17,-2414,107028,21622840
2024-03-20,2690.14,8538,127394,21909910
2024-03-21,2754.86,18783,140136,22441690
2024-03-22,2748.56,6668,115327,22400180
2024-03-25,2737.57,-433,99797,22304500
2024-03-26,2757.09,6230,121883,22480750
2024-03-27,2755.11,2929,124619,22467590
2024-03-28,2745.82,735,119250,22395610
2024-03-29,2746.63,7823,111901,22405370
2024-04-01,2747.86,2707,100668,22410820
2024-04-02,2753.16,10065,131169,22470450
2024-04-03,2706.97,5,132570,22090380
2024-04-04,2742,5864,119782,22380390
2024-04-05,2714.21,-1131,112939,22154510
2024-04-08,2717.65,2061,105609,22183580
2024-04-09,2705.16,3036,100377,22075930
2024-04-11,2706.96,10651,127899,22098450
2024-04-12,2681.82,146,119035,21891910
2024-04-15,2670.43,-2381,105066,21791460
2024-04-16,2609.63,-2703,122577,21290950
2024-04-17,2584.18,-1692,97793,21086360
2024-04-18,2634.7,5746,105711,21485910
2024-04-19,2591.86,-3489,140448,21139600
2024-04-22,2629.44,-7504,110211,21431570
2024-04-23,2623.02,-253,99483,21376410
2024-04-24,2675.75,4924,102277,21806290
2024-04-25,2628.62,-2892,89880,21424400
2024-04-26,2656.33,4731,101489,21644770
2024-04-29,2687.44,3452,104914,21896910
2024-04-30,2692.06,2384,113471,21938430
2024-05-02,2683.65,27,90591,21868760
2024-05-03,2676.63,945,78504,21808540
2024-05-07,2734.36,11155,111537,22282590
2024-05-08,2745.05,4001,102936,22439330
2024-05-09,2712.14,-3587,111028,22167940
2024-05-10,2727.63,1483,115669,22266240
2024-05-13,2727.21,201,130547,22263730
2024-05-14,2730.34,845,94911,22282360
2024-05-16,2753,4257,132532,22464920
2024-05-17,2724.62,-2415,110083,22237630
2024-05-20,2742.14,-161,125023,22379110
2024-05-21,2724.18,-1066,104904,22233670
2024-05-22,2723.46,2941,123785,22233910
2024-05-23,2721.81,3618,114493,22221860
2024-05-24,2687.6,-3135,123634,21937120
2024-05-27,2722.99,-1367,158478,22220580
2024-05-28,2722.85,442,115870,22219810
2024-05-29,2677.3,-10274,130765,21843840
2024-05-30,2635.44,-7849,111321,21505940
2024-05-31,2636.52,-13369,163539,21510170
2024-06-03,2682.52,1890,139956,21887640
2024-06-04,2662.1,-2113,126490,21718340
2024-06-05,2689.5,5916,136250,21948220
2024-06-07,2722.67,2861,124653,22210910
2024-06-10,2701.17,170,113277,22038480
2024-06-11,2705.32,-2240,117765,22067440
2024-06-12,2728.17,2342,118396,22249290
2024-06-13,2754.89,15449,191359,22471160
2024-06-14,2758.42,7315,161870,22508260
2024-06-17,2744.1,-1374,124576,22379520
2024-06-18,2763.92,6493,132695,22540820
2024-06-19,2797.33,2757,140696,22809840
2024-06-20,2807.63,4966,135770,22899460
2024-06-21,2784.26,-3424,144930,22705930
2024-06-24,2764.73,-5299,110827,22572430
2024-06-25,2774.39,610,117677,22650080
2024-06-26,2792.05,4335,113251,22791200
2024-06-27,2784.06,5136,102711,22734220
2024-06-28,2797.82,322,110201,22838880
2024-07-01,2804.31,-633,99453,22896310
2024-07-02,2780.86,-333,116485,22704450
2024-07-03,2794.01,1014,102440,22816360
2024-07-04,2824.94,3218,130671,23072790
2024-07-05,2862.23,13130,131423,23383150
2024-07-08,2857.76,5284,99386,23353610
2024-07-09,2867.38,3274,112419,23396880
2024-07-10,2867.99,5269,118415,23408110
2024-07-11,2891.35,6105,146497,23636270
2024-07-12,2857,-5501,140857,23294310
2024-07-15,2860.92,-770,121657,23344460
2024-07-16,2866.09,1883,126603,23384650
2024-07-17,2843.29,-2566,139235,23203180
2024-07-18,2824.35,-3495,155482,23049400
2024-07-19,2795.46,-4202,95852,22809490
2024-07-22,2763.51,-854,104996,22556360
2024-07-23,2774.29,2470,115268,22651310
2024-07-24,2758.71,-2635,110539,22516240
2024-07-25,2710.65,-6767,136737,22122600
2024-07-26,2731.9,-473,129717,22289630
2024-07-29,2765.53,4474,109636,22574060
2024-07-30,2738.19,-2449,101997,22354280
2024-07-31,2770.69,1493,121980,22628320
2024-08-01,2777.68,4410,109050,22684120
2024-08-02,2676.19,-8479,131021,21897680
2024-08-05,2441.55,-15238,187817,19977450
2024-08-06,2522.15,-1742,155358,20636860
2024-08-07,2568.41,-187,130817,21022510
2024-08-08,2556.73,-5196,114637,20920770
2024-08-09,2588.43,2,97217,21181390
2024-08-12,2618.3,785,76012,21424300
2024-08-13,2621.5,1333,89659,21454330
2024-08-14,2644.5,3918,88671,21647540
2024-08-16,2697.23,12108,111929,22088810
2024-08-19,2674.36,-1196,92626,21898200
2024-08-20,2696.63,2929,89542,22069400
2024-08-21,2701.13,311,93786,22105610
2024-08-22,2707.67,687,89463,22154120
2024-08-23,2701.69,-2952,82858,22107970
2024-08-26,2698.01,-4667,90874,22065490
2024-08-27,2689.25,-4075,80507,21994790
2024-08-28,2689.83,-3435,105675,22005920
2024-08-29,2662.28,-4208,114647,21782580
2024-08-30,2674.31,-3790,103408,21874610
2024-09-02,2681,2387,86700,21926800
2024-09-03,2664.63,-2907,89784,21783300
2024-09-04,2580.8,-9888,113703,21096930
2024-09-05,2575.5,-5858,101898,21039670
2024-09-06,2544.28,-2661,86853,20791440
2024-09-09,2535.93,-5422,74544,20719560
2024-09-10,2523.43,-6708,84219,20618080
2024-09-11,2513.37,-10351,96230,20519780
2024-09-12,2572.09,2782,112824,20991010
2024-09-13,2575.41,-9577,84220,21013460
2024-09-19,2580.8,-11756,128711,21061100
2024-09-20,2593.37,-337,142766,21165820
2024-09-23,2602.01,-7023,95265,21228390
2024-09-24,2631.68,-3773,103384,21465520
2024-09-25,2596.32,-5701,116715,21188000
2024-09-26,2671.57,4953,116024,21791140
2024-09-27,2649.78,2659,119870,21628270
2024-09-30,2593.27,-10032,108069,21159750
2024-10-02,2561.69,-3074,96079,20912530
2024-10-04,2569.71,428,100166,20972990
2024-10-07,2610.38,292,103789,21298980
2024-10-08,2594.36,-3810,91683,21161860
2024-10-10,2599.16,1626,138676,21187690
2024-10-11,2596.91,-5991,95484,21168990
2024-10-14,2623.29,915,85254,21384490
2024-10-15,2633.45,2904,100544,21473190
2024-10-16,2610.36,-6597,100531,21292760
2024-10-17,2609.3,-4049,99536,21274160
2024-10-18,2593.82,-4785,82749,21152790
2024-10-21,2604.92,221,77572,21245050
2024-10-22,2570.7,-2814,89581,20966000
2024-10-23,2599.62,2116,94302,21206970
2024-10-24,2581.03,-6074,97339,21040420
2024-10-25,2583.27,-3909,102869,21056510
2024-10-28,2612.43,-1283,91330,21298410
2024-10-29,2617.8,-1177,93412,21344240
2024-10-30,2593.79,-3357,90670,21146750
2024-10-31,2556.15,-8583,109807,20838070
2024-11-01,2542.36,-390,79443,20726770
2024-11-04,2588.97,297,80647,21102150
2024-11-05,2576.88,-1444,77160,21001130
2024-11-06,2563.51,-1031,117919,20890440
2024-11-07,2564.63,1046,108097,20898400
2024-11-08,2561.15,-132,99212,20872290
2024-11-11,2531.66,-4817,112902,20629980
2024-11-12,2482.57,-3064,128480,20226440
2024-11-13,2417.08,-6308,112084,19706630
2024-11-14,2418.86,-2333,130174,19726110
2024-11-15,2416.86,-595,123658,19735130
2024-11-18,2469.07,-530,106213,20173770
2024-11-19,2471.95,-3300,90859,20191460
2024-11-20,2482.29,-1823,78201,20331340
2024-11-21,2480.63,-2593,83564,20328240
2024-11-22,2501.24,1175,80172,20489000
2024-11-25,2534.34,-747,134952,20751120
2024-11-26,2520.36,-690,87099,20643730
2024-11-27,2503.06,-3349,85860,20490720
2024-11-28,2504.67,-4919,75728,20503580
2024-11-29,2455.91,-7494,91065,20114210
2024-12-02,2454.48,-1309,75917,20097130
2024-12-03,2500.1,5655,91452,20462610
2024-12-04,2464,-4071,132969,20169340
2024-12-05,2441.85,-3174,97207,19993050
2024-12-06,2428.16,-2841,107269,19885100
2024-12-09,2360.58,1027,100045,19331610
2024-12-10,2417.84,-1047,93038,19797690
2024-12-11,2442.51,-1376,77459,19997540
2024-12-12,2482.12,-209,122591,20322500
2024-12-13,2494.46,-1739,88495,20421150
2024-12-16,2488.97,-4339,84664,20378250
2024-12-17,2456.81,-7020,92848,20103430
2024-12-18,2484.43,3924,83386,20331350
2024-12-19,2435.93,-4338,84437,19934170
2024-12-20,2404.15,-8224,93473,19670640
2024-12-23,2442.01,1448,73755,19980470
2024-12-24,2440.52,-62,67408,19978250
2024-12-26,2429.67,204,64104,19890050
2024-12-27,2404.77,-1739,63396,19669560
2024-12-30,2399.49,-1207,53155,19633280
2025-01-02,2398.94,-2382,69586,19634540
2025-01-03,2441.92,2843,82301,19981260
2025-01-06,2488.64,3705,81423,20363940
2025-01-07,2492.1,1629,94060,20385220
2025-01-08,2521.05,2220,103911,20626260
2025-01-09,2521.9,7510,115245,20638370
2025-01-10,2515.78,-38,96910,20586380
2025-01-13,2489.56,-8743,90491,20363970
2025-01-14,2497.4,-2965,81992,20424880
2025-01-15,2496.81,568,91762,20417690
2025-01-16,2527.49,6263,94323,20658090
2025-01-17,2523.55,-2338,100118,20623200
2025-01-20,2520.05,-4185,86635,20596630
2025-01-21,2518.03,-1729,93236,20582590
2025-01-22,2547.06,3507,110745,20817140
2025-01-23,2515.49,-6196,99078,20560880
2025-01-24,2536.8,2734,101793,20730490
2025-01-31,2517.37,-11756,137594,20571320
2025-02-03,2453.95,-8707,116500,20052280
2025-02-04,2481.69,772,110009,20285880
2025-02-05,2509.27,656,99496,20564730
2025-02-06,2536.75,3556,118630,20785760
2025-02-07,2521.92,-2400,102401,20666490
2025-02-10,2521.27,-2770,105825,20670500
2025-02-11,2539.05,1408,110232,20813110
2025-02-12,2548.39,3706,136690,20888840
2025-02-13,2583.17,-1134,171042,21168650
2025-02-14,2591.05,-3204,139176,21232950
2025-02-17,2610.42,-2235,110173,21385760
2025-02-18,2626.81,189,126182,21524140
2025-02-19,2671.52,3956,148516,21903210
2025-02-20,2654.06,-2884,145512,21768980
2025-02-21,2654.58,-2163,113811,21761750
2025-02-24,2645.27,-2001,108021,21677880
2025-02-25,2630.29,-3206,105085,21552550
2025-02-26,2641.09,-3221,112187,21635400
2025-02-27,2621.75,-1786,108021,21477080
2025-02-28,2532.78,-15562,156372,20743780
2025-03-04,2528.92,-1945,131154,20712770
2025-03-05,2558.13,-2265,130216,20945800
2025-03-06,2576.16,1375,113197,21056420
2025-03-07,2563.48,591,121552,20958920
2025-03-10,2570.39,-4292,98814,21014400
2025-03-11,2537.6,-15403,109175,20748620
2025-03-12,2574.82,3796,122848,21050910
2025-03-13,2573.64,-4809,131129,21039690
2025-03-14,2566.36,-2954,99418,21002870
2025-03-17,2610.69,6223,119951,21373070
2025-03-18,2612.34,4437,120346,21389180
2025-03-19,2628.62,3052,118415,21530800
2025-03-20,2637.1,5515,119893,21609680
2025-03-21,2643.13,8503,141881,21662400
2025-03-24,2632.07,62,69241,21567100
2025-03-25,2615.81,-752,83051,21435390
2025-03-26,2643.94,3508,76553,21667570
2025-03-27,2607.15,887,76762,21376890
2025-03-28,2557.98,-6422,71504,20970560
2025-03-31,2481.12,-15772,82364,20335080
2025-04-01,2521.39,-3912,69395,20660910
2025-04-02,2505.86,-7272,73161,20535170
2025-04-03,2486.7,-13776,82675,20373340
2025-04-04,2465.42,-17893,107428,20198960
2025-04-07,2328.2,-20992,105055,19075910
2025-04-08,2334.23,-6468,91225,19128700
2025-04-09,2293.7,-10048,95603,18801720
2025-04-10,2445.06,3286,110554,20027860
2025-04-11,2432.72,-6898,76871,19918470
2025-04-14,2455.89,-2437,66878,20111020
2025-04-15,2477.41,-1183,65108,20279960
2025-04-16,2447.43,-4588,67257,20048540
2025-04-17,2470.41,-3510,66063,20231880
2025-04-18,2483.42,-1045,56496,20339570
2025-04-21,2488.42,-2883,52397,20382700
2025-04-22,2486.64,-2421,61825,20368670
2025-04-23,2525.56,-1970,77642,20684110
2025-04-24,2522.33,-74,72723,20661480
2025-04-25,2546.3,6146,87606,20857210
2025-04-28,2548.86,-859,78034,20872080
2025-04-29,2565.42,6931,92152,21008810
2025-04-30,2556.61,-1686,84356,20941290
2025-05-02,2559.79,-1668,83274,20958220
2025-05-07,2573.8,3498,89354,21068640
2025-05-08,2579.48,1305,102701,21113590
2025-05-09,2577.27,681,80349,21103820
2025-05-12,2607.33,2,85275,21359600
2025-05-13,2608.42,1706,87461,21393650
2025-05-14,2640.57,4762,88932,21653840
2025-05-15,2621.36,2737,72540,21507480
2025-05-16,2626.87,1698,80250,21544350
2025-05-19,2603.42,-1138,67524,21348530
2025-05-20,2601.8,-1145,76614,21335070
2025-05-21,2625.58,1950,74411,21516050
2025-05-22,2593.67,-2265,89655,21260110
2025-05-23,2592.09,-583,86597,21242990
2025-05-26,2644.4,1018,83428,21662850
2025-05-27,2637.22,-756,79088,21602390
2025-05-28,2670.15,3026,112388,21880750
2025-05-29,2720.64,2947,108956,22292080
2025-05-30,2697.67,-6118,148036,22106460
2025-06-02,2698.97,1285,80629,22116610
2025-06-04,2770.84,10549,121064,22705700
2025-06-05,2812.05,9842,132930,23029420
2025-06-09,2855.77,9799,140303,23377900
2025-06-10,2871.85,6332,142898,23501640
2025-06-11,2907.04,1656,124750,23789210
2025-06-12,2920.03,4081,173447,23890480
2025-06-13,2894.62,1219,174628,23693230
2025-06-16,2946.66,-3224,144011,24106380
2025-06-17,2950.3,-967,179159,24141380
2025-06-18,2972.19,2864,146683,24325400
2025-06-19,2977.74,-874,137866,24363680
2025-06-20,3021.84,5625,179748,24718140
2025-06-23,3014.47,-3685,178798,24652830
2025-06-24,3103.64,4436,191073,25382350
2025-06-25,3108.25,-1114,196626,25430920
2025-06-26,3079.56,-5806,170306,25195940
2025-06-27,3055.94,-8579,139703,25006630
2025-06-30,3071.7,-6513,133338,25120910
2025-07-01,3089.65,1765,151848,25274880
2025-07-02,3075.06,-3273,148299,25161920
2025-07-03,3116.27,6456,148832,25511060
2025-07-04,3054.28,1621,135712,25010910
2025-07-07,3059.47,-912,102045,25040460
2025-07-08,3114.95,2440,134914,25489660
2025-07-09,3133.74,-4128,126549,25634230
2025-07-10,3183.23,4723,141248,26037390
2025-07-11,3175.77,3256,133421,25989820
2025-07-14,3202.03,3713,115656,26200570
2025-07-15,3215.28,2142,122388,26310870
2025-07-16,3186.38,534,113288,26083420
2025-07-17,3192.29,472,153654,26139000
2025-07-18,3188.07,1897,119392,26100080
2025-07-21,3210.81,8961,106623,26328290
2025-07-22,3169.94,-1289,116047,25990560
2025-07-23,3183.77,4219,122014,26107880
2025-07-24,3190.45,7431,129932,26157760
2025-07-25,3196.05,2687,98222,26215580
2025-07-28,3209.52,4802,138729,26340280
2025-07-29,3230.57,6047,127692,26513270
2025-07-30,3254.47,5801,129685,26717860
2025-07-31,3245.44,3444,164556,26627430
2025-08-01,3119.41,-6563,152812,25635760
2025-08-04,3147.75,828,97247,25872430
2025-08-05,3198,2953,109502,26277670
2025-08-06,3198.14,2815,111283,26277850
2025-08-07,3227.68,-176,112014,26520590
2025-08-08,3210.01,-1596,114011,26402950
2025-08-11,3206.77,2202,103389,26373400
2025-08-12,3189.91,-594,101655,26237230
2025-08-13,3224.37,6365,103521,26520830
2025-08-14,3225.66,-800,100022,26526230
2025-08-18,3177.28,-4896,89419,26128670
2025-08-19,3151.56,-4546,86242,25920630
2025-08-20,3130.09,-2137,117736,25749710
2025-08-21,3141.74,-171,108933,25848340
2025-08-22,3168.73,1817,83375,26065200
2025-08-25,3209.86,1188,80917,26399300
2025-08-26,3179.36,-6860,129549,26146130
2025-08-27,3187.16,-2037,88519,26210030
2025-08-28,3196.32,-243,98758,26278490
2025-08-29,3186.01,-3725,89693,26190110
2025-09-01,3142.93,-2674,80032,25834400
2025-09-02,3172.35,4022,86765,26082140
2025-09-03,3184.42,4364,88119,26184780
2025-09-04,3200.83,2035,79779,26316020
2025-09-05,3205.12,-1380,109420,26368410
2025-09-08,3219.59,2316,82178,26488800
2025-09-09,3260.05,6842,106286,26824710
2025-09-10,3314.53,13848,137035,27267780
2025-09-11,3344.2,3024,149470,27504870
2025-09-12,3395.54,14172,139323,27924320
2025-09-15,3407.31,2668,127927,28027950
2025-09-16,3449.62,17989,140589,28381800
2025-09-17,3413.4,-361,116116,28082740
2025-09-18,3461.3,2877,124091,28481880
2025-09-19,3445.24,-3062,151113,28344900
2025-09-22,3468.65,5682,119962,28554880
2025-09-23,3486.19,3366,121524,28698420
2025-09-24,3472.14,-2465,118070,28584290
2025-09-25,3471.11,2164,126408,28576340
2025-09-26,3386.05,-5704,126062,27875200
2025-09-29,3431.21,4484,100089,28249500
2025-09-30,3424.6,260,111574,28177700
2025-10-01,3455.83,8333,123446,28455430
2025-10-02,3549.21,31400,194561,29222260
2025-10-10,3610.6,10614,196008,29746460
2025-10-13,3584.55,-8233,142709,29528280
2025-10-14,3561.81,5552,189264,29338780
2025-10-15,3657.28,1629,138799,30119080
2025-10-16,3748.37,6591,176648,30863150
2025-10-17,3748.89,4426,172687,30868950
2025-10-20,3814.69,-2477,141906,31410200
2025-10-21,3823.84,-188,193735,31501600
2025-10-22,3883.68,-7011,154512,31971770
2025-10-23,3845.56,-4091,162557,31647990
2025-10-24,3941.59,5849,178008,32429870
2025-10-27,4042.83,6495,201228,33258930
2025-10-28,4010.41,-16410,197199,32985790
2025-10-29,4081.15,-1018,220332,33576100
2025-10-30,4086.89,-1178,241983,33646890
2025-10-31,4107.5,13164,229504,33834470
2025-11-03,4221.87,-7964,227287,34770460
2025-11-04,4121.74,-22349,207857,33921050
2025-11-05,4004.42,-20700,291862,32944110
2025-11-06,4026.45,-17000,214839,33116220
2025-11-07,3953.76,-4625,187943,32520070
2025-11-10,4073.24,-1452,166857,33498500
2025-11-11,4106.39,744,201188,33780370
2025-11-12,4150.39,-4263,156707,34135180
2025-11-13,4170.63,9997,175170,34302130
2025-11-14,4011.57,-23668,179686,32986480
2025-11-17,4089.25,5183,143530,33631160
2025-11-18,3953.62,-5521,140775,32510670
2025-11-19,3929.51,-10512,145869,32305860
2025-11-20,4004.85,7448,151436,32932990
2025-11-21,3853.26,-28308,141669,31685930
2025-11-24,3846.06,-7957,214113,31692720
2025-11-25,3857.78,-17,132758,31805900
2025-11-26,3960.87,5235,157777,32659220
2025-11-27,3986.91,1577,130090,32862949
2025-11-28,3926.59,-20410,119273,32357610
2025-12-01,3920.37,2236,118056,32320509
2025-12-02,3994.93,12206,124392,32935106
2025-12-03,4036.3,2829,133757,33268049
2025-12-04,4028.51,-6978,137162,33216944
2025-12-05,4100.05,10006,163088,33806610
2025-12-08,4154.85,3227,152078,34247124
2025-12-09,4143.55,-910,133288,34152038
2025-12-10,4135,3737,126258,34081982
2025-12-11,4110.62,3650,203084,33890854
2025-12-12,4167.16,469,165458,34356709
2025-12-15,4090.59,-9599,154383,33735081
2025-12-16,3999.13,-10350,165256,32987883
2025-12-17,4056.41,-278,129683,33481219
2025-12-18,3994.51,-3468,130776,32971325
2025-12-19,4020.55,-7471,164704,33187956
2025-12-22,4105.93,11140,130137,33890128
2025-12-23,4117.32,9543,134607,33986488
2025-12-24,4108.62,5216,121150,33915458
2025-12-26,4129.68,17807,162736,34095524
2025-12-29,4220.56,3356,145352,34832977
2025-12-30,4214.17,-4886,132135,34778395
2026-01-02,4309.63,6447,175218,35587365
2026-01-05,4457.52,21808,227838,36835010
2026-01-06,4525.48,-6302,255182,37381887
2026-01-07,4551.06,12521,291399,37597225
2026-01-08,4552.37,-1066,274770,37590627
2026-01-09,4586.32,-16113,234788,37902298
2026-01-12,4624.79,-3523,230738,38222276
2026-01-13,4692.64,-2789,252406,38774437
2026-01-14,4723.1,-3781,242175,39031668
2026-01-15,4797.55,3530,238261,39662372
2026-01-16,4840.74,4368,269482,40048798
2026-01-19,4904.66,5491,252147,40568322
2026-01-20,4885.75,1160,271488,40386129
2026-01-21,4909.93,4457,300930,40619174
2026-01-22,4952.53,-2478,329196,40958741
2026-01-23,4990.07,1451,300171,41255551
2026-01-26,4949.59,-1664,228430,40930324
2026-01-27,5084.85,8453,284964,42037348
2026-01-28,5170.81,3932,308565,42760446
2026-01-29,5221.25,-14923,358702,43156778
2026-01-30,5224.36,-19792,354934,43186471
2026-02-02,4949.67,-25330,320906,40911117
2026-02-03,5288.08,7170,300160,43721003
2026-02-04,5371.1,-9378,304335,44388411
2026-02-05,5163.57,-50385,323856,42647664
2026-02-06,5089.14,-33277,299123,42034777
2026-02-09,5298.04,4389,264541,43740578
2026-02-10,5301.69,1469,232759,43766156
2026-02-11,5354.49,8572,256259,44212553
2026-02-12,5522.27,30079,323226,45608260
2026-02-13,5507.01,-9268,308210,45535322
2026-02-19,5677.25,-9345,289460,46965881
2026-02-20,5808.53,-7441,331197,48036013
2026-02-23,5846.09,-11109,320441,48200587
2026-02-24,5969.64,-1903,313727,49227366
2026-02-25,6083.86,-13057,352846,50168889
2026-02-26,6307.27,-21106,389300,51999616
2026-02-27,6244.13,-70812,549393,51463731
2026-03-03,5791.91,-51737,528006,47694334
2026-03-04,5093.54,2367,628827,41949468
2026-03-05,5583.9,-1570,453090,46043577
2026-03-06,5584.87,-19511,314025,46050573
2026-03-09,5251.87,-31979,331639,43312642
2026-03-10,5532.59,10344,287133,45673168
2026-03-11,5609.95,-2547,266192,46333845
2026-03-12,5583.25,-23911,236982,46081000
2026-03-13,5487.24,-14596,237197,45303306
2026-03-16,5549.85,-8519,217603,45835569
2026-03-17,5640.48,-1733,223038,46577274
2026-03-18,5925.03,8887,268518,48928357
2026-03-19,5763.22,-18839,229947,47576851
2026-03-20,5781.2,-12455,340259,47681892
2026-03-23,5405.75,-36983,272432,44593204
2026-03-24,5553.92,-19793,249324,45805249
2026-03-25,5642.21,-12866,246421,46516001
2026-03-26,5460.46,-29501,256153,44996128
2026-03-27,5438.87,-34400,236593,44827295
2026-03-30,5277.3,-20981,208275,43479260
2026-03-31,5052.46,-38481,298377,41590859
2026-04-01,5478.7,-6278,289024,45121662
2026-04-02,5234.05,-1406,332901,43083805
2026-04-03,5377.3,7995,222346,44277566
2026-04-06,5450.33,-1564,217612,44896599
2026-04-07,5494.78,3950,237194,45264649
2026-04-08,5872.34,19453,363070,48369415
2026-04-09,5778.01,17189,334734,47597267
2026-04-10,5858.87,10636,237461,48257465
2026-04-13,5808.62,-4615,214566,47815394
2026-04-14,5967.75,8367,271286,48945285
2026-04-15,6091.39,4890,316156,49955123
2026-04-16,6226.05,4746,270468,51060208
2026-04-17,6191.92,-20031,246196,50763791
2026-04-20,6219.09,-2370,235765,50974903
2026-04-21,6388.47,11516,311060,52362070
2026-04-22,6417.93,-6822,310291,52600141
2026-04-23,6475.81,-860,406042,53083980
2026-04-24,6475.63,-19496,302029,53053378
2026-04-27,6615.03,8675,334103,54215542
2026-04-28,6641.02,-1935,376227,54430595
2026-04-29,6690.9,-6138,314533,54855809
2026-04-30,6598.87,-14622,358086,54074678
2026-05-04,6936.99,29457,426960,56858041
2026-05-06,7384.56,31096,600004,60576000
2026-05-07,7490.05,-67173,511125,61382565
2026-05-08,7498,-53117,407927,61432495
2026-05-11,7822.24,-28365,518434,64108802
2026-05-12,7643.15,-56258,671146,62614554
2026-05-13,7844.01,-37586,504640,64233605
2026-05-14,7981.41,-21680,516969,65367119
2026-05-15,7493.18,-56607,595485,61347158
2026-05-18,7516.04,-36519,446092,61564844
2026-05-19,7271.66,-57474,379610,59568753
2026-05-20,7208.95,-29499,404010,59038826
2026-05-21,7815.59,-2196,431871,63962399
2026-05-22,7847.71,-19265,312294,64214678
2026-05-26,8047.51,-1320,408027,65805294
2026-05-27,8228.7,-2606,568321,67278820
2026-05-28,8185.29,-27354,532418,66916093
2026-05-29,8476.15,-10681,803325,69331433
2026-06-01,8788.38,-28281,743300,72045094
2026-06-02,8801.49,-63191,691097,72153007
2026-06-04,8639.41,-67014,476386,70737516
2026-06-05,8160.59,-27815,485195,66855591
2026-06-08,7484.41,-2839,483389,61324115
2026-06-09,8096.93,-19843,467154,66259211
2026-06-10,7730.82,-28080,399448,63246861
2026-06-11,7763.95,-14796,464008,63525562
2026-06-12,8123.62,22158,522576,66492710
2026-06-15,8545.98,11033,399922,69928678
2026-06-16,8726.6,15309,405685,71425134
2026-06-17,8864.24,-9946,358460,72531001
2026-06-18,9063.84,12710,507803,74132473
2026-06-19,9052.42,-3519,672552,73988747
2026-06-22,9114.55,-25477,419095,74495928
2026-06-23,8203.84,-42421,614286,67068355
2026-06-24,8471.02,-46529,554991,69278160
2026-06-25,8930.3,-8783,519737,73104146
2026-06-26,8411.21,-43163,539975,68853822
2026-06-29,8394.65,-77560,426845,68645678
2026-06-30,8476.48,-38202,420994,69295408
2026-07-01,8303.41,-17012,399987,67854320
2026-07-02,7648.09,-44045,499009,62514106
2026-07-03,8088.34,-21556,454921,66170111
2026-07-06,8051.33,-13379,320028,65915952
2026-07-07,7656.31,-29300,407174,62664122
2026-07-08,7246.79,3390,424654,59310562
2026-07-09,7291.91,1428,395567,59648600
2026-07-10,7475.94,-3301,315770,61186043
2026-07-13,6806.93,-16903,401438,55724851
2026-07-14,6856.83,9737,466980,56167497
2026-07-15,7284.41,23126,344883,59611002
2026-07-16,6820.6,-13814,298207,55769178
2026-07-20,6516.27,5272,296906,53313890
2026-07-21,6747.95,3087,248107,55251458
2026-07-22,6797.7,26299,285741,55681558
2026-07-23,7096.89,21487,268561,58142741
2026-07-24,6690.62,-32828,309920,54795196
2026-07-27,6755.75,-29000,242947,55336284
2026-07-28,6023.66,-45261,360739,49332966
2026-07-29,5663.24,-12282,478268,46691014
