date,gasoline_wtavg_krw_l,gasoline_wtavg_dis_krw_l,diesel_wtavg_krw_l,diesel_wtavg_dis_krw_l,kerosene_wtavg_krw_l,kerosene_wtavg_dis_krw_l
2012-03-30,,,1732.00,,,
2012-04-02,1933.00,,,,,
2012-04-03,,,1732.50,,,
2012-04-04,,,,,,
2012-04-05,1955.00,,1740.00,,,
2012-04-06,1948.00,,1725.00,,,
2012-04-09,,,1725.00,,,
2012-04-10,,,1725.00,,,
2012-04-12,,,,,,
2012-04-13,1946.50,,1716.00,,,
2012-04-16,,,1743.25,,,
2012-04-17,,,1800.00,,,
2012-04-18,1978.50,,1750.00,,,
2012-04-19,1960.00,,1740.00,,,
2012-04-20,1960.00,,1733.00,,,
2012-04-23,1960.00,,,,,
2012-04-24,1960.00,,1721.67,,,
2012-04-25,1950.00,,1715.00,,,
2012-04-26,1936.00,,1716.13,,,
2012-04-27,1934.50,,1712.56,,,
2012-04-30,1935.00,,1709.06,,,
2012-05-02,,,1705.00,,,
2012-05-03,1935.00,,1705.00,,,
2012-05-04,,,1708.33,,,
2012-05-07,1920.00,,1705.00,,,
2012-05-08,1920.00,,1700.00,,,
2012-05-09,,,1698.50,,,
2012-05-10,1920.00,,1705.00,,,
2012-05-11,1910.00,,1691.07,,,
2012-05-14,,,1689.50,,,
2012-05-15,1890.00,,1680.00,,,
2012-05-16,,,1680.00,,,
2012-05-17,1880.00,,1675.25,,,
2012-05-18,1873.00,,1671.00,,,
2012-05-21,,,1672.00,,,
2012-05-22,,,,,,
2012-05-23,1867.00,,1672.00,,,
2012-05-24,,,,,,
2012-05-25,1869.00,,1672.75,,,
2012-05-29,1870.00,,1696.00,1666.00,,
2012-05-30,1854.00,,1685.91,1666.00,,
2012-05-31,1889.00,,1690.80,1666.00,,
2012-06-01,1882.00,,1671.00,1686.00,,
2012-06-04,1882.00,,1640.00,1686.00,,
2012-06-05,1894.00,,1650.17,,,
2012-06-07,1885.20,,1640.00,,,
2012-06-08,1886.67,,1634.17,,,
2012-06-11,1881.75,,1630.00,,,
2012-06-12,1862.40,,1629.00,,,
2012-06-13,1863.00,,1698.00,1550.00,,
2012-06-14,1849.33,,1653.00,,,
2012-06-15,1836.71,1843.00,1612.19,1580.00,,
2012-06-18,1838.00,,1603.81,,,
2012-06-19,1836.00,,1615.00,1573.00,,
2012-06-20,1821.33,,1614.68,1570.00,,
2012-06-21,1815.44,,1600.56,1558.33,,
2012-06-22,1765.00,1768.00,1619.87,1550.00,,
2012-06-25,1765.75,,1598.64,1550.00,,
2012-06-26,1757.38,,1600.09,1550.00,,
2012-06-27,1754.17,,1590.83,1550.00,,
2012-06-28,1745.00,,1590.23,1530.00,,
2012-06-29,1742.00,,1579.00,1523.82,,
2012-07-02,1760.00,,1548.05,1530.60,,
2012-07-03,1750.00,,1552.25,1525.21,,
2012-07-04,1779.00,,1547.73,1535.27,,
2012-07-05,1779.00,,1555.45,1543.07,,
2012-07-06,1755.20,1779.00,1551.54,1550.71,,
2012-07-09,1769.00,,1556.82,1551.90,,
2012-07-10,1784.00,,1559.97,1556.78,,
2012-07-11,1760.00,,1561.00,1559.32,,
2012-07-12,1817.00,,1564.18,1557.94,,
2012-07-13,1765.00,,1571.76,1565.33,,
2012-07-16,,,1583.88,1575.32,,
2012-07-17,1780.00,,1596.88,1581.89,,
2012-07-18,1841.00,,1598.93,1586.68,,
2012-07-19,1841.00,,1608.00,1600.79,,
2012-07-20,1796.89,,1615.74,1612.62,,
2012-07-23,,,1623.59,1617.57,,
2012-07-24,,,1613.40,1616.25,,
2012-07-25,1810.00,,1621.65,1608.91,,
2012-07-26,1852.00,,1602.22,1603.39,,
2012-07-27,1827.00,1800.00,1596.15,1592.19,,
2012-07-30,,1827.00,1602.61,1593.44,,
2012-07-31,,1800.00,1607.43,1597.91,,
2012-08-01,,,1603.33,1602.60,,
2012-08-02,1820.00,,1603.35,1600.98,,
2012-08-03,,1815.00,1600.80,1600.64,,
2012-08-06,1825.00,,1608.30,1604.09,,
2012-08-07,,,1620.48,1607.08,,
2012-08-08,1851.67,,1627.94,1624.07,,
2012-08-09,,1860.00,1639.26,1630.92,,
2012-08-10,1872.00,,1648.08,1633.15,,
2012-08-13,1874.00,,1653.56,1639.10,,
2012-08-14,,,1646.37,1641.77,,
2012-08-16,,,1654.32,1635.33,,
2012-08-17,1917.00,,1653.93,1645.05,,
2012-08-20,,,1662.26,1647.37,,
2012-08-21,,1920.00,1665.40,1662.06,,
2012-08-22,,,1668.66,1652.90,,
2012-08-23,1947.00,,1660.61,1653.86,,
2012-08-24,,,1662.97,1654.10,,
2012-08-27,1930.00,,1665.12,1658.85,,
2012-08-28,,,1667.69,1655.99,,
2012-08-29,1920.00,,1663.63,1660.02,,
2012-08-30,1920.00,,1662.00,1659.15,,
2012-08-31,1943.00,,1666.69,1657.80,,
2012-09-03,,,1673.78,1663.34,,
2012-09-04,,,1686.43,1670.01,,
2012-09-05,,,1691.23,1678.39,,
2012-09-06,,,1690.24,1685.39,,
2012-09-07,1889.60,,1688.86,1683.97,,
2012-09-10,1890.00,,1689.68,1682.47,,
2012-09-11,1888.00,,1687.06,1681.22,,
2012-09-12,1893.71,,1688.54,1682.54,,
2012-09-13,1895.00,,1683.62,1673.91,,
2012-09-14,1890.00,1893.00,1681.26,1673.19,,
2012-09-17,,,1680.48,1671.20,,
2012-09-18,,,1681.29,1668.35,,
2012-09-19,,,1669.56,1667.06,,
2012-09-20,,,1664.97,1657.58,,
2012-09-21,1880.00,,1646.09,1642.53,,
2012-09-24,,,1642.10,1642.28,,
2012-09-25,,,1635.17,1632.62,,
2012-09-26,,,1627.99,1630.85,,
2012-09-27,1893.00,,1620.37,1618.07,,
2012-09-28,,,1619.88,1612.94,,
2012-10-02,1845.00,,1628.18,1624.44,,
2012-10-04,,,1628.28,1622.12,,
2012-10-05,1865.00,,1633.59,1622.04,,
2012-10-08,1860.00,,1630.37,1625.79,,
2012-10-09,,,1633.75,1625.93,,
2012-10-10,,,1642.39,1632.42,,
2012-10-11,,,1650.20,1639.78,,
2012-10-12,,,1657.04,1644.46,,
2012-10-15,1888.00,,1650.90,1648.19,,
2012-10-16,,,1645.86,1643.79,,
2012-10-17,1875.00,,1632.38,1635.09,,
2012-10-18,1875.00,,1633.25,1632.54,,
2012-10-19,1892.00,,1635.81,1628.81,,
2012-10-22,1897.00,,1622.58,1621.59,,
2012-10-23,,,1612.01,1612.28,,
2012-10-24,1824.00,,1597.37,1600.57,,
2012-10-25,,,1599.27,1588.67,,
2012-10-26,1790.25,,1594.66,1593.58,,
2012-10-29,,,1605.83,1588.18,,
2012-10-30,1832.25,,1610.18,1592.46,,
2012-10-31,,,1607.60,1599.05,,
2012-11-01,,,1603.16,1598.20,,
2012-11-02,,,1601.55,1602.87,,
2012-11-05,,,1602.33,1600.46,,
2012-11-06,,,1602.09,1603.84,,
2012-11-07,1778.00,,1614.52,1600.69,,
2012-11-08,1778.73,1778.00,1603.29,1600.38,,
2012-11-09,1779.00,1778.00,1602.34,1600.50,,
2012-11-12,1778.72,1778.00,1607.40,1600.64,,
2012-11-13,1778.41,1776.00,1606.87,1604.86,,
2012-11-14,1778.55,1776.00,1606.13,1604.43,,
2012-11-15,1780.76,1776.00,1605.39,1596.12,,
2012-11-16,1776.00,1776.00,1598.81,1591.89,,
2012-11-19,1777.75,,1602.17,1592.20,,
2012-11-20,1776.78,1776.00,1604.67,1597.45,,
2012-11-21,1796.00,,1602.04,1592.60,,
2012-11-22,1796.00,,1600.07,1594.53,,
2012-11-23,1796.00,1796.00,1596.34,1593.26,,
2012-11-26,1796.00,1796.00,1597.14,1591.06,,
2012-11-27,1796.00,1796.00,1593.30,1593.19,,
2012-11-28,1793.50,1800.50,1593.74,1591.51,,
2012-11-29,1793.63,,1596.49,1590.85,,
2012-11-30,1792.85,1801.00,1600.55,1593.04,,
2012-12-03,1797.84,,1604.56,1592.86,,
2012-12-04,1798.75,1801.00,1605.10,1599.94,,
2012-12-05,1778.00,,1607.26,1601.76,,
2012-12-06,1778.00,,1608.73,1605.99,,
2012-12-07,1778.00,,1618.67,1607.31,,
2012-12-10,1790.67,,1629.10,1609.60,,
2012-12-11,1786.67,,1622.95,1612.56,,
2012-12-12,1775.15,,1615.46,1610.16,,
2012-12-13,1778.87,,1611.95,1609.35,,
2012-12-14,1775.79,,1603.97,1599.16,,
2012-12-17,1774.00,,1600.75,1596.66,,
2012-12-18,1777.14,,1594.26,1596.24,,
2012-12-20,1768.94,,1599.26,1594.85,,
2012-12-21,1770.81,1765.00,1597.18,1599.26,,
2012-12-24,1768.33,,1596.01,1594.08,,
2012-12-26,1768.75,1765.00,1594.75,1593.84,,
2012-12-27,1766.33,,1595.50,1590.82,,
2012-12-28,1768.89,,1598.75,1592.66,,
2012-12-31,1767.63,1765.00,1600.30,1595.00,,
2013-01-02,1768.79,1765.00,1603.80,1603.04,,
2013-01-03,1781.00,,1601.34,1605.68,,
2013-01-04,1782.06,,1598.31,1593.49,,
2013-01-07,1780.40,1774.00,1591.59,1588.12,,
2013-01-08,1779.00,1774.04,1584.85,1577.27,,
2013-01-09,1788.89,1774.38,1589.24,1575.62,,
2013-01-10,1790.17,1773.75,1582.88,1580.17,,
2013-01-11,1791.06,1776.54,1583.92,1574.78,,
2013-01-14,1789.59,1771.00,1584.63,1578.02,,
2013-01-15,1790.11,1783.75,1592.33,1581.37,,
2013-01-16,1792.62,1777.00,1590.15,1584.43,,
2013-01-17,1790.64,1765.00,1581.72,1583.96,,
2013-01-18,1787.50,1776.54,1578.16,1573.05,,
2013-01-21,1788.79,,1575.41,1567.92,,
2013-01-22,1788.08,,1576.35,1567.70,,
2013-01-23,1783.82,,1574.06,1570.37,,
2013-01-24,1778.75,,1575.89,1567.07,,
2013-01-25,1790.00,,1581.42,1571.49,,
2013-01-28,1779.00,1775.00,1591.67,1572.36,,
2013-01-29,1778.46,,1587.38,1574.54,,
2013-01-30,1781.82,1775.00,1587.74,1577.62,,
2013-01-31,1779.92,,1586.35,1579.71,,
2013-02-01,1805.65,,1604.20,1577.81,,
2013-02-04,1806.79,1805.00,1618.09,1596.97,,
2013-02-05,1807.00,,1622.36,1609.53,,
2013-02-06,1809.72,1810.00,1627.43,1617.93,,
2013-02-07,1817.09,1810.00,1628.77,1620.25,,
2013-02-08,1835.25,1809.39,1635.10,1627.97,,
2013-02-12,1887.38,,1649.36,1637.73,,
2013-02-13,1887.92,,1655.21,1647.52,,
2013-02-14,1887.50,1890.00,1648.30,1649.97,,
2013-02-15,1876.27,1876.44,1649.56,1643.86,,
2013-02-18,1876.69,1878.36,1646.19,1647.33,,
2013-02-19,1875.73,1876.88,1646.83,1639.23,,
2013-02-20,1881.83,1878.33,1648.09,1639.73,,
2013-02-21,1873.32,1872.00,1637.70,1639.06,,
2013-02-22,1871.34,1877.88,1632.80,1627.59,,
2013-02-25,1871.27,1879.02,1637.92,1634.68,,
2013-02-26,1871.50,1870.98,1640.65,1643.26,,
2013-02-27,1867.44,1860.00,1639.74,1638.98,,
2013-02-28,1867.63,1875.00,1631.10,1629.97,,
2013-03-04,1866.78,,1627.54,1622.75,,
2013-03-05,1870.71,,1611.47,1610.07,,
2013-03-06,1872.14,,1609.65,1603.05,,
2013-03-07,1852.61,1855.00,1606.59,1604.42,,
2013-03-08,1853.51,,1607.43,1602.63,,
2013-03-11,1857.27,1855.00,1609.18,1609.18,,
2013-03-12,1856.72,1855.00,1611.68,1606.37,,
2013-03-13,1860.00,,1609.07,1607.18,,
2013-03-14,1831.93,1832.16,1600.16,1600.41,,
2013-03-15,1832.96,1832.26,1599.28,1594.60,,
2013-03-18,1830.24,,1600.68,1595.09,,
2013-03-19,1832.86,1830.00,1603.23,1599.34,,
2013-03-20,1833.88,,1600.69,1598.59,,
2013-03-21,1820.17,1820.25,1598.72,1596.78,,
2013-03-22,1820.79,1823.65,1583.44,1576.13,,
2013-03-25,1821.15,1825.00,1584.76,1574.32,,
2013-03-26,1821.77,,1575.30,1570.22,,
2013-03-27,1808.02,1803.91,1574.48,1571.44,,
2013-03-28,1808.02,1805.00,1575.70,1570.78,,
2013-03-29,1808.70,1812.68,1578.21,1569.57,,
2013-04-01,1810.78,1810.00,1584.10,1581.06,,
2013-04-02,1810.09,1806.16,1588.62,1584.65,,
2013-04-03,1807.66,1807.22,1590.85,1590.43,,
2013-04-04,1819.28,,1586.83,1584.07,,
2013-04-05,1821.71,1825.00,1583.61,1580.14,,
2013-04-08,1817.38,,1581.20,1579.26,,
2013-04-09,1817.78,1825.00,1575.95,1574.98,,
2013-04-10,1820.90,1805.00,1574.70,1571.51,,
2013-04-11,1812.67,1795.00,1571.44,1569.26,,
2013-04-12,1804.64,,1566.40,1562.51,,
2013-04-15,1797.57,,1550.29,1550.58,,
2013-04-16,1790.38,,1533.03,1528.45,,
2013-04-17,1774.62,1770.00,1527.49,1524.84,,
2013-04-18,1769.51,1765.00,1527.93,1526.93,,
2013-04-19,1767.62,,1526.77,1523.58,,
2013-04-22,1729.46,1726.04,1525.14,1523.27,,
2013-04-23,1728.43,1725.00,1522.59,1521.13,,
2013-04-24,1728.17,1725.91,1520.54,1517.62,,
2013-04-25,1723.49,1724.27,1519.60,1517.48,,
2013-04-26,1724.54,1721.86,1521.74,1518.21,,
2013-04-29,1725.33,1720.61,1521.45,1519.13,,
2013-04-30,1724.76,1720.29,1517.29,1514.71,,
2013-05-02,1766.50,,1502.94,1509.78,,
2013-05-03,1768.00,,1510.35,1506.41,,
2013-05-06,1768.33,,1516.67,1518.59,,
2013-05-07,1771.63,,1517.33,1517.41,,
2013-05-08,1760.00,,1516.68,1516.44,,
2013-05-09,1751.07,1748.65,1513.51,1513.13,,
2013-05-10,1747.52,1744.10,1522.80,1513.77,,
2013-05-13,1746.97,1750.00,1547.79,1536.60,,
2013-05-14,1752.79,1747.75,1548.45,1546.82,,
2013-05-15,1767.80,1748.41,1562.45,1550.25,,
2013-05-16,1757.57,1746.49,1553.01,1546.33,,
2013-05-20,1757.86,1749.19,1569.68,1545.72,,
2013-05-21,1746.19,1749.92,1566.59,1555.26,,
2013-05-22,1755.82,1750.48,1557.72,1551.64,,
2013-05-23,1783.24,1760.00,1543.27,1537.99,,
2013-05-24,1758.04,1753.76,1545.02,1538.51,,
2013-05-27,1794.61,1760.00,1547.44,1539.74,,
2013-05-28,1801.17,,1574.05,1537.71,,
2013-05-29,1764.81,1753.24,1562.31,1539.43,,
2013-05-30,1762.50,1760.00,1559.94,1536.78,,
2013-05-31,1766.67,1760.00,1556.24,1536.56,,
2013-06-03,1763.70,,1536.14,1535.46,,
2013-06-04,1770.28,1764.00,1536.58,1536.04,,
2013-06-05,1770.87,1761.13,1535.71,1533.55,,
2013-06-07,1765.30,1765.71,1540.20,1535.03,,
2013-06-10,1773.83,1783.21,1551.28,1545.04,,
2013-06-11,1791.08,1780.17,1553.50,1549.51,,
2013-06-12,1824.40,1790.00,1553.74,1550.37,,
2013-06-13,1771.24,1762.45,1562.15,1556.73,,
2013-06-14,1769.83,1760.36,1566.48,1560.78,,
2013-06-17,1789.46,1757.75,1590.54,1552.89,,
2013-06-18,1761.76,1756.09,1581.34,1565.80,,
2013-06-19,1763.34,1754.90,1583.38,1569.60,,
2013-06-20,1806.00,,1584.11,1575.40,,
2013-06-21,1853.78,1845.80,1595.63,1582.22,,
2013-06-24,1867.67,1839.20,1586.42,1581.31,,
2013-06-25,1853.20,1847.00,1610.17,1565.11,,
2013-06-26,1850.33,1841.00,1588.63,1584.11,,
2013-06-27,1838.25,1827.20,1583.37,1568.24,,
2013-06-28,1821.59,1838.50,1590.25,1587.36,,
2013-07-01,1799.58,,1573.11,1565.00,,
2013-07-02,1791.77,,1575.00,1564.22,,
2013-07-03,1788.34,1782.44,1593.91,1565.14,,
2013-07-04,1815.00,,1607.31,1583.18,,
2013-07-05,1834.63,,1613.89,1605.91,,
2013-07-08,1820.40,,1625.65,1604.12,,
2013-07-09,1818.08,1825.66,1615.67,1605.84,,
2013-07-10,1819.98,1815.00,1616.53,1610.49,,
2013-07-11,1851.86,1870.00,1621.30,1608.11,,
2013-07-12,1867.66,1862.22,1627.03,1606.69,,
2013-07-15,1851.77,1865.79,1612.03,1608.97,,
2013-07-16,1862.00,1869.00,1631.08,1602.09,,
2013-07-17,1835.48,1879.85,1606.19,1603.92,,
2013-07-18,1881.00,1840.00,1614.41,1601.14,,
2013-07-19,1894.57,1892.70,1630.63,1614.55,,
2013-07-22,1844.17,1903.00,1599.82,1599.29,,
2013-07-23,1889.30,1857.00,1610.85,1595.43,,
2013-07-24,1899.03,1908.74,1631.23,1619.37,,
2013-07-25,1875.10,1886.70,1630.85,1620.84,,
2013-07-26,1872.78,1863.97,1631.49,1616.92,,
2013-07-29,1878.25,1870.36,1619.48,1622.77,,
2013-07-30,1869.24,1862.08,1633.34,1608.37,,
2013-07-31,1847.73,1838.00,1632.07,1598.65,,
2013-08-01,1857.33,1859.00,1611.36,1576.81,,
2013-08-02,1851.17,1847.80,1613.74,1591.76,,
2013-08-05,1825.00,1868.00,1594.86,1582.39,,
2013-08-06,1810.50,1829.00,1593.98,1586.43,,
2013-08-07,1810.00,1814.00,1594.08,1585.44,,
2013-08-08,1846.63,1809.00,1605.24,1584.20,,
2013-08-09,1838.27,1819.02,1589.50,1588.31,,
2013-08-12,1797.05,1819.49,1587.89,1582.41,,
2013-08-13,1839.55,1804.49,1614.74,1589.81,,
2013-08-14,1802.21,1800.87,1605.90,1596.70,,
2013-08-16,1775.44,1795.91,1613.16,1583.66,,
2013-08-19,1769.54,1765.33,1604.19,1570.24,,
2013-08-20,1773.81,1788.43,1593.63,1586.83,,
2013-08-21,1818.74,1806.28,1613.94,1597.81,,
2013-08-22,1813.02,1825.10,1631.49,1599.79,,
2013-08-23,1812.23,1813.59,1611.97,1613.12,,
2013-08-26,1810.73,1810.00,1626.63,1579.37,,
2013-08-27,1802.85,1808.67,1615.66,1596.82,,
2013-08-28,1802.50,1810.00,1612.89,1580.80,,
2013-08-29,1802.15,1805.59,1609.33,1601.36,,
2013-08-30,1791.80,1803.72,1602.43,1596.65,,
2013-09-02,1765.44,,1579.94,1550.66,,
2013-09-03,1763.62,1771.87,1575.80,1566.06,,
2013-09-04,1761.91,1760.97,1582.04,1566.24,,
2013-09-05,1796.81,,1591.55,1571.71,,
2013-09-06,1807.63,1793.19,1599.11,1575.92,,
2013-09-09,1786.77,1790.00,1582.45,1580.20,,
2013-09-10,1792.51,1792.72,1589.96,1576.37,,
2013-09-11,1788.90,1808.52,1586.59,1578.20,,
2013-09-12,1812.36,1819.39,1608.07,1576.97,,
2013-09-13,1820.28,1805.74,1603.38,1572.57,,
2013-09-16,1794.32,1814.50,1605.02,1569.54,,
2013-09-17,1786.97,1788.05,1581.19,1569.12,,
2013-09-23,1796.76,1805.00,1572.91,1569.56,,
2013-09-24,1807.79,1797.91,1595.79,1553.09,,
2013-09-25,1773.75,1798.24,1586.01,1565.28,,
2013-09-26,1773.44,1786.36,1582.13,1569.16,,
2013-09-27,1776.61,1785.80,1584.46,1572.69,,
2013-09-30,1778.92,1784.56,1592.62,1571.97,,
2013-10-01,1766.07,,1563.89,1533.55,,
2013-10-02,1751.84,1755.50,1544.96,1530.58,,
2013-10-04,1749.73,,1546.93,1531.66,,
2013-10-07,1750.68,,1550.02,1532.62,,
2013-10-08,1739.02,1750.71,1556.56,1535.82,,
2013-10-10,1737.72,,1576.69,1537.00,,
2013-10-11,1753.36,1755.89,1582.90,1549.43,,
2013-10-14,1737.27,1738.16,1580.05,1550.92,,
2013-10-15,1747.42,1751.00,1589.72,1550.00,,
2013-10-16,1743.83,,1566.91,1561.15,,
2013-10-17,1778.27,1755.00,1588.03,1555.53,,
2013-10-18,1761.16,1753.54,1586.35,1551.74,,
2013-10-21,1736.21,1711.67,1566.23,1557.49,,
2013-10-22,1735.53,1755.90,1602.88,1576.45,,
2013-10-23,1765.58,1763.51,1609.58,1596.54,,
2013-10-24,1748.90,1751.36,1602.64,1590.22,,
2013-10-25,1749.06,1747.03,1595.27,1585.05,,
2013-10-28,1749.45,1750.48,1592.72,1580.64,,
2013-10-29,1743.97,1750.00,1586.99,1571.30,,
2013-10-30,1736.83,1740.59,1575.34,1569.51,,
2013-10-31,1743.73,1746.87,1581.08,1565.58,,
2013-11-01,1737.50,1748.00,1569.48,1545.15,,
2013-11-04,1726.40,,1548.63,1530.00,,
2013-11-05,1725.00,,1551.96,1540.70,,
2013-11-06,1724.09,,1550.68,1542.63,,
2013-11-07,1726.22,,1561.58,1545.40,,
2013-11-08,1723.79,1705.00,1553.59,1539.93,,
2013-11-11,1728.29,1705.00,1558.34,1535.55,,
2013-11-12,1718.53,,1557.63,1538.03,,
2013-11-13,1710.47,1713.58,1565.69,1542.53,,
2013-11-14,1719.66,1723.73,1554.77,1550.87,,
2013-11-15,1722.97,1725.12,1563.01,1537.84,,
2013-11-18,1729.21,1727.80,1564.89,1543.32,,
2013-11-19,1720.47,1717.71,1550.10,1543.15,,
2013-11-20,1753.11,1716.21,1602.38,1538.48,,
2013-11-21,1759.42,1754.05,1589.20,1579.08,,
2013-11-22,1754.15,1751.31,1592.07,1547.97,,
2013-11-25,1759.08,1758.18,1592.65,1549.69,,
2013-11-26,1754.53,1753.16,1596.23,1539.16,,
2013-11-27,1751.42,1757.26,1591.92,1548.99,,
2013-11-28,1749.14,1753.46,1587.93,1559.98,,
2013-11-29,1739.02,1749.90,1578.10,1565.54,,
2013-12-02,1733.71,1725.00,1570.14,1547.34,,
2013-12-03,1727.78,,1583.92,1560.00,,
2013-12-04,1730.86,1731.56,1605.55,1568.27,,
2013-12-05,1729.09,1740.00,1605.96,1586.35,,
2013-12-06,1731.76,1740.98,1609.52,1596.61,,
2013-12-09,1735.47,1752.00,1605.34,1595.84,,
2013-12-10,1734.94,1753.17,1574.53,1598.40,,
2013-12-11,1737.22,1751.39,1595.64,1583.18,,
2013-12-12,1747.86,1754.00,1599.54,1581.01,,
2013-12-13,1741.28,1770.25,1602.33,1580.68,,
2013-12-16,1733.65,1760.00,1594.11,1573.95,,
2013-12-17,1734.41,1739.00,1580.20,1575.84,,
2013-12-18,1738.24,1745.00,1588.13,1572.27,,
2013-12-19,1740.56,1749.66,1605.02,1581.89,,
2013-12-20,1737.38,1766.77,1607.36,1568.86,,
2013-12-23,1730.43,1731.25,1602.02,1577.17,,
2013-12-24,1745.44,1768.05,1601.38,1573.75,,
2013-12-26,1744.43,1760.76,1602.62,1581.19,,
2013-12-27,1750.30,1762.93,1607.64,1579.52,,
2013-12-30,1762.26,1765.00,1599.47,1576.15,,
2013-12-31,1769.46,1772.01,1607.46,1579.74,,
2014-01-02,1759.08,,1604.63,1570.04,,
2014-01-03,1752.83,,1582.31,1575.00,,
2014-01-06,1752.72,,1577.63,1571.63,,
2014-01-07,1768.00,,1576.32,1571.04,,
2014-01-08,1743.08,1740.00,1573.91,1569.37,,
2014-01-09,1748.98,,1578.46,1561.30,,
2014-01-10,1743.42,1740.00,1574.47,1544.44,,
2014-01-13,1747.46,,1564.69,1550.28,,
2014-01-14,1739.68,,1555.75,1539.47,,
2014-01-15,1743.72,1737.54,1575.28,1541.59,,
2014-01-16,1753.56,1760.42,1581.14,1571.38,,
2014-01-17,1752.10,1751.67,1577.46,1547.85,,
2014-01-20,1734.36,1730.00,1546.91,1526.66,,
2014-01-21,1730.70,1730.00,1555.54,1538.75,,
2014-01-22,1729.83,1735.42,1560.05,1528.71,,
2014-01-23,1741.84,1739.22,1566.14,1542.47,,
2014-01-24,1738.84,1742.67,1566.35,1548.64,,
2014-01-27,1740.17,1748.16,1566.54,1543.83,,
2014-01-28,1735.11,1754.71,1555.21,1534.99,,
2014-01-29,1741.05,1744.64,1563.01,1531.68,,
2014-02-03,1727.07,1732.00,1558.42,1525.89,,
2014-02-04,1722.71,,1550.97,1535.00,,
2014-02-05,1723.73,1720.00,1556.12,1538.20,,
2014-02-06,1751.47,1750.00,1555.60,1536.83,,
2014-02-07,1750.79,1744.01,1554.94,1532.95,,
2014-02-10,1747.78,1745.00,1561.17,1530.15,,
2014-02-11,1739.71,,1560.38,1535.29,,
2014-02-12,1741.68,1736.02,1549.39,1539.41,,
2014-02-13,1766.75,1779.94,1588.00,1571.76,,
2014-02-14,1762.53,1772.05,1562.78,1544.32,,
2014-02-17,1761.08,1771.65,1565.66,1526.08,,
2014-02-18,1741.71,1766.01,1541.19,1534.75,,
2014-02-19,1747.93,1742.94,1565.02,1535.78,,
2014-02-20,1789.33,1756.37,1573.88,1558.25,,
2014-02-21,1771.24,1765.76,1568.05,1559.46,,
2014-02-24,1762.30,1765.68,1570.58,1549.66,,
2014-02-25,1775.67,1771.07,1579.91,1556.16,,
2014-02-26,1764.52,1781.13,1588.06,1553.79,,
2014-02-27,1775.39,1781.96,1575.82,1552.86,,
2014-02-28,1779.32,1767.48,1575.66,1552.61,,
2014-03-03,1777.77,1764.04,1579.36,1555.24,,
2014-03-04,1762.89,1735.00,1562.61,1545.06,,
2014-03-05,1763.66,,1558.12,1548.82,,
2014-03-06,1788.08,1773.00,1564.25,1543.91,,
2014-03-07,1772.06,1785.84,1552.47,1539.53,,
2014-03-10,1784.64,,1552.00,1533.09,,
2014-03-11,1766.47,1774.00,1544.82,1543.49,,
2014-03-12,1764.51,1768.42,1541.27,1539.01,,
2014-03-13,1772.44,1774.00,1562.14,1533.05,,
2014-03-14,1771.01,1771.34,1559.61,1536.15,,
2014-03-17,1759.00,,1536.33,1525.06,,
2014-03-18,1756.15,1774.00,1526.98,1528.35,,
2014-03-19,1753.85,1762.85,1527.12,1523.21,,
2014-03-20,1781.08,1770.03,1563.95,1545.00,,
2014-03-21,1776.59,1763.06,1559.80,1546.03,,
2014-03-24,1773.27,1771.34,1560.45,1550.14,,
2014-03-25,1771.72,1762.35,1564.87,1547.07,,
2014-03-26,1772.75,1766.37,1565.30,1550.85,,
2014-03-27,1766.28,1768.52,1563.30,1556.53,,
2014-03-28,1771.74,1763.10,1558.03,1553.96,,
2014-03-31,1771.56,1769.74,1564.79,1552.60,,
2014-04-01,1772.69,1750.00,1571.24,1532.39,,
2014-04-02,1766.02,,1554.99,1550.64,,
2014-04-03,1755.12,1740.00,1544.69,1538.87,,
2014-04-04,1754.11,,1535.65,1526.66,,
2014-04-07,1753.12,,1540.32,1530.30,,
2014-04-08,1736.79,1765.00,1528.66,1528.82,,
2014-04-09,1743.56,1683.21,1538.83,1523.09,,
2014-04-10,1760.58,1763.24,1551.22,1528.49,,
2014-04-11,1751.07,1755.66,1541.17,1524.25,,
2014-04-14,1752.38,1752.02,1533.50,1517.78,,
2014-04-15,1741.33,1758.61,1527.31,1517.82,,
2014-04-16,1733.40,1749.16,1533.27,1523.20,,
2014-04-17,1738.81,1769.45,1535.36,1525.18,,
2014-04-18,1733.47,1752.60,1529.76,1526.43,,
2014-04-21,1732.57,1758.51,1532.85,1523.42,,
2014-04-22,1744.16,1753.11,1545.61,1535.81,,
2014-04-23,1741.28,1706.33,1544.87,1541.90,,
2014-04-24,1749.52,1751.80,1547.50,1530.48,,
2014-04-25,1749.97,1751.92,1542.50,1536.46,,
2014-04-28,1750.38,1752.75,1546.82,1528.82,,
2014-04-29,1751.07,1753.27,1548.70,1528.13,,
2014-04-30,1748.09,1754.49,1535.74,1534.23,,
2014-05-02,1732.31,1695.00,1528.94,1518.89,,
2014-05-07,1763.55,,1550.46,1531.31,,
2014-05-08,1734.91,1725.00,1518.90,1525.42,,
2014-05-09,1732.84,1737.33,1536.21,1516.47,,
2014-05-12,1734.03,1663.10,1534.96,1507.68,,
2014-05-13,1729.58,1730.00,1541.47,1515.87,,
2014-05-14,1719.52,1732.17,1534.42,1519.27,,
2014-05-15,1731.13,1736.61,1526.58,1519.08,,
2014-05-16,1725.20,1731.29,1521.74,1510.38,,
2014-05-19,1721.92,,1523.78,1500.95,,
2014-05-20,1710.95,1733.69,1505.96,1505.00,,
2014-05-21,1717.48,1725.01,1516.48,1508.89,,
2014-05-22,1753.16,1744.96,1534.69,1526.78,,
2014-05-23,1747.96,1744.65,1539.43,1526.95,,
2014-05-26,1743.32,1738.00,1537.61,1521.04,,
2014-05-27,1737.96,1734.92,1536.41,1522.97,,
2014-05-28,1737.53,1733.10,1532.60,1515.60,,
2014-05-29,1736.53,1721.01,1533.01,1516.71,,
2014-05-30,1734.75,1729.36,1526.09,1523.09,,
2014-06-02,1735.50,1725.66,1526.57,1521.61,,
2014-06-03,1733.96,1727.48,1514.05,1502.83,,
2014-06-05,1727.18,1682.31,1503.19,1473.14,,
2014-06-09,1736.65,1745.00,1505.52,1500.13,,
2014-06-10,1719.14,,1494.57,1486.47,,
2014-06-11,1717.76,1734.00,1506.09,1493.13,,
2014-06-12,1726.99,1735.01,1510.69,1501.89,,
2014-06-13,1715.36,1728.40,1509.70,1491.30,,
2014-06-16,1730.79,1723.75,1514.91,1500.04,,
2014-06-17,1705.66,1719.63,1522.95,1498.72,,
2014-06-18,1702.37,1678.07,1495.66,1495.07,,
2014-06-19,1730.62,1726.32,1507.24,1486.25,,
2014-06-20,1737.92,1737.87,1520.55,1494.42,,
2014-06-23,1725.27,1744.07,1531.53,1517.03,,
2014-06-24,1732.12,1745.16,1534.78,1525.03,,
2014-06-25,1731.68,1696.68,1536.58,1514.66,,
2014-06-26,1758.60,1743.61,1537.03,1526.24,,
2014-06-27,1753.25,1744.73,1532.00,1525.61,,
2014-06-30,1751.18,1744.63,1527.89,1515.84,,
2014-07-01,1747.84,,1517.60,1506.25,,
2014-07-02,1744.37,1746.00,1518.06,1498.00,,
2014-07-03,1758.68,1746.00,1523.10,1500.44,,
2014-07-04,1747.26,1697.59,1506.86,1490.20,,
2014-07-07,1753.62,,1515.04,1492.08,,
2014-07-08,1741.67,,1494.67,1487.39,,
2014-07-09,1734.86,,1491.25,1486.50,,
2014-07-10,1738.33,1730.00,1510.83,1488.76,,
2014-07-11,1747.32,1719.70,1501.00,1484.79,,
2014-07-14,1751.89,1750.00,1487.54,1479.60,,
2014-07-15,1731.80,,1484.13,1472.02,,
2014-07-16,1725.76,1727.68,1493.77,1471.11,,
2014-07-17,1738.53,1745.00,1503.29,1468.28,,
2014-07-18,1736.71,1743.48,1500.65,1485.98,,
2014-07-21,1727.39,1707.00,1485.88,1476.49,,
2014-07-22,1737.86,,1496.47,1470.00,,
2014-07-23,1740.46,1740.52,1500.91,1494.24,,
2014-07-24,1735.77,1738.44,1494.82,1494.84,,
2014-07-25,1736.17,1733.62,1495.59,1477.36,,
2014-07-28,1726.02,1734.08,1489.55,1480.88,,
2014-07-29,1727.59,1733.39,1487.85,1478.46,,
2014-07-30,1728.37,1731.46,1491.32,1475.94,,
2014-07-31,1724.31,1731.24,1488.23,1465.93,,
2014-08-01,1732.50,1728.28,1484.87,1469.45,,
2014-08-04,1731.38,,1488.98,1449.01,,
2014-08-05,1718.00,1700.00,1484.28,1454.84,,
2014-08-06,1689.88,,1479.28,1463.07,,
2014-08-07,1690.13,1680.00,1487.56,1466.07,,
2014-08-08,1692.58,1684.29,1480.14,1463.68,,
2014-08-11,1697.76,1684.59,1477.77,1471.21,,
2014-08-12,1696.41,1685.00,1469.00,1467.59,,
2014-08-13,1691.82,1694.62,1478.63,1472.08,,
2014-08-14,1684.27,1684.66,1483.40,1466.75,,
2014-08-18,1677.35,1675.00,1465.20,1469.55,,
2014-08-19,1647.14,1671.81,1460.81,1465.95,,
2014-08-20,1666.36,1670.00,1467.05,1459.92,,
2014-08-21,1671.21,1671.02,1475.69,1462.99,,
2014-08-22,1668.40,1667.92,1469.63,1457.74,,
2014-08-25,1662.77,1658.34,1458.99,1452.83,,
2014-08-26,1663.02,1658.16,1469.59,1452.17,,
2014-08-27,1663.46,1646.11,1468.40,1444.15,,
2014-08-28,1663.95,1652.94,1471.66,1453.70,,
2014-08-29,1663.71,1652.39,1468.00,1455.25,,
2014-09-01,1664.08,1657.47,1468.51,1452.00,,
2014-09-02,1662.73,1662.50,1455.78,1442.65,,
2014-09-03,1663.21,1617.64,1446.85,1443.92,,
2014-09-04,1663.80,1664.66,1453.59,1454.47,,
2014-09-05,1661.21,1655.10,1458.37,1447.76,,
2014-09-11,1646.42,1659.00,1462.71,1442.47,,
2014-09-12,1655.97,1657.09,1459.55,1442.95,,
2014-09-15,1645.41,1659.00,1450.18,1430.13,,
2014-09-16,1655.07,1647.41,1447.66,1440.78,,
2014-09-17,1641.33,1641.62,1443.95,1443.92,,
2014-09-18,1652.99,1618.01,1455.89,1439.43,,
2014-09-19,1653.14,1647.81,1452.83,1441.46,,
2014-09-22,1637.69,1647.77,1454.51,1449.45,,
2014-09-23,1653.42,1650.02,1456.70,1442.46,,
2014-09-24,1640.70,1645.37,1452.08,1447.41,,
2014-09-25,1651.14,1651.00,1450.65,1430.82,,
2014-09-26,1649.01,1630.39,1448.47,1435.44,,
2014-09-29,1648.83,1641.96,1446.68,1438.83,,
2014-09-30,1649.82,1648.40,1445.25,1428.25,,
2014-10-01,1649.03,1644.60,1441.14,1433.70,,
2014-10-02,1644.66,1648.30,1434.56,1427.81,,
2014-10-06,1642.81,1646.21,1431.31,1423.70,,
2014-10-07,1639.25,,1425.26,1415.43,,
2014-10-08,1642.48,1648.33,1433.62,1422.99,,
2014-10-10,1647.01,1640.13,1426.82,1408.71,,
2014-10-13,1634.68,1634.00,1415.87,1409.87,,
2014-10-14,1638.86,1633.24,1413.89,1410.82,,
2014-10-15,1636.35,1625.48,1420.88,1399.20,,
2014-10-16,1631.31,1628.21,1419.19,1406.23,,
2014-10-17,1627.70,1623.72,1396.13,1389.39,,
2014-10-20,1611.72,1623.10,1387.88,1387.46,,
2014-10-21,1606.05,1601.42,1396.44,1391.83,,
2014-10-22,1604.21,1600.73,1403.31,1391.58,,
2014-10-23,1599.46,1582.34,1393.64,1381.98,,
2014-10-24,1596.07,1579.42,1391.59,1378.31,,
2014-10-27,1594.59,1595.64,1388.76,1383.05,,
2014-10-28,1592.90,1593.86,1389.19,1372.92,,
2014-10-29,1590.58,1590.48,1388.53,1369.15,,
2014-10-30,1589.70,1590.86,1389.31,1370.20,,
2014-10-31,1588.72,1593.74,1385.99,1365.39,,
2014-11-03,1588.08,1585.74,1385.65,1361.41,,
2014-11-04,1585.00,,1387.21,1350.00,,
2014-11-05,1589.72,1562.26,1384.32,1354.27,,
2014-11-06,1585.56,1592.37,1372.53,1355.37,,
2014-11-07,1565.58,1575.42,1377.87,1363.28,,
2014-11-10,1561.93,1561.32,1366.34,1357.08,,
2014-11-11,1583.31,1580.00,1375.85,1357.25,,
2014-11-12,1582.11,1554.95,1371.64,1354.13,,
2014-11-13,1575.69,1567.70,1375.26,1365.20,,
2014-11-14,1573.84,1561.09,1371.04,1364.18,,
2014-11-17,1571.91,1548.92,1366.10,1364.59,,
2014-11-18,1561.31,1543.50,1359.92,1354.08,,
2014-11-19,1564.29,1520.96,1359.91,1359.45,,
2014-11-20,1571.27,1564.46,1370.71,1360.89,,
2014-11-21,1571.14,1561.99,1366.60,1352.39,,
2014-11-24,1562.25,1560.58,1363.60,1358.94,,
2014-11-25,1557.29,1521.48,1360.95,1349.98,,
2014-11-26,1556.26,1547.92,1361.45,1349.62,,
2014-11-27,1553.59,1546.89,1361.27,1351.82,,
2014-11-28,1551.45,1547.22,1355.41,1339.96,,
2014-12-01,1549.35,,1347.18,1332.01,,
2014-12-02,1531.24,1533.18,1331.91,1312.84,,
2014-12-03,1534.18,1530.97,1328.01,1322.42,,
2014-12-04,1534.47,1538.94,1336.84,1322.71,,
2014-12-05,1507.13,1502.64,1317.35,1306.07,,
2014-12-08,1503.53,1507.85,1314.75,1324.30,,
2014-12-09,1486.45,1491.54,1302.30,1306.86,,
2014-12-10,1480.18,1486.43,1303.72,1295.08,,
2014-12-11,1481.62,1480.91,1300.66,1278.39,,
2014-12-12,1460.23,1468.12,1282.26,1275.81,,
2014-12-15,1455.69,1453.54,1271.90,1270.53,,
2014-12-16,1428.35,1416.03,1269.52,1260.95,,
2014-12-17,1433.60,1432.28,1268.27,1255.34,,
2014-12-18,1429.80,1425.94,1264.58,1255.13,,
2014-12-19,1424.81,1424.13,1260.83,1255.94,,
2014-12-22,1421.91,1422.10,1252.31,1248.79,,
2014-12-23,1412.87,1416.59,1249.07,1234.13,,
2014-12-24,1410.23,1419.37,1246.73,1245.53,,
2014-12-26,1410.29,1412.08,1247.13,1225.15,,
2014-12-29,1409.81,1419.15,1246.74,1240.95,,
2014-12-30,1410.96,1419.54,1243.10,1230.17,,
2014-12-31,1415.66,1420.00,1244.17,1244.97,,
2015-01-02,1410.59,1382.16,1240.83,1233.95,,
2015-01-05,1412.52,,1234.64,1216.51,,
2015-01-06,1376.16,1376.95,1215.06,1224.33,,
2015-01-07,1377.02,1380.00,1212.81,1216.46,,
2015-01-08,1374.28,1375.82,1214.07,1214.93,,
2015-01-09,1325.46,1307.36,1169.24,1168.33,,
2015-01-12,1319.93,1317.00,1166.12,1159.40,,
2015-01-13,1302.53,1304.68,1154.39,1147.21,,
2015-01-14,1303.16,1299.52,1151.95,1134.61,,
2015-01-15,1298.45,1301.13,1146.96,1136.91,,
2015-01-16,1281.47,1289.77,1137.52,1126.39,,
2015-01-19,1278.95,1287.24,1134.12,1136.56,,
2015-01-20,1275.13,1282.94,1130.65,1134.65,,
2015-01-21,1279.32,1276.04,1133.81,1115.52,,
2015-01-22,1280.01,1277.19,1131.65,1132.02,,
2015-01-23,1275.34,1279.55,1128.17,1129.04,,
2015-01-26,1275.44,1278.26,1126.16,1133.29,,
2015-01-27,1270.83,1230.79,1120.42,1120.77,,
2015-01-28,1272.16,1272.77,1120.43,1120.45,,
2015-01-29,1272.77,1272.35,1122.11,1119.56,,
2015-01-30,1269.58,1270.83,1114.99,1117.08,,
2015-02-02,1267.20,1265.31,1111.34,1107.78,,
2015-02-03,1291.43,,1129.91,1121.07,,
2015-02-04,1296.91,1300.48,1153.23,1127.11,,
2015-02-05,1291.48,1311.84,1136.19,1125.98,,
2015-02-06,1338.21,1314.26,1162.58,1118.37,,
2015-02-09,1336.92,1342.30,1164.52,1160.59,,
2015-02-10,1360.75,1343.00,1176.43,1167.00,,
2015-02-11,1346.22,1299.67,1173.50,1179.20,,
2015-02-12,1341.35,1350.84,1172.20,1147.47,,
2015-02-13,1352.26,1357.50,1181.01,1169.41,,
2015-02-16,1363.44,1358.91,1187.66,1167.78,,
2015-02-17,1368.03,1368.32,1190.39,1185.44,,
2015-02-23,1373.67,1373.00,1195.53,1198.41,,
2015-02-24,1374.95,1374.83,1200.03,1201.75,,
2015-02-25,1383.25,1374.84,1210.75,1200.74,,
2015-02-26,1379.50,1385.86,1202.51,1207.02,,
2015-02-27,1383.13,1360.75,1206.52,1204.25,,
2015-03-02,1403.81,1389.14,1229.02,1208.37,,
2015-03-03,1419.76,1357.70,1230.58,1217.56,,
2015-03-04,1420.60,1406.80,1233.92,1222.24,,
2015-03-05,1423.56,1423.65,1236.30,1232.75,,
2015-03-06,1427.69,1429.96,1235.66,1230.63,,
2015-03-09,1426.43,1427.14,1236.10,1193.05,,
2015-03-10,1429.92,1428.00,1227.58,1217.39,,
2015-03-11,1430.07,1415.00,1236.17,1222.91,,
2015-03-12,1428.17,1427.42,1227.54,1229.88,,
2015-03-13,1417.14,1420.33,1219.71,1216.03,,
2015-03-16,1417.19,1420.85,1216.82,1199.88,,
2015-03-17,1405.05,1400.00,1197.73,1182.34,,
2015-03-18,1409.97,1410.00,1201.89,1198.22,,
2015-03-19,1407.94,1408.28,1201.99,1196.38,,
2015-03-20,1402.23,1397.39,1196.69,1193.79,,
2015-03-23,1397.84,1401.56,1194.35,1197.79,,
2015-03-24,1399.63,1400.26,1193.00,1193.07,,
2015-03-25,1396.69,1399.18,1193.81,1194.58,,
2015-03-26,1396.32,1398.68,1193.38,1189.07,,
2015-03-27,1396.32,1399.57,1191.88,1189.49,,
2015-03-30,1392.73,1395.86,1192.12,1181.96,,
2015-03-31,1396.27,1380.00,1193.48,1186.60,,
2015-04-01,1395.91,1371.37,1192.26,1192.54,,
2015-04-02,1396.51,1396.14,1190.13,1189.77,,
2015-04-03,1387.27,1391.94,1183.82,1161.92,,
2015-04-06,1387.71,,1183.04,1175.98,,
2015-04-07,1393.73,,1185.54,1172.14,,
2015-04-08,1394.05,1385.58,1189.63,1177.10,,
2015-04-09,1391.12,1393.23,1188.56,1160.33,,
2015-04-10,1379.48,1386.07,1179.49,1174.66,,
2015-04-13,1379.83,1379.14,1176.12,1152.07,,
2015-04-14,1379.01,1381.41,1178.24,1178.83,,
2015-04-15,1377.80,1382.17,1174.33,1167.67,,
2015-04-16,1380.18,1376.77,1179.58,1174.48,,
2015-04-17,1385.36,1386.20,1183.57,1181.80,,
2015-04-20,1400.38,1388.17,1194.48,1186.44,,
2015-04-21,1408.33,1408.00,1203.22,1191.54,,
2015-04-22,1400.00,1413.00,1197.45,1194.60,,
2015-04-23,1412.05,1402.44,1202.62,1201.38,,
2015-04-24,1411.92,1407.19,1199.57,1193.10,,
2015-04-27,1416.14,1415.59,1203.71,1193.34,,
2015-04-28,1416.87,1414.91,1204.18,1195.21,,
2015-04-29,1418.07,1417.63,1203.26,1197.08,,
2015-04-30,1422.07,1404.29,1209.62,1202.15,,
2015-05-04,1431.82,1420.00,1212.16,1197.85,,
2015-05-06,1439.88,1439.43,1214.66,1195.60,,
2015-05-07,1440.52,1439.70,1213.92,1216.56,,
2015-05-08,1452.09,1454.33,1228.33,1210.82,,
2015-05-11,1449.03,1455.93,1229.61,1233.52,,
2015-05-12,1469.68,1454.12,1241.18,1202.92,,
2015-05-13,1473.25,1480.23,1241.20,1233.81,,
2015-05-14,1472.79,1478.60,1244.94,1238.21,,
2015-05-15,1482.32,1478.73,1250.22,1224.60,,
2015-05-18,1479.05,1482.42,1251.70,1240.20,,
2015-05-19,1478.50,,1249.45,1226.39,,
2015-05-20,1485.03,1483.10,1255.39,1249.83,,
2015-05-21,1485.19,1483.73,1251.23,1246.55,,
2015-05-22,1483.47,1482.47,1247.79,1243.77,,
2015-05-26,1479.74,1485.00,1245.70,1238.61,,
2015-05-27,1480.54,1481.26,1245.89,1233.42,,
2015-05-28,1480.46,1481.99,1241.79,1241.42,,
2015-05-29,1478.91,1482.51,1244.05,1232.28,,
2015-06-01,1478.09,1457.12,1240.70,1226.94,,
2015-06-02,1483.00,1470.00,1240.50,1209.14,,
2015-06-03,1482.41,1488.00,1238.03,1233.77,,
2015-06-04,1483.83,1485.97,1240.85,1226.27,,
2015-06-05,1484.70,1487.58,1239.09,1224.35,,
2015-06-08,1484.17,1480.67,1241.82,1225.05,,
2015-06-09,1477.64,1470.00,1232.37,1215.24,,
2015-06-10,1480.90,1481.44,1235.99,1217.33,,
2015-06-11,1480.85,1481.85,1231.07,1231.64,,
2015-06-12,1494.34,1479.81,1239.98,1232.26,,
2015-06-15,1508.04,,1238.32,1213.88,,
2015-06-16,1498.60,,1235.67,1213.33,,
2015-06-17,1498.04,,1228.86,1215.85,,
2015-06-18,1498.67,1498.67,1236.80,1225.52,,
2015-06-19,1498.72,1496.11,1235.07,1224.64,,
2015-06-22,1501.69,1501.85,1231.83,1219.09,,
2015-06-23,1498.03,1499.06,1234.22,1219.53,,
2015-06-24,1490.29,1492.28,1231.46,1227.88,,
2015-06-25,1491.64,1487.03,1231.30,1226.58,,
2015-06-26,1490.15,1484.87,1229.24,1224.05,,
2015-06-29,1491.08,1486.77,1230.97,1224.01,,
2015-06-30,1490.31,1478.41,1228.90,1215.17,,
2015-07-01,1485.00,1473.00,1223.21,1216.61,,
2015-07-02,1489.04,,1226.02,1207.65,,
2015-07-03,1475.09,1444.16,1217.25,1215.53,,
2015-07-06,1459.92,1472.11,1202.77,1201.53,,
2015-07-07,1464.65,,1203.74,1185.00,,
2015-07-08,1461.35,1470.00,1197.54,1182.21,,
2015-07-09,1455.86,1456.25,1190.38,1194.23,,
2015-07-10,1455.61,1447.68,1190.95,1180.64,,
2015-07-13,1461.28,1451.50,1192.74,1182.15,,
2015-07-14,1462.67,,1185.20,1173.61,,
2015-07-15,1458.50,1458.10,1184.92,1174.29,,
2015-07-16,1452.49,1454.15,1185.99,1181.66,,
2015-07-17,1450.54,1429.42,1181.04,1181.89,,
2015-07-20,1450.81,1447.26,1184.70,1168.43,,
2015-07-21,1426.77,,1171.20,1164.60,,
2015-07-22,1442.21,1437.25,1175.56,1181.13,,
2015-07-23,1446.81,1444.52,1176.63,1179.05,,
2015-07-24,1442.77,1448.38,1172.73,1174.17,,
2015-07-27,1441.35,1445.15,1172.40,1171.13,,
2015-07-28,1435.40,1441.83,1167.83,1168.56,,
2015-07-29,1433.71,1440.74,1162.31,1160.99,,
2015-07-30,1438.83,1438.20,1163.82,1155.50,,
2015-07-31,1440.12,1440.90,1164.06,1154.90,,
2015-08-03,1430.59,1444.65,1157.33,1163.96,,
2015-08-04,1423.64,1449.00,1139.61,1151.69,,
2015-08-05,1432.12,1431.57,1133.61,1136.23,,
2015-08-06,1442.13,1442.95,1138.28,1139.51,,
2015-08-07,1436.32,1436.06,1137.14,1124.10,,
2015-08-10,1428.26,1433.29,1132.99,1131.19,,
2015-08-11,1417.11,1419.32,1124.13,1123.69,,
2015-08-12,1415.69,1421.04,1122.74,1119.60,,
2015-08-13,1414.50,1413.33,1120.59,1115.74,,
2015-08-17,1419.52,1415.58,1122.52,1122.63,,
2015-08-18,1388.33,1420.00,1105.00,1112.64,,
2015-08-19,1411.26,1392.00,1115.10,1111.85,,
2015-08-20,1402.10,1381.50,1117.15,1114.95,,
2015-08-21,1382.60,1385.43,1113.95,1116.98,,
2015-08-24,1390.54,1414.55,1117.48,1117.44,,
2015-08-25,1390.49,1410.65,1116.17,1117.21,,
2015-08-26,1395.58,1397.08,1111.42,1109.78,,
2015-08-27,1389.03,1395.76,1106.19,1108.61,,
2015-08-28,1380.17,1387.97,1104.53,1102.95,,
2015-08-31,1390.14,1391.87,1105.01,1102.98,,
2015-09-01,1386.43,1397.96,1115.92,1114.49,,
2015-09-02,1390.00,,1130.17,1115.00,,
2015-09-03,1393.26,1383.58,1119.24,1104.15,,
2015-09-04,1391.64,1392.14,1122.71,1121.33,,
2015-09-07,1386.09,1389.25,1135.14,1137.74,,
2015-09-08,1392.50,,1151.27,,,
2015-09-09,1398.53,1402.50,1142.19,1136.76,,
2015-09-10,1386.33,1389.43,1142.72,1143.30,,
2015-09-11,1385.41,1385.34,1137.20,1133.80,,
2015-09-14,1387.97,1385.70,1146.19,1134.35,,
2015-09-15,1364.17,1392.37,1122.43,1120.59,,
2015-09-16,1382.12,1383.07,1133.32,1130.00,,
2015-09-17,1382.18,1379.76,1135.91,1133.81,,
2015-09-18,1379.64,1374.70,1133.31,1133.91,,
2015-09-21,1378.81,1379.85,1134.48,1134.51,,
2015-09-22,1376.00,1332.09,1130.17,1129.75,,
2015-09-23,1374.04,1369.25,1127.05,1125.09,,
2015-09-24,1368.11,1364.75,1124.51,1121.90,,
2015-09-25,1363.24,1367.43,1121.73,1122.48,,
2015-09-30,1375.92,1367.19,1130.00,1127.41,,
2015-10-01,1374.06,1360.00,1115.00,1115.00,,
2015-10-02,1369.68,1386.00,1126.40,1136.22,,
2015-10-05,1377.00,1386.10,1131.80,1121.18,,
2015-10-06,1376.26,1374.00,1131.92,1117.70,,
2015-10-07,1378.59,1384.91,1136.19,1121.31,,
2015-10-08,1387.20,1360.53,1140.05,1135.93,,
2015-10-12,1391.64,1387.08,1145.85,1141.54,,
2015-10-13,1372.25,1385.00,1144.81,1137.00,,
2015-10-14,1379.67,1385.00,1143.31,1132.54,,
2015-10-15,1379.41,1377.78,1144.26,1129.19,,
2015-10-16,1370.45,1373.81,1135.00,1137.57,,
2015-10-19,1361.85,1368.24,1136.45,1123.86,,
2015-10-20,1346.60,1365.45,1125.70,1122.68,,
2015-10-21,1368.11,1366.38,1125.20,1124.93,,
2015-10-22,1366.71,1362.46,1120.57,1121.24,,
2015-10-23,1362.80,1357.96,1118.73,1114.54,,
2015-10-26,1360.43,1355.86,1121.13,1119.43,610.00,
2015-10-27,1347.31,1353.68,1116.29,1110.07,610.00,
2015-10-28,1344.07,1349.09,1113.69,1107.33,605.00,
2015-10-29,1338.27,1341.18,1107.42,1107.58,600.00,
2015-10-30,1348.26,1346.65,1112.91,1110.39,600.00,
2015-11-02,1332.43,1339.50,1108.69,1112.75,600.00,
2015-11-03,1329.00,,1109.83,1113.00,600.00,
2015-11-04,1327.14,1331.00,1110.39,1105.38,600.00,
2015-11-05,1327.20,1331.20,1111.84,1106.13,600.00,
2015-11-06,1325.03,1287.27,1110.23,1105.12,600.00,
2015-11-09,1323.58,1327.83,1110.92,1112.16,600.00,
2015-11-10,1319.25,1325.75,1108.24,1104.56,600.00,
2015-11-11,1323.54,1326.20,1112.66,1110.94,600.00,
2015-11-12,1326.25,1327.58,1112.50,1109.28,600.00,
2015-11-13,1317.56,1320.31,1109.89,1102.58,600.00,
2015-11-16,1316.98,1288.45,1108.76,1101.38,600.00,
2015-11-17,1315.45,1285.14,1108.22,1106.44,600.00,
2015-11-18,1320.74,1315.45,1109.88,1107.10,600.00,
2015-11-19,1312.43,1313.48,1106.26,1103.80,600.00,
2015-11-20,1310.71,1307.32,1102.48,1102.08,600.00,
2015-11-23,1315.15,1309.65,1110.56,1102.47,600.00,
2015-11-24,1312.35,1308.97,1106.13,1106.35,599.59,
2015-11-25,1307.13,1308.26,1106.86,1104.79,599.10,
2015-11-26,1306.04,1310.89,1109.17,1104.71,600.00,
2015-11-27,1307.08,1307.10,1105.73,1101.31,599.79,
2015-11-30,1315.04,1309.50,1114.07,1098.46,600.00,
2015-12-01,1304.76,1304.92,1103.60,1104.44,605.00,
2015-12-02,1309.50,1305.00,1107.90,1103.74,615.00,
2015-12-03,1300.13,1303.76,1099.89,1079.47,615.00,
2015-12-04,1299.46,1302.90,1097.68,1094.15,600.00,
2015-12-07,1303.43,1295.65,1096.82,1090.01,600.00,
2015-12-08,1291.00,1289.59,1087.83,1092.33,600.00,
2015-12-09,1299.27,1285.00,1087.06,1064.02,590.00,
2015-12-10,1292.19,1282.63,1084.28,1078.22,585.00,
2015-12-11,1284.84,1285.07,1076.55,1058.64,565.00,
2015-12-14,1289.28,1264.41,1074.20,1060.30,565.00,
2015-12-15,1291.59,1281.33,1075.93,1052.42,565.00,
2015-12-16,1289.63,1273.09,1073.10,1064.65,565.00,
2015-12-17,1289.92,1287.14,1070.95,1064.78,560.00,
2015-12-18,1289.00,1282.47,1058.77,1048.38,560.00,
2015-12-21,1291.25,1280.28,1046.94,1039.89,560.00,
2015-12-22,1291.17,1281.96,1055.21,1032.47,560.00,
2015-12-23,1288.42,1281.85,1054.61,1042.73,550.00,535.00
2015-12-24,1287.96,1279.83,1048.02,1036.34,540.00,
2015-12-28,1288.95,1281.00,1047.92,1037.19,540.00,520.00
2015-12-29,1282.77,1281.23,1043.84,1037.27,535.00,
2015-12-30,1285.81,1280.45,1043.33,1030.64,530.00,
2015-12-31,1285.81,1278.67,1040.12,1024.01,535.00,
2016-01-04,1277.25,1279.95,1033.10,1025.20,535.00,
2016-01-05,1280.33,1274.61,1033.65,1025.39,535.00,
2016-01-06,1289.71,1279.73,1031.57,1020.49,535.00,510.00
2016-01-07,1291.86,1289.42,1020.27,1020.04,525.00,
2016-01-08,1284.17,1286.14,1012.33,1006.43,510.00,
2016-01-11,1280.00,1283.57,1015.52,995.97,510.00,
2016-01-12,1272.00,1282.05,998.47,982.30,495.00,
2016-01-13,1284.23,1281.64,992.28,999.12,494.67,490.00
2016-01-14,1264.74,1275.45,973.61,983.62,485.00,
2016-01-15,1267.67,1262.00,974.51,963.61,479.53,
2016-01-18,1265.66,1240.86,958.10,939.80,480.00,
2016-01-19,1267.21,1242.29,964.77,944.69,474.68,
2016-01-20,1265.10,1240.50,961.82,946.47,470.00,
2016-01-21,1253.94,1247.34,952.82,946.16,465.00,
2016-01-22,1251.93,1245.74,952.62,943.22,460.00,
2016-01-25,1256.15,1242.63,955.13,942.70,459.23,
2016-01-26,1254.42,1238.22,952.83,939.00,460.00,
2016-01-27,1249.21,1241.98,949.02,940.30,455.00,
2016-01-28,1249.35,1243.63,946.89,939.79,454.31,
2016-01-29,1250.65,1246.67,947.14,937.99,454.72,
2016-02-01,1251.63,1238.00,954.59,932.75,469.44,
2016-02-02,1248.33,1238.00,950.00,937.00,485.00,
2016-02-03,1258.22,1238.86,956.97,937.72,485.00,
2016-02-04,1253.11,1238.31,968.42,942.20,485.00,
2016-02-05,1256.61,1241.18,975.34,940.74,485.00,
2016-02-11,1226.32,1212.23,968.96,950.55,475.00,
2016-02-12,1219.24,1197.83,958.54,939.03,465.00,
2016-02-15,1217.70,1186.57,950.00,927.06,465.00,
2016-02-16,1210.53,1216.52,972.41,938.29,470.00,
2016-02-17,1232.41,1194.70,983.56,943.34,480.00,
2016-02-18,1235.70,1186.27,983.53,953.77,480.00,
2016-02-19,1233.32,1211.27,983.31,957.72,490.00,
2016-02-22,1236.84,1235.53,989.95,981.80,495.00,
2016-02-23,1227.23,1214.84,979.33,987.11,495.00,
2016-02-24,1228.40,1205.18,977.04,964.83,480.00,
2016-02-25,1222.58,1199.81,972.17,960.79,475.00,
2016-02-26,1218.34,1198.40,968.60,957.76,470.00,
2016-02-29,1231.47,1185.24,975.69,955.83,469.58,
2016-03-02,1224.29,1210.00,977.07,960.71,493.00,
2016-03-03,1225.00,1165.49,988.08,952.56,493.80,
2016-03-04,1236.57,1220.61,1000.88,981.60,517.06,
2016-03-07,1233.15,1225.41,1004.75,987.91,523.00,
2016-03-08,1229.30,1233.75,1006.76,1005.38,543.00,
2016-03-09,1230.71,1229.35,1028.10,993.89,563.00,
2016-03-10,1255.65,1233.93,1037.81,1008.97,563.00,
2016-03-11,1267.28,1254.11,1042.14,1026.61,548.00,
2016-03-14,1273.28,1260.73,1044.75,1029.35,543.00,
2016-03-15,1275.00,1253.62,1045.02,1030.33,548.00,
2016-03-16,1276.38,1256.70,1047.61,1030.13,548.00,
2016-03-17,1278.77,1274.53,1038.41,1033.73,543.00,
2016-03-18,1274.60,1267.63,1035.88,1032.70,543.00,
2016-03-21,1273.90,1274.62,1034.20,1033.77,553.00,
2016-03-22,1275.47,1273.10,1034.31,1029.81,553.00,
2016-03-23,1279.54,1275.27,1044.35,1034.78,548.00,
2016-03-24,1276.07,1274.56,1039.71,1022.35,548.00,
2016-03-25,1269.83,1243.78,1027.73,1028.60,532.00,
2016-03-28,1267.20,1269.90,1027.45,1017.67,532.00,
2016-03-29,1261.89,1268.91,1019.29,1018.27,527.00,
2016-03-30,1261.59,1264.73,1019.35,1016.64,527.00,
2016-03-31,1260.76,1263.04,1019.72,1017.13,527.00,
2016-04-01,1265.00,1235.00,1021.68,1010.68,522.00,
2016-04-04,1269.33,1254.89,1026.27,1009.66,542.00,
2016-04-05,1275.00,1260.17,1014.21,994.61,544.00,
2016-04-06,1259.00,1265.00,1013.50,999.48,523.00,
2016-04-07,1259.34,1259.82,1013.26,998.93,523.00,
2016-04-08,1247.28,1261.72,992.31,993.72,512.82,
2016-04-11,1256.28,1243.85,999.36,987.86,513.00,
2016-04-12,1252.73,1246.14,996.58,994.05,533.00,
2016-04-14,1251.27,1245.20,1010.65,990.31,533.00,
2016-04-15,1267.67,1249.92,1022.61,997.36,523.00,
2016-04-18,1266.39,1256.96,1016.18,1002.52,523.00,
2016-04-19,1271.67,1258.11,1013.73,1009.90,543.00,
2016-04-20,1271.06,1247.72,1020.47,1013.33,543.00,
2016-04-21,1263.52,1251.32,1019.29,1004.28,528.00,
2016-04-22,1256.10,1252.59,1015.89,999.54,523.00,
2016-04-25,1263.45,1247.56,1021.79,1007.46,523.00,
2016-04-26,1258.98,1244.85,1013.70,1005.03,523.00,
2016-04-27,1263.95,1243.81,1023.45,1001.56,528.00,
2016-04-28,1268.27,1257.96,1023.56,1007.22,,
2016-04-29,1267.31,1250.18,1021.62,1007.80,528.00,
2016-05-02,1276.07,1254.19,1058.71,1008.62,554.00,
2016-05-03,1276.50,1270.00,1070.00,,578.00,
2016-05-04,1269.48,1266.88,1053.35,1034.19,578.00,
2016-05-09,1279.05,1295.50,1075.60,1067.08,578.00,
2016-05-10,1289.50,1289.11,1068.69,1050.15,578.00,
2016-05-11,1291.36,1298.10,1085.13,1052.56,573.00,
2016-05-12,1280.27,1287.18,1079.04,1058.57,573.00,
2016-05-13,1285.00,1285.33,1071.06,1061.97,568.00,
2016-05-16,1283.62,1282.03,1071.05,1070.38,563.00,
2016-05-17,1297.44,,1086.02,1072.25,591.00,
2016-05-18,1311.66,1293.09,1099.99,1078.18,593.00,
2016-05-19,1313.07,1297.43,1106.43,1072.04,593.00,
2016-05-20,1318.04,1300.94,1103.31,1078.07,593.00,
2016-05-23,1313.49,1299.04,1099.05,1086.24,613.00,
2016-05-24,1311.11,1299.07,1104.76,1065.43,613.00,
2016-05-25,1313.45,1309.45,1103.37,1096.69,613.00,
2016-05-26,1314.72,1310.01,1104.85,1095.49,603.00,
2016-05-27,1322.01,1312.60,1108.17,1093.77,598.00,
2016-05-30,1325.11,1324.50,1106.99,1105.99,,
2016-05-31,1324.80,1325.12,1106.17,1108.99,598.00,
2016-06-01,1320.00,1323.00,1095.00,1100.00,,
2016-06-02,1326.54,1321.00,1111.22,1099.50,627.00,
2016-06-03,1324.11,1324.76,1112.63,1084.68,,
2016-06-07,1327.58,1326.19,1115.32,1110.17,628.00,
2016-06-08,1333.60,1325.84,1131.49,1117.64,628.00,
2016-06-09,1342.91,1329.58,1134.40,1122.83,628.00,
2016-06-10,1349.39,1341.34,1133.72,1123.00,,
2016-06-13,1335.50,1343.62,1122.56,1120.95,628.00,
2016-06-14,1343.13,1300.00,1124.52,1105.86,643.00,
2016-06-15,1333.52,1300.00,1120.48,1105.20,,
2016-06-16,1337.64,1331.82,1123.08,1123.05,623.00,
2016-06-17,1323.84,1328.71,1113.16,1116.06,,
2016-06-20,1339.89,1323.82,1119.98,1097.75,627.00,
2016-06-21,1330.00,1327.98,1119.91,1116.31,648.00,
2016-06-22,1330.00,1324.16,1125.30,1112.02,648.00,
2016-06-23,1335.24,1328.31,1123.21,1121.00,643.00,
2016-06-24,1332.21,1330.44,1126.68,1120.51,623.00,
2016-06-27,1324.84,1329.48,1122.97,1120.37,618.00,
2016-06-28,1320.31,1321.07,1117.99,1115.78,618.00,
2016-06-29,1319.18,1319.35,1113.12,1108.83,,
2016-06-30,1324.83,1315.35,1117.12,1105.02,,
2016-07-01,1315.00,1298.03,1109.71,1097.26,613.00,
2016-07-04,1320.00,1298.06,1116.86,1097.78,,
2016-07-05,1328.00,1300.00,1115.27,1095.71,,
2016-07-06,1330.00,1280.00,1123.50,1096.92,623.00,
2016-07-07,1315.58,1297.74,1118.28,1104.33,,
2016-07-08,1315.67,1295.79,1113.21,1098.58,618.00,
2016-07-11,1309.52,1296.56,1105.56,1098.45,608.00,
2016-07-12,1310.00,1303.67,1099.89,1082.68,,
2016-07-13,1299.67,1295.57,1102.70,1091.11,608.00,
2016-07-14,1294.94,1285.16,1096.89,1093.72,,
2016-07-15,1286.74,1282.55,1091.58,1091.33,593.00,
2016-07-18,1287.86,1278.24,1091.33,1086.37,593.00,
2016-07-19,1297.50,1280.00,1093.86,1085.88,593.00,
2016-07-20,1285.00,1278.18,1088.98,1079.86,,
2016-07-21,1280.92,1277.91,1085.75,1081.75,593.00,
2016-07-22,1276.57,1276.57,1078.10,1079.86,583.00,
2016-07-25,1280.39,1277.96,1078.89,1067.24,583.00,
2016-07-26,1273.87,1280.99,1072.82,1076.86,583.00,
2016-07-27,1269.83,1272.06,1070.21,1072.68,576.00,
2016-07-28,1266.32,1267.61,1067.03,1068.62,576.00,
2016-07-29,1261.25,1267.60,1062.31,1048.55,573.00,
2016-08-01,1264.44,1264.75,1062.11,1063.86,573.00,
2016-08-02,1267.86,1259.46,1060.41,1054.40,576.00,
2016-08-03,1264.44,1251.67,1058.14,1036.15,576.00,
2016-08-04,1254.76,1254.82,1035.63,1040.15,563.00,
2016-08-05,1240.32,1251.81,1037.48,1028.24,558.00,
2016-08-08,1225.40,1249.11,1031.43,1041.09,558.00,
2016-08-09,1237.57,1241.59,1033.54,1019.41,,
2016-08-10,1244.51,1240.90,1040.17,1031.09,,
2016-08-11,1239.23,1241.28,1039.48,1041.19,540.00,
2016-08-12,1232.15,1239.84,1031.78,1030.67,514.00,
2016-08-16,1233.33,1243.72,1030.94,1040.40,,
2016-08-17,1245.94,1249.15,1049.01,1044.03,534.00,
2016-08-18,1238.06,1249.19,1048.49,1048.58,534.00,
2016-08-19,1264.98,1248.54,1056.90,1040.78,,
2016-08-22,1255.97,1269.22,1059.08,1052.16,550.00,
2016-08-23,1250.00,1262.26,1062.65,1051.97,550.00,
2016-08-24,1272.33,1254.31,1064.46,1058.46,550.00,
2016-08-25,1274.83,1269.23,1068.14,1051.04,550.00,
2016-08-26,1283.13,1276.13,1064.82,1059.37,550.00,
2016-08-29,1265.19,1286.52,1058.99,1054.52,555.71,
2016-08-30,1288.61,1309.64,1065.92,1066.91,550.00,569.00
2016-08-31,1277.38,1327.78,1059.94,1067.32,,
2016-09-01,1265.00,1290.00,1064.07,1059.46,555.00,
2016-09-02,1303.81,1269.33,1065.35,1061.80,,
2016-09-05,1289.11,1315.42,1059.25,1069.03,540.00,
2016-09-06,1286.50,1254.61,1064.86,1049.80,559.00,
2016-09-07,1324.36,1283.92,1075.41,1069.70,,
2016-09-08,1310.41,1307.98,1078.96,1066.59,547.00,
2016-09-09,1295.22,1301.35,1075.60,1067.61,551.00,
2016-09-12,1286.46,1315.35,1067.30,1076.68,555.00,
2016-09-13,1294.96,1291.99,1067.43,1056.12,,
2016-09-19,1274.86,,1054.76,1061.00,558.00,
2016-09-20,1284.95,1279.00,1058.99,1051.81,548.00,
2016-09-21,1289.35,1280.12,1063.16,1049.08,548.00,
2016-09-22,1282.32,1282.93,1057.38,1044.15,551.00,
2016-09-23,1282.97,1283.68,1058.70,1052.55,551.00,
2016-09-26,1281.74,1281.55,1059.15,1051.48,551.00,
2016-09-27,1283.55,1280.47,1057.12,1052.43,551.00,
2016-09-28,1288.51,1282.81,1058.39,1055.81,551.00,
2016-09-29,1288.44,1287.93,1057.07,1055.54,550.83,
2016-09-30,1283.92,1284.68,1055.60,1058.08,552.00,
2016-10-04,1283.75,1285.87,1061.74,1059.50,551.00,
2016-10-05,1299.33,1280.00,1086.53,1060.74,576.00,
2016-10-06,1312.50,1294.02,1101.69,1054.92,590.00,
2016-10-07,1314.32,1314.95,1101.50,1089.76,593.00,
2016-10-10,1310.17,1315.32,1101.43,1095.81,593.00,
2016-10-11,1316.14,1313.84,1107.94,1100.46,613.00,
2016-10-12,1315.14,1316.85,1106.67,1104.63,601.00,
2016-10-13,1315.24,1319.00,1111.83,1106.63,601.00,
2016-10-14,1314.28,1296.11,1107.16,1106.29,601.00,605.00
2016-10-17,1315.19,1316.15,1112.96,1095.63,607.00,
2016-10-18,1314.67,1307.00,1110.74,1099.59,604.00,
2016-10-19,1316.48,1317.39,1109.60,1110.19,606.00,
2016-10-20,1317.21,1317.67,1109.86,1109.94,607.00,
2016-10-21,1316.63,1317.99,1104.96,1109.34,603.00,
2016-10-24,1320.43,1317.38,1110.19,1102.60,602.00,
2016-10-25,1317.69,1319.41,1111.82,1107.18,602.00,
2016-10-26,1320.70,1322.63,1112.30,1112.60,602.00,
2016-10-27,1318.41,1320.56,1112.11,1112.92,606.00,
2016-10-28,1319.83,1318.99,1111.53,1108.36,604.00,
2016-10-31,1318.53,1319.47,1110.78,1103.30,604.00,
2016-11-01,1317.85,1318.50,1107.00,1106.25,603.76,
2016-11-02,1316.69,1317.89,1107.54,1107.09,,
2016-11-03,1318.97,1318.29,1105.25,1097.44,579.00,
2016-11-04,1319.74,1320.37,1107.55,1097.06,579.00,
2016-11-07,1314.11,1316.49,1102.58,1099.62,579.00,
2016-11-08,1310.40,1309.52,1108.33,1096.23,579.00,
2016-11-09,1322.19,1319.52,1110.74,1098.96,579.00,
2016-11-10,1304.54,1300.28,1099.96,1092.83,579.00,
2016-11-11,1300.26,1300.18,1096.21,1097.05,575.00,
2016-11-14,1295.00,1296.49,1092.20,1075.31,575.00,
2016-11-15,1297.37,1300.33,1093.43,1090.87,580.00,
2016-11-16,1311.60,1306.76,1106.19,1099.70,580.00,
2016-11-17,1299.95,1301.00,1097.13,1092.89,565.00,
2016-11-18,1298.45,1297.78,1095.31,1092.41,573.00,
2016-11-21,1295.14,1291.80,1090.28,1088.39,573.00,
2016-11-22,1304.98,1294.88,1094.12,1081.16,580.00,
2016-11-23,1308.80,1304.69,1097.26,1092.47,585.00,
2016-11-24,1317.90,1292.86,1104.71,1102.78,585.00,
2016-11-25,1306.16,1309.66,1096.89,1089.35,580.00,560.00
2016-11-28,1311.17,1305.34,1094.31,1084.48,584.00,584.30
2016-11-29,1310.25,1303.14,1098.41,1084.44,581.00,
2016-11-30,1318.16,1304.22,1100.29,1083.32,581.00,
2016-12-01,1313.12,1306.35,1097.93,1097.57,582.00,
2016-12-02,1325.05,1319.57,1115.08,1107.02,582.67,
2016-12-05,1363.79,1356.87,1140.47,1139.77,611.00,
2016-12-06,1360.50,1368.00,1145.47,1147.79,611.00,
2016-12-07,1360.59,1366.30,1139.35,1149.80,632.00,
2016-12-08,1364.46,1363.89,1139.03,1128.62,637.00,
2016-12-09,1359.58,1359.41,1136.19,1134.30,638.00,
2016-12-12,1359.69,1359.00,1133.55,1119.88,644.00,
2016-12-13,1360.83,1381.28,1142.78,1146.24,644.00,
2016-12-14,1388.44,1384.76,1137.76,1153.04,623.00,
2016-12-15,1371.24,1384.23,1153.09,1159.38,653.00,
2016-12-16,1374.21,1381.01,1153.10,1157.45,653.00,
2016-12-19,1372.33,1375.71,1150.89,1141.14,654.12,
2016-12-20,1376.22,1363.00,1157.23,1152.54,657.00,
2016-12-21,1374.08,1378.95,1151.12,1153.50,641.00,
2016-12-22,1385.49,1385.01,1162.33,1156.40,659.00,
2016-12-23,1383.70,1384.36,1160.90,1161.55,655.00,
2016-12-26,1378.60,1380.58,1158.74,1150.39,655.00,
2016-12-27,1375.77,1385.70,1162.20,1157.72,655.00,
2016-12-28,1384.72,1387.13,1161.24,1161.63,663.09,
2016-12-29,1377.60,1385.93,1161.43,1157.83,660.00,
2017-01-02,1386.17,1356.74,1163.54,1168.05,660.00,
2017-01-03,1391.25,1417.42,1171.49,,690.00,690.00
2017-01-04,,1403.97,1200.43,1194.92,694.40,
2017-01-05,1433.23,1438.88,1202.49,1198.98,685.00,
2017-01-06,1426.12,1432.18,1201.83,1184.50,684.00,
2017-01-09,1420.94,1424.23,1197.25,1196.58,684.00,
2017-01-10,1422.42,1426.45,1198.24,1199.16,682.00,
2017-01-11,1420.39,1410.32,1199.14,1193.32,677.00,
2017-01-12,1422.86,1419.71,1190.71,1188.55,677.00,
2017-01-13,1421.65,1421.20,1196.19,1191.99,678.00,680.00
2017-01-16,1422.45,1415.99,1195.16,1195.30,680.47,
2017-01-17,1420.51,1417.79,1191.10,1198.01,676.00,
2017-01-18,1415.65,1417.45,1189.95,1190.43,671.27,
2017-01-19,1414.00,1418.33,1191.20,1203.52,671.00,
2017-01-20,1418.08,1415.47,1185.02,1186.28,665.00,
2017-01-23,1417.81,1408.52,1189.12,1182.55,668.45,
2017-01-24,1405.58,1411.00,1179.56,1180.67,665.00,
2017-01-25,1406.36,1407.62,1181.46,1178.73,667.00,
2017-01-26,1412.90,1408.89,1182.83,1181.41,667.00,685.00
2017-01-31,1413.50,1408.74,1182.40,1183.07,669.86,
2017-02-01,1411.52,1405.94,1181.84,1175.88,665.00,
2017-02-02,1409.35,1401.24,1178.90,1178.20,665.00,
2017-02-03,1408.48,1403.73,1179.32,1178.33,665.00,
2017-02-06,1405.53,1400.77,1180.57,1170.56,665.00,
2017-02-07,1416.17,1402.76,1170.29,1178.78,659.00,698.00
2017-02-08,1414.79,1407.43,1184.40,1149.83,648.00,685.00
2017-02-09,1405.06,1404.18,1177.49,1174.24,645.00,
2017-02-10,1405.18,1404.28,1179.56,1174.26,650.36,
2017-02-13,1404.41,1397.29,1176.94,1167.27,650.00,
2017-02-14,1396.14,1391.53,1175.39,1175.28,650.00,682.00
2017-02-15,1376.62,1377.44,1166.10,1159.34,650.00,682.00
2017-02-16,1390.14,1381.31,1170.98,1165.83,650.00,
2017-02-17,1393.36,1392.82,1168.99,1165.18,650.00,
2017-02-20,1393.13,1386.99,1169.11,1142.76,650.00,
2017-02-21,1392.41,1397.34,1173.61,1171.27,650.00,
2017-02-22,1396.19,1389.53,1172.81,1169.66,658.00,
2017-02-23,1398.94,1392.60,1173.91,1168.44,651.50,
2017-02-24,1399.69,1393.22,1173.29,1170.29,651.43,
2017-02-27,1402.83,1388.99,1173.06,1167.89,650.00,
2017-02-28,1405.76,1395.74,1175.31,1170.50,662.00,
2017-03-02,1399.29,1385.73,1165.83,1169.63,650.00,
2017-03-03,1398.45,1395.06,1164.71,1167.52,650.00,
2017-03-06,1394.81,1395.17,1176.44,1163.92,650.00,
2017-03-07,1383.85,1361.15,1160.68,1143.49,642.00,
2017-03-08,1405.52,1387.32,1172.07,1161.53,645.00,
2017-03-09,1390.11,1385.22,1167.17,1160.81,645.00,
2017-03-10,1383.81,1377.02,1161.08,1152.95,635.00,
2017-03-13,1379.09,1374.91,1155.37,1149.71,635.00,
2017-03-14,1378.48,1374.61,1155.63,1150.26,620.00,
2017-03-15,1382.73,1376.41,1159.70,1153.31,620.00,
2017-03-16,1376.64,1373.84,1154.34,1151.84,620.00,
2017-03-17,1373.46,1370.26,1148.77,1147.60,630.00,640.00
2017-03-20,1370.16,1357.70,1150.25,1140.28,628.00,
2017-03-21,1363.66,1353.50,1144.84,1110.23,620.00,
2017-03-22,1365.47,1359.74,1147.65,1138.61,620.00,
2017-03-23,1362.20,1355.83,1144.60,1137.04,620.00,
2017-03-24,1355.46,1355.19,1141.07,1131.16,620.00,
2017-03-27,1350.82,1344.43,1138.09,1119.42,620.00,
2017-03-28,1345.95,1339.70,1130.34,1112.43,610.00,
2017-03-29,1346.47,1339.19,1125.61,1119.03,600.00,
2017-03-30,1348.00,1339.28,1133.10,1122.20,600.00,
2017-03-31,1347.77,1339.50,1134.66,1117.70,606.00,
2017-04-03,1352.63,1333.51,1135.46,1117.32,600.00,
2017-04-04,1351.00,1345.00,1160.00,1118.08,600.00,
2017-04-05,1348.08,1350.91,1145.12,1134.84,630.00,
2017-04-06,1357.27,1357.74,1148.96,1141.59,655.00,
2017-04-07,1360.19,1353.28,1148.01,1140.42,640.00,
2017-04-10,1357.45,1361.67,1149.06,1125.44,660.00,
2017-04-11,1356.55,1355.00,1145.73,1131.78,660.00,
2017-04-12,1361.88,1355.71,1150.00,1141.73,660.00,
2017-04-13,1370.83,1362.40,1157.46,1149.24,660.00,
2017-04-14,1370.47,1365.55,1157.26,1144.80,660.00,
2017-04-17,1378.89,1344.34,1158.03,1147.54,660.00,
2017-04-18,1366.15,1365.00,1153.46,1143.00,675.00,
2017-04-19,1384.41,1367.50,1168.09,1156.41,670.00,
2017-04-20,1382.06,1375.31,1163.83,1154.44,670.00,
2017-04-21,1375.79,1372.32,1159.46,1150.33,657.00,
2017-04-24,1370.74,1365.51,1152.78,1151.84,655.00,
2017-04-25,1366.59,1365.92,1152.36,1150.60,650.00,
2017-04-26,1367.50,1366.64,1151.07,1145.80,645.00,
2017-04-27,1367.76,1364.65,1150.40,1148.44,645.00,
2017-04-28,1365.83,1362.94,1146.80,1146.86,640.00,
2017-05-02,1361.35,1361.18,1147.86,1131.05,640.00,
2017-05-04,1355.51,1363.36,1144.20,1143.46,640.00,
2017-05-08,1357.57,1370.49,1139.76,1149.57,640.00,
2017-05-10,1354.87,1346.03,1136.98,1125.66,640.00,
2017-05-11,1350.49,1344.96,1129.90,1124.73,615.00,
2017-05-12,1349.46,1354.18,1128.34,1128.89,615.00,
2017-05-15,1340.16,1364.42,1126.28,1099.39,615.00,
2017-05-16,1350.79,1342.20,1129.36,1117.37,635.00,
2017-05-17,1353.43,1342.25,1134.15,1121.99,635.00,
2017-05-18,1350.61,1348.03,1130.16,1124.97,625.00,
2017-05-19,1349.75,1346.73,1129.25,1109.13,614.58,
2017-05-22,1348.84,1343.88,1129.32,1121.16,615.00,
2017-05-23,1353.33,1338.67,1136.90,1125.62,640.00,
2017-05-24,1358.65,1304.76,1143.08,1120.47,645.00,
2017-05-25,1356.03,1338.45,1135.61,1117.53,640.00,
2017-05-26,1352.46,1348.36,1140.10,1113.67,632.00,
2017-05-29,1346.34,1341.43,1126.69,1124.58,625.00,
2017-05-30,1347.35,1341.33,1124.68,1116.39,,
2017-05-31,1345.56,1339.48,1126.45,1120.68,,
2017-06-01,1340.44,1337.35,1122.04,1124.99,625.00,
2017-06-02,1340.29,1337.26,1127.88,1125.17,625.00,
2017-06-05,1337.29,1335.91,1119.84,1116.18,,
2017-06-07,1339.80,1332.51,1123.53,1095.93,,
2017-06-08,1341.69,1332.86,1121.78,1110.85,625.00,
2017-06-09,1328.08,1326.35,1113.42,1090.67,595.00,
2017-06-12,1320.00,1321.39,1109.33,1098.82,590.00,
2017-06-13,1324.71,1312.89,1108.28,1094.93,,
2017-06-14,1322.47,1312.77,1104.01,1086.18,,
2017-06-15,1322.03,1314.63,1099.84,1090.88,,
2017-06-16,1314.21,1311.17,1094.75,1085.00,,
2017-06-19,1314.72,1307.14,1091.34,1079.33,,
2017-06-20,1314.03,1306.60,1091.67,1080.57,,
2017-06-21,1313.23,1309.59,1090.77,1080.14,610.00,
2017-06-22,1310.15,1307.36,1088.40,1082.38,595.00,
2017-06-23,1309.72,1304.39,1084.53,1078.25,,
2017-06-26,1298.96,1291.63,1080.30,1075.87,,
2017-06-27,1301.35,1289.15,1080.18,1073.99,595.00,
2017-06-28,1297.32,1290.32,1080.17,1072.14,,
2017-06-29,1301.32,1290.47,1080.37,1072.51,,
2017-06-30,1300.76,1297.85,1081.85,1078.41,,
2017-07-03,1303.23,1304.83,1076.79,1082.97,,
2017-07-04,1324.46,1302.58,1112.37,1106.51,,
2017-07-05,1322.54,1324.76,1121.18,1120.82,,
2017-07-06,1330.00,1322.10,1123.46,1118.75,,
2017-07-07,1329.62,1321.09,1126.26,1110.54,,
2017-07-10,1327.53,1320.41,1121.38,1123.46,615.00,
2017-07-11,1325.95,1310.09,1123.95,1119.41,,
2017-07-12,1336.65,1322.51,1137.71,1117.95,,
2017-07-13,1334.91,1324.62,1132.41,1118.50,,
2017-07-14,1326.73,1325.70,1128.06,1114.64,,
2017-07-17,1319.00,1319.77,1122.76,1098.45,,
2017-07-18,1315.53,1333.22,1129.09,1116.89,,
2017-07-19,1330.58,1320.93,1131.29,1118.16,,
2017-07-20,1323.22,1320.37,1123.29,1118.61,,
2017-07-21,1323.83,1315.07,1123.94,1112.66,,
2017-07-24,1318.41,1310.99,1115.56,1109.76,,
2017-07-25,1318.23,1313.22,1118.86,1106.97,,
2017-07-26,1318.69,1311.24,1118.69,1108.39,,
2017-07-27,1318.40,1316.11,1118.48,1109.42,,
2017-07-28,1318.53,1311.68,1118.51,1107.35,,
2017-07-31,1320.00,1307.94,1119.76,1107.97,,
2017-08-01,1320.27,1334.58,1108.38,1142.11,,
2017-08-02,1326.73,1321.84,1127.88,1132.84,,
2017-08-03,1333.82,1341.42,1144.74,1140.05,,
2017-08-04,1341.05,1339.64,1149.43,1136.44,,
2017-08-07,1357.34,1356.74,1158.24,1142.13,,
2017-08-08,1365.00,1350.81,1161.54,1124.67,,
2017-08-09,1363.60,1363.06,1158.49,1142.26,,
2017-08-10,1366.30,1364.30,1159.60,1142.62,,
2017-08-11,1365.51,1361.92,1158.20,1139.66,,
2017-08-14,1353.83,1351.45,1154.43,1142.85,,
2017-08-16,1359.23,1353.24,1160.07,1147.83,,
2017-08-17,1362.04,1354.53,1157.74,1143.14,,
2017-08-18,1354.43,1352.16,1153.97,1145.70,,
2017-08-21,1352.77,1350.68,1151.09,1137.78,,
2017-08-22,1363.24,1351.35,1155.74,1136.36,,
2017-08-23,1373.56,1355.52,1157.71,1143.47,,
2017-08-24,1371.69,1361.63,1152.77,1132.80,,
2017-08-25,1370.03,1363.23,1148.71,1142.66,,
2017-08-28,1370.13,1345.86,1148.62,1140.16,,
2017-08-29,1363.38,1360.39,1142.99,1141.45,,
2017-08-30,1366.67,1359.51,1143.75,1132.76,,
2017-08-31,1361.63,1359.48,1144.87,1136.08,,
2017-09-01,1359.38,1366.48,1144.31,1133.00,,
2017-09-04,1380.00,1366.27,1151.57,1143.22,645.00,
2017-09-05,1370.00,1374.91,1148.10,1141.56,,
2017-09-06,1363.97,1361.09,1148.06,1139.64,,
2017-09-07,1378.55,1386.17,1152.39,1149.47,,
2017-09-08,1412.50,1400.61,1169.66,1166.41,,
2017-09-11,1411.46,1404.65,1169.02,1164.03,,
2017-09-12,1403.75,1390.00,1177.43,1171.27,,
2017-09-13,1401.25,1398.86,1185.00,1172.90,,
2017-09-14,1398.66,1394.75,1175.38,1164.54,,
2017-09-15,1397.13,1396.19,1175.68,1171.37,,
2017-09-18,1394.93,1396.49,1169.24,1167.61,655.00,
2017-09-19,1396.51,1375.00,1179.70,1156.85,,
2017-09-20,1403.83,1398.33,1179.58,1164.72,,
2017-09-21,1400.53,1399.00,1173.35,1168.06,,
2017-09-22,1398.90,1398.52,1174.68,1172.70,,
2017-09-25,1397.36,1390.32,1170.93,1162.49,,
2017-09-26,1399.72,1392.72,1171.64,1163.16,660.00,
2017-09-27,1401.24,1391.26,1173.19,1162.95,660.00,
2017-09-28,1395.42,1392.39,1167.22,1165.41,650.00,
2017-09-29,1399.15,1398.82,1171.83,1164.86,650.00,
2017-10-10,1398.95,1409.05,1170.98,1182.32,650.00,
2017-10-11,1403.81,1401.17,1177.27,1177.93,680.00,
2017-10-12,1405.38,1409.55,1192.04,1179.45,680.00,
2017-10-13,1394.64,1391.60,1189.10,1174.78,665.00,
2017-10-16,1390.42,1396.07,1184.51,1179.96,665.00,
2017-10-17,1399.00,1383.94,1200.00,1174.07,665.00,
2017-10-18,1392.87,1389.30,1193.03,1178.80,665.00,
2017-10-19,1391.39,1388.79,1190.00,1178.22,665.00,
2017-10-20,1391.83,1388.95,1185.43,1177.52,665.00,
2017-10-23,1391.95,1383.88,1182.54,1176.62,665.00,
2017-10-24,1394.48,1383.98,1185.19,1174.67,665.00,670.00
2017-10-25,1391.70,1383.60,1185.31,1176.70,665.00,
2017-10-26,1385.50,1381.50,1177.85,1173.78,655.00,
2017-10-27,1384.73,1382.93,1178.56,1174.50,655.00,
2017-10-30,1389.85,1381.80,1178.86,1172.52,655.00,
2017-10-31,1386.32,1384.28,1180.00,1174.45,655.00,
2017-11-01,1387.27,1400.87,1200.00,1184.24,655.00,
2017-11-02,1410.00,1408.39,1199.69,1189.87,680.00,
2017-11-03,1410.00,1404.53,1205.50,1184.34,680.00,
2017-11-06,1424.14,1411.30,1210.88,1185.97,700.00,
2017-11-07,1430.32,1410.23,1215.48,1190.46,703.21,
2017-11-08,1441.43,1416.02,1220.43,1190.70,720.00,
2017-11-09,1428.33,1399.05,1214.68,1194.79,710.00,
2017-11-10,1435.13,1417.56,1218.96,1191.10,712.50,
2017-11-13,1435.85,1426.87,1217.80,1194.21,710.00,
2017-11-14,1442.73,1418.33,1220.14,1192.52,712.81,
2017-11-15,1437.31,1421.74,1222.17,1198.35,710.00,
2017-11-16,1441.93,1434.11,1223.13,1199.04,710.00,
2017-11-17,1439.56,1429.40,1220.68,1201.91,710.00,710.00
2017-11-20,1437.33,1426.24,1218.92,1200.22,710.00,
2017-11-21,1434.26,1431.02,1215.10,1207.91,710.00,710.00
2017-11-22,1436.79,1431.72,1218.04,1208.50,710.27,
2017-11-23,1439.97,1426.43,1220.35,1207.59,716.19,725.00
2017-11-24,1439.63,1434.21,1221.50,1213.31,712.22,719.72
2017-11-27,1438.31,1425.37,1220.79,1203.65,711.88,725.00
2017-11-28,1438.61,1423.96,1218.79,1202.60,710.54,
2017-11-29,1436.61,1426.89,1225.00,1204.88,717.34,
2017-11-30,1440.00,1438.07,1225.00,1221.12,711.67,735.00
2017-12-01,1435.53,1423.35,1225.00,1196.52,715.00,
2017-12-04,1444.70,1427.24,1232.23,1202.46,729.80,
2017-12-05,1442.86,1420.69,1234.27,1192.51,710.00,
2017-12-06,1446.74,1420.64,1235.00,1211.99,730.00,
2017-12-07,1452.50,1413.94,1236.15,1207.49,730.00,708.33
2017-12-08,1450.69,1427.61,1229.62,1194.65,725.00,695.00
2017-12-11,1446.44,1420.94,1228.12,1204.08,725.00,
2017-12-12,1445.37,1425.39,1227.18,1207.43,720.91,
2017-12-13,1444.43,1436.44,1226.04,1217.60,725.00,692.00
2017-12-14,1446.33,1433.96,1227.46,1214.59,721.05,692.00
2017-12-15,1443.48,1429.20,1229.00,1211.81,716.92,692.00
2017-12-18,1443.08,1429.32,1227.29,1209.05,716.15,698.00
2017-12-19,1444.84,1419.34,1228.42,1209.10,718.82,698.00
2017-12-20,1444.52,1433.34,1230.13,1215.62,720.16,714.58
2017-12-21,1443.03,1434.43,1227.74,1217.02,718.10,714.35
2017-12-22,1443.58,1423.23,1228.29,1206.11,722.93,721.91
2017-12-26,1443.94,1426.33,1227.41,1213.86,721.93,730.00
2017-12-27,1443.99,1434.50,1228.43,1219.78,721.49,725.17
2017-12-28,1443.53,1425.06,1228.86,1214.58,722.50,701.00
2018-01-02,1450.00,1427.81,1232.86,1210.11,725.00,705.00
2018-01-03,1450.00,1419.72,1229.44,1206.83,725.00,705.00
2018-01-04,1460.00,1419.42,1248.33,1212.50,740.00,705.00
2018-01-05,1460.00,1420.81,1245.73,1216.50,735.00,705.00
2018-01-08,1460.00,1399.50,1247.50,1229.17,735.00,726.00
2018-01-09,1460.00,1432.44,1245.00,1235.01,735.00,726.00
2018-01-10,1460.00,1444.12,1251.66,1228.69,735.00,726.00
2018-01-11,1458.77,1437.20,1250.00,1235.61,735.00,726.00
2018-01-12,1460.00,1436.00,1250.00,1237.21,735.00,726.00
2018-01-15,1460.94,1430.42,1252.82,1238.07,735.63,729.00
2018-01-16,1459.07,1427.38,1257.67,1238.84,745.95,729.00
2018-01-17,1467.86,1433.00,1270.00,1234.44,755.00,729.00
2018-01-18,1468.20,1431.04,1269.75,1242.80,755.00,729.00
2018-01-19,1463.06,1432.50,1263.34,1235.38,746.25,729.00
2018-01-22,1464.58,1427.30,1263.24,1234.17,745.12,742.88
2018-01-23,1462.76,1429.78,1263.93,1245.31,745.29,731.00
2018-01-24,1459.86,1447.22,1260.18,1246.40,745.00,731.00
2018-01-25,1458.99,1438.83,1259.18,1246.46,745.00,731.00
2018-01-26,1459.57,1433.20,1259.65,1244.47,745.00,731.00
2018-01-29,1457.08,1447.00,1260.07,1249.55,745.00,743.84
2018-01-30,1458.16,1442.67,1259.26,1250.34,745.00,735.00
2018-01-31,1455.63,1438.23,1259.71,1246.87,745.00,735.00
2018-02-01,1458.20,1421.18,1259.67,1241.84,745.00,735.00
2018-02-02,1454.70,1432.08,1257.59,1241.12,750.00,735.00
2018-02-05,1460.89,1430.57,1264.60,1241.43,750.00,764.00
2018-02-06,1470.00,1442.48,1275.00,1247.52,760.00,779.00
2018-02-07,1466.71,1452.50,1274.03,1252.67,760.28,764.00
2018-02-08,1462.62,1443.62,1273.90,1247.64,760.00,764.00
2018-02-09,1459.80,1451.48,1260.01,1250.22,755.38,764.48
2018-02-12,1454.63,1439.53,1260.00,1247.50,755.00,753.00
2018-02-13,1450.25,1431.35,1259.15,1235.49,755.00,762.57
2018-02-14,1452.60,1433.26,1259.11,1233.41,755.00,753.00
2018-02-19,1451.69,1441.41,1258.17,1239.93,755.00,752.35
2018-02-20,1449.71,1438.93,1254.46,1233.71,755.00,741.00
2018-02-21,1445.50,1439.98,1251.04,1241.22,750.20,741.00
2018-02-22,1446.72,1427.98,1248.42,1229.65,750.23,741.00
2018-02-23,1444.13,1427.72,1243.98,1224.53,750.25,741.00
2018-02-26,1443.88,1423.70,1242.52,1227.58,750.21,738.00
2018-02-27,1436.35,1423.40,1237.25,1228.46,745.00,738.00
2018-02-28,1434.70,1417.20,1234.87,1213.74,740.25,
2018-03-02,1440.00,1406.29,,1209.23,,738.00
2018-03-05,1434.35,1422.56,1235.32,1221.19,740.00,753.00
2018-03-06,1434.79,1405.74,1235.23,1212.00,740.63,753.00
2018-03-07,1433.59,1406.06,1234.49,1204.58,740.45,753.00
2018-03-08,1439.14,1414.62,1239.50,1218.03,740.58,753.00
2018-03-09,1437.90,1413.83,1238.02,1211.94,740.00,753.73
2018-03-12,1435.41,1421.64,1238.62,1219.61,740.53,745.00
2018-03-13,1433.31,1415.87,1234.96,1210.55,735.00,745.00
2018-03-14,1432.90,1416.22,1233.53,1214.15,736.43,741.00
2018-03-15,1428.84,1413.59,1229.47,1215.44,727.33,737.99
2018-03-16,1424.46,1411.39,1224.63,1212.29,722.71,738.10
2018-03-19,1423.06,1413.79,1223.72,1214.73,720.19,731.50
2018-03-20,1422.38,1402.45,1223.47,1207.16,721.43,714.15
2018-03-21,1421.19,1411.37,1221.93,1198.03,723.87,722.70
2018-03-22,1420.08,1405.76,1222.27,1210.62,720.54,715.49
2018-03-23,1413.51,1404.39,1214.28,1209.00,721.95,716.46
2018-03-26,1419.79,1410.67,1220.86,1215.44,718.57,704.40
2018-03-27,1420.07,1412.20,1223.07,1217.76,710.00,716.79
2018-03-28,1416.45,1410.66,1219.69,1208.49,720.91,720.12
2018-03-29,1420.13,1415.05,1222.63,1219.95,710.00,722.74
2018-03-30,1418.05,1411.15,1219.48,1217.11,710.00,728.00
2018-04-02,1425.00,1407.98,1225.00,1214.49,725.00,731.00
2018-04-03,1425.00,1421.82,1225.00,1229.18,,731.00
2018-04-04,1428.41,1421.11,1228.45,1233.30,725.00,738.60
2018-04-05,1429.79,1420.17,1230.91,1232.56,730.00,741.00
2018-04-06,1433.60,1422.13,1232.91,1233.07,730.00,740.44
2018-04-09,1434.50,1426.49,1246.02,1226.13,730.00,738.00
2018-04-10,1438.52,1427.20,1247.20,1235.75,731.67,738.00
2018-04-11,1440.03,1428.60,1247.63,1233.18,738.18,737.40
2018-04-12,1438.90,1426.82,1249.96,1235.97,735.00,737.86
2018-04-13,1442.25,1429.59,1249.27,1237.20,745.83,737.13
2018-04-16,1434.35,1424.71,1249.32,1240.04,740.83,748.23
2018-04-17,1441.67,1431.77,1254.55,1248.78,740.00,749.06
2018-04-18,1450.00,1431.40,1252.63,1241.74,740.00,749.00
2018-04-19,1445.83,1431.80,1260.90,1248.87,741.30,749.00
2018-04-20,1446.14,1432.41,1249.68,1245.24,740.00,749.00
2018-04-23,1440.82,1435.60,1258.09,1251.36,740.00,757.00
2018-04-24,1453.41,1438.70,1261.72,1253.64,740.00,757.00
2018-04-25,1448.24,1440.36,1263.16,1256.83,756.30,760.92
2018-04-26,1453.37,1441.09,1264.23,1258.14,755.53,759.85
2018-04-27,1449.14,1440.46,1263.13,1258.84,762.14,760.83
2018-04-30,1452.50,1444.33,1263.12,1262.42,765.00,764.43
2018-05-02,1445.82,1462.35,1255.00,1280.13,765.00,785.05
2018-05-03,1468.30,1460.67,1290.00,1261.76,792.50,784.12
2018-05-04,1467.09,1461.13,1283.17,1280.25,791.67,785.13
2018-05-08,1484.08,1460.85,1297.98,1280.50,,780.10
2018-05-09,1479.84,1461.54,1291.68,1278.32,795.00,779.58
2018-05-10,1490.13,1463.12,1299.19,1281.29,797.14,782.12
2018-05-11,1482.74,1465.68,1290.53,1282.69,790.00,779.34
2018-05-14,1482.14,1467.83,1290.13,1286.65,790.00,785.47
2018-05-15,1475.07,1481.13,1279.14,1299.35,,794.80
2018-05-16,1490.00,1477.35,1300.00,1289.31,805.00,794.84
2018-05-17,1499.49,1482.59,1310.27,1289.94,815.00,794.14
2018-05-18,1507.27,1475.40,1316.84,1301.05,812.86,794.60
2018-05-21,1501.98,1494.57,1314.78,1310.80,810.00,803.85
2018-05-23,1527.37,1506.35,1329.18,1309.97,831.88,812.36
2018-05-24,1530.21,1511.20,1335.17,1319.88,831.18,812.45
2018-05-25,1530.42,1510.39,1332.07,1320.03,828.75,812.46
2018-05-28,1526.09,1514.76,1326.59,1320.42,825.00,813.59
2018-05-29,1523.40,1521.18,1320.87,1313.98,820.00,817.03
2018-05-30,1515.88,1515.71,1314.71,1317.62,805.00,817.72
2018-05-31,1513.54,1514.80,1310.06,1318.26,,817.19
2018-06-01,1513.43,1509.87,1310.11,1306.67,815.00,817.66
2018-06-04,1505.81,1502.51,1302.36,1307.63,805.00,798.96
2018-06-05,1514.00,1501.50,1318.58,1306.79,,798.56
2018-06-07,1504.09,1497.07,1301.08,1294.18,790.00,796.69
2018-06-08,1498.35,1499.51,1294.72,1299.79,,799.91
2018-06-11,1494.00,1489.22,1293.00,1298.78,785.00,792.19
2018-06-12,1498.61,1482.97,1298.09,1287.56,,786.95
2018-06-14,1493.64,1487.53,1298.78,1292.11,793.33,787.08
2018-06-15,1488.24,1481.08,1289.23,1291.28,795.00,786.18
2018-06-18,1482.61,1476.78,1282.26,1282.67,,780.85
2018-06-19,1479.52,1476.67,1284.00,1277.63,,777.71
2018-06-20,1496.05,1474.53,1299.13,1280.38,800.00,779.39
2018-06-21,1492.68,1472.11,1296.19,1278.21,792.86,776.56
2018-06-22,1483.47,1472.38,1286.26,1276.68,790.00,778.61
2018-06-25,1476.54,1472.75,1277.70,1276.97,775.00,777.99
2018-06-26,1470.75,1470.33,1274.17,1274.57,770.00,772.70
2018-06-27,1474.82,1472.28,1274.69,1272.61,770.00,772.85
2018-06-28,1477.95,1469.29,1277.51,1283.15,780.00,779.17
2018-06-29,1477.63,1468.76,1279.83,1280.82,780.00,779.17
2018-07-02,1488.70,1478.91,1295.33,1291.92,,796.27
2018-07-03,1496.11,1485.96,1320.00,1305.50,,799.04
2018-07-04,1498.20,1483.36,1316.15,1299.18,,798.51
2018-07-05,1518.00,1485.88,1323.33,1304.77,805.00,798.10
2018-07-06,1508.54,1486.66,1310.38,1305.53,815.00,798.88
2018-07-09,1510.00,1490.58,1324.29,1306.74,811.00,812.91
2018-07-10,1509.00,1491.48,1316.19,1300.30,,817.41
2018-07-11,1515.61,1499.73,1340.21,1315.54,826.00,815.60
2018-07-12,1521.81,1496.55,1332.07,1315.32,816.67,814.23
2018-07-13,1514.81,1497.36,1327.77,1316.38,812.00,813.95
2018-07-16,1507.88,1499.23,1321.78,1316.36,,813.36
2018-07-17,1517.24,1500.59,1326.11,1316.17,,814.34
2018-07-18,1520.14,1501.60,1329.49,1306.41,813.33,810.51
2018-07-19,1516.16,1496.91,1323.07,1312.83,805.00,812.50
2018-07-20,1516.22,1496.94,1320.03,1313.91,816.50,813.91
2018-07-23,1508.54,1492.82,1309.47,1308.74,805.00,809.52
2018-07-24,1506.67,1484.99,1308.13,1302.23,805.00,798.01
2018-07-25,1512.93,1479.59,1322.63,1300.83,813.00,799.07
2018-07-26,1513.54,1484.62,1314.70,1302.77,816.00,800.14
2018-07-27,1512.57,1488.36,1312.73,1304.43,820.00,798.65
2018-07-30,1514.57,1488.21,1310.05,1304.06,818.00,794.78
2018-07-31,1512.43,1498.72,1313.68,1306.95,820.00,809.39
2018-08-01,1502.27,1498.89,1308.50,1314.71,,808.98
2018-08-02,1506.43,1498.35,1311.30,1311.18,830.00,809.68
2018-08-03,1511.67,1499.00,1317.29,1306.34,850.00,807.99
2018-08-06,1510.89,1495.07,1312.69,1310.95,826.67,808.00
2018-08-07,1518.16,1493.00,1326.20,1298.87,825.00,811.83
2018-08-08,1522.05,1492.66,1337.43,1308.83,835.00,811.81
2018-08-09,1523.71,1496.56,1335.07,1301.04,,813.25
2018-08-10,1524.21,1493.28,1333.88,1308.39,825.00,812.14
2018-08-13,1518.70,1501.88,1323.80,1314.25,831.67,808.16
2018-08-14,1527.18,1496.71,1330.26,1309.47,,801.09
2018-08-16,1527.65,1502.90,1327.88,1315.55,830.00,801.10
2018-08-17,1522.02,1499.02,1324.15,1311.65,830.71,801.53
2018-08-20,1510.21,1500.78,1320.77,1316.71,823.75,800.94
2018-08-21,1536.43,1502.60,1331.51,1312.30,840.00,802.90
2018-08-22,1540.67,1503.57,1341.57,1316.81,845.00,803.22
2018-08-23,1534.90,1504.42,1338.86,1316.91,843.33,803.33
2018-08-24,1529.59,1504.33,1330.38,1316.30,831.82,804.13
2018-08-27,1521.29,1502.95,1323.20,1317.33,822.73,803.31
2018-08-28,1519.04,1500.15,1319.96,1317.51,830.00,801.04
2018-08-29,1514.49,1501.58,1319.81,1312.35,830.00,800.63
2018-08-30,1523.19,1500.59,1322.30,1320.03,831.43,800.89
2018-08-31,1520.61,1500.38,1323.66,1315.61,831.88,801.05
2018-09-03,1528.49,1504.83,1326.35,1329.53,820.00,801.23
2018-09-04,1523.33,1514.74,1340.00,1334.25,,817.82
2018-09-05,1532.96,1521.86,1339.29,1334.82,840.00,819.73
2018-09-06,1551.36,1522.82,1372.72,1344.05,845.71,824.14
2018-09-07,1551.67,1521.86,1364.64,1340.35,848.75,822.19
2018-09-10,1546.83,1520.72,1361.00,1341.47,840.00,822.86
2018-09-11,1566.81,1528.87,1380.59,1352.66,870.00,830.05
2018-09-12,1571.73,1532.88,1383.31,1352.20,870.00,830.14
2018-09-13,1565.45,1531.33,1377.31,1352.96,860.00,830.01
2018-09-14,1563.92,1532.08,1369.41,1354.75,862.14,830.50
2018-09-17,1561.41,1534.67,1366.55,1349.06,871.88,830.13
2018-09-18,1561.34,1539.45,1366.20,1356.44,856.67,833.50
2018-09-19,1560.60,1539.28,1366.16,1352.48,858.33,833.53
2018-09-20,1558.82,1539.44,1361.92,1357.01,857.50,833.53
2018-09-21,1556.50,1536.13,1362.94,1353.13,852.19,832.18
2018-09-27,1553.41,1540.10,1365.25,1353.83,854.09,834.20
2018-09-28,1556.20,1546.47,1364.45,1357.62,857.07,839.73
2018-10-01,1541.38,1547.00,1353.23,1364.38,850.00,842.03
2018-10-02,1541.63,1551.90,1367.18,1372.81,873.75,854.84
2018-10-04,1583.87,1567.17,1418.79,1392.36,880.00,860.89
2018-10-05,1585.67,1564.12,1414.90,1393.49,882.00,859.72
2018-10-08,1592.00,1565.85,1407.00,1396.26,,868.86
2018-10-10,1587.26,1572.29,1417.16,1398.43,883.85,881.00
2018-10-11,1587.73,1575.73,1417.56,1408.50,881.43,881.00
2018-10-12,1584.17,1572.62,1405.33,1407.37,905.00,881.00
2018-10-15,1583.09,1570.28,1412.30,1407.44,880.00,886.31
2018-10-16,1584.07,1568.52,1415.83,1406.72,882.27,890.53
2018-10-17,1587.87,1572.78,1417.37,1409.51,885.88,890.61
2018-10-18,1579.53,1567.79,1399.88,1402.51,885.00,890.51
2018-10-19,1573.60,1566.68,1397.99,1406.78,884.44,890.67
2018-10-22,1567.31,1554.63,1383.86,1402.11,880.00,888.01
2018-10-23,1567.40,1541.02,1381.95,1391.13,880.00,881.86
2018-10-24,1567.07,1546.14,1389.47,1394.31,884.00,880.57
2018-10-25,1560.32,1537.65,1383.96,1392.32,873.57,880.01
2018-10-26,1559.82,1539.43,1384.05,1393.86,875.00,880.66
2018-10-29,1556.15,1529.36,1381.81,1391.38,871.43,879.18
2018-10-30,1556.17,1517.52,1384.47,1385.75,870.00,865.16
2018-10-31,1530.58,1518.30,1377.27,1383.96,870.00,872.55
2018-11-01,1550.00,1508.74,1375.00,1386.58,870.00,872.92
2018-11-02,1554.07,1510.13,1371.79,1358.91,855.00,880.48
2018-11-05,1526.06,1485.81,1367.27,1368.90,850.00,858.85
2018-11-06,1380.33,1431.02,1279.78,1328.10,853.00,856.12
2018-11-07,1389.18,1371.56,1280.99,1278.25,850.00,842.77
2018-11-08,1387.17,1370.27,1278.71,1265.89,859.17,840.14
2018-11-09,1373.50,1371.56,1270.06,1271.07,855.37,841.05
2018-11-12,1369.14,1337.01,1264.59,1254.22,848.33,837.99
2018-11-13,1371.75,1323.69,1260.48,1246.11,845.00,828.02
2018-11-14,1364.25,1331.99,1255.63,1250.03,841.25,827.62
2018-11-15,1348.70,1343.73,1244.88,1241.82,828.57,826.62
2018-11-16,1339.52,1320.86,1239.66,1240.66,828.33,827.28
2018-11-19,1322.11,1305.40,1223.51,1230.93,815.00,821.86
2018-11-20,1322.78,1296.24,1223.76,1231.07,815.00,817.74
2018-11-21,1323.04,1292.24,1223.67,1225.04,813.72,816.25
2018-11-22,1315.29,1287.01,1213.87,1228.22,802.76,815.07
2018-11-23,1302.60,1286.89,1203.43,1225.19,792.73,817.14
2018-11-26,1303.03,1278.68,1202.98,1208.19,791.09,806.32
2018-11-27,1293.10,1265.99,1194.09,1188.97,784.29,780.48
2018-11-28,1278.63,1253.90,1183.99,1169.25,774.00,761.92
2018-11-29,1278.13,1263.25,1174.59,1187.29,772.94,785.46
2018-11-30,1269.44,1261.26,1176.38,1186.94,766.88,787.70
2018-12-03,1265.76,1223.81,1169.11,1135.56,768.59,735.75
2018-12-04,1267.10,1238.92,1166.99,1131.49,769.29,734.50
2018-12-05,1271.51,1217.71,1173.10,1124.10,771.18,737.91
2018-12-06,1259.43,1224.66,1161.73,1137.46,761.59,738.00
2018-12-07,1255.20,1213.37,1156.64,1124.65,754.78,738.42
2018-12-10,1247.00,1214.88,1147.83,1124.72,746.36,727.21
2018-12-11,1248.19,1207.10,1147.84,1115.93,746.74,717.89
2018-12-12,1253.28,1210.34,1152.48,1117.26,747.04,717.66
2018-12-13,1247.83,1210.51,1148.64,1116.32,742.91,718.00
2018-12-14,1242.63,1205.66,1143.88,1114.18,738.93,717.90
2018-12-17,1235.68,1203.17,1137.11,1105.75,735.81,717.35
2018-12-18,1236.54,1215.51,1141.37,1124.65,736.18,713.94
2018-12-19,1235.84,1195.36,1139.14,1114.04,735.63,711.91
2018-12-20,1221.34,1199.83,1127.81,1113.91,724.63,711.38
2018-12-21,1220.99,1201.46,1117.42,1109.96,718.16,713.17
2018-12-24,1170.00,1195.36,1130.00,1104.28,,700.60
2018-12-26,1208.98,1182.75,1107.66,1092.34,706.69,682.73
2018-12-27,1202.24,1182.84,1104.74,1093.48,701.82,683.63
2018-12-28,1204.04,1187.90,1104.05,1086.47,697.92,670.00
2019-01-02,1204.43,1146.25,1098.75,1062.24,695.00,650.98
2019-01-03,1203.18,1157.15,1102.09,1051.62,697.73,646.62
2019-01-04,1195.54,1154.02,1092.71,1055.72,695.69,653.18
2019-01-07,1193.32,1165.69,1088.71,1062.20,691.73,639.35
2019-01-08,1193.95,1173.28,1087.83,1071.11,691.54,644.55
2019-01-09,1218.33,1167.03,1118.57,1067.95,695.00,644.09
2019-01-10,1232.06,1170.20,1126.46,1071.23,705.00,644.31
2019-01-11,1231.71,1175.29,1128.05,1072.82,707.87,644.53
2019-01-14,1219.40,1187.90,1123.06,1095.43,718.71,655.78
2019-01-15,1218.71,1200.21,1119.49,1106.77,713.22,680.84
2019-01-16,1220.00,1175.11,1133.82,1106.55,722.00,680.90
2019-01-17,1233.30,1197.38,1138.40,1111.57,723.40,680.82
2019-01-18,1229.74,1197.96,1138.20,1106.24,729.58,680.11
2019-01-21,1229.10,1200.60,1135.61,1118.24,725.00,685.02
2019-01-22,1235.00,1201.44,1141.20,1116.35,725.86,686.73
2019-01-23,1242.90,1205.06,1150.40,1118.89,732.90,687.35
2019-01-24,1206.60,1207.87,1142.53,1120.94,726.11,686.83
2019-01-25,1231.44,1205.18,1133.10,1117.51,719.54,687.33
2019-01-28,1223.35,1206.13,1125.76,1123.35,720.86,689.67
2019-01-29,1215.13,1203.44,1120.00,1119.96,713.93,692.50
2019-01-30,1222.04,1205.11,1123.90,1126.50,708.45,692.62
2019-01-31,1223.07,1202.80,1124.55,1125.32,714.76,693.10
2019-02-01,1209.33,1198.28,1111.00,1119.82,700.00,692.21
2019-02-07,1227.22,1201.10,1146.58,1127.70,710.00,702.96
2019-02-08,1231.97,1200.32,1150.58,1125.66,715.85,709.08
2019-02-11,1232.38,1208.68,1140.28,1131.13,715.00,705.40
2019-02-12,1234.69,1204.08,1141.84,1131.37,715.00,711.79
2019-02-13,1238.51,1211.96,1142.65,1130.35,719.05,711.71
2019-02-14,1238.39,1215.22,1146.36,1127.79,720.00,712.14
2019-02-15,1238.51,1208.08,1144.26,1129.29,723.57,712.44
2019-02-18,1236.61,1208.19,1143.73,1137.42,717.31,714.40
2019-02-19,1231.48,1212.60,1141.08,1145.01,715.00,722.13
2019-02-20,1232.86,1215.46,1139.71,1145.78,715.00,722.12
2019-02-21,1235.00,1214.90,1142.52,1152.88,717.86,722.03
2019-02-22,1245.36,1219.99,1160.73,1150.41,721.02,722.25
2019-02-25,1242.25,1232.31,1157.78,1162.53,728.96,730.67
2019-02-26,1248.87,1240.26,1158.27,1174.91,732.22,744.11
2019-02-27,1245.75,1241.36,1156.61,1164.10,741.88,743.89
2019-02-28,1248.20,1242.51,1162.80,1168.27,729.84,742.16
2019-03-04,1242.67,1245.41,1159.74,1180.11,720.00,751.97
2019-03-05,1260.00,1245.17,1185.00,1181.04,760.00,749.15
2019-03-06,1260.00,1249.10,1185.00,1175.42,760.00,748.00
2019-03-07,1260.25,1254.08,1183.82,1180.99,760.00,750.03
2019-03-08,1270.00,1244.20,1188.61,1178.52,758.46,749.33
2019-03-11,1267.73,1254.50,1189.44,1184.69,756.32,755.71
2019-03-12,1291.25,1272.80,1190.14,1179.08,762.38,752.48
2019-03-13,1296.42,1273.51,1201.24,1183.81,767.68,752.87
2019-03-14,1295.03,1284.08,1199.90,1183.53,769.17,751.23
2019-03-15,1298.69,1284.55,1201.83,1187.97,770.00,746.00
2019-03-18,1296.48,1271.19,1202.48,1174.40,769.12,746.00
2019-03-19,1291.28,1300.20,1193.72,1186.55,765.00,757.79
2019-03-20,1300.45,1298.15,1190.38,1187.05,770.00,756.74
2019-03-21,1302.06,1297.57,1184.66,1185.27,770.00,756.62
2019-03-22,1280.26,1299.40,1179.26,1181.82,748.40,755.69
2019-03-25,1274.42,1305.46,1179.83,1188.99,727.20,757.06
2019-03-26,1270.43,1309.30,1168.98,1183.98,725.00,755.97
2019-03-27,1274.02,1310.83,1169.19,1185.49,725.00,756.74
2019-03-28,1271.39,1312.78,1168.50,1185.09,725.00,756.61
2019-03-29,1273.53,1314.80,1171.04,1184.97,725.00,756.95
2019-04-01,1290.00,1314.20,1191.61,1182.02,770.00,756.53
2019-04-02,1307.31,1316.61,1187.29,1180.41,770.00,757.30
2019-04-03,1313.00,1320.16,1187.27,1183.18,770.00,758.63
2019-04-04,1308.95,1319.07,1188.89,1183.24,770.00,753.26
2019-04-05,1313.66,1319.50,1194.40,1180.29,775.00,758.04
2019-04-08,1325.71,1322.65,1196.07,1185.74,778.46,761.95
2019-04-09,1339.28,1328.74,1209.15,1185.10,784.72,763.34
2019-04-10,1332.63,1328.79,1197.88,1194.75,780.00,762.87
2019-04-11,1336.19,1331.01,1206.58,1188.74,784.35,763.61
2019-04-12,,1334.59,,1191.54,,763.09
2019-04-15,1358.53,1347.86,1208.29,1199.55,786.50,769.87
2019-04-16,1357.00,1354.17,1195.13,1205.20,787.67,778.62
2019-04-17,1355.00,1355.89,1193.82,1206.40,789.56,778.73
2019-04-18,1362.38,1358.27,1213.35,1207.87,791.15,778.64
2019-04-19,1363.14,1358.18,1211.79,1207.12,793.03,778.63
2019-04-22,1360.68,1361.13,1211.27,1209.55,791.33,779.89
2019-04-23,1374.54,1356.95,1223.46,1203.88,807.20,780.00
2019-04-24,1376.61,1357.93,1211.49,1207.50,803.64,780.23
2019-04-25,1375.00,1355.72,1222.12,1201.91,803.89,780.04
2019-04-26,1380.12,1359.98,1226.97,1199.99,806.92,780.05
2019-04-29,1386.47,1364.29,1225.80,1211.37,805.00,784.42
2019-04-30,1382.84,1370.52,1232.26,1220.02,807.50,795.46
2019-05-02,1383.90,1368.94,1231.95,1220.10,806.54,793.00
2019-05-03,1353.31,1367.60,1192.61,1213.69,805.00,793.60
2019-05-07,1458.59,1417.90,1265.80,1274.52,810.00,800.48
2019-05-08,1460.00,1421.06,1265.00,1264.70,,797.82
2019-05-09,1449.60,1422.33,1262.17,1264.42,810.00,796.47
2019-05-10,1449.86,1421.80,1259.67,1261.66,810.00,797.91
2019-05-13,1450.00,1409.12,1260.00,1264.40,810.00,794.63
2019-05-14,1450.00,1396.62,1260.00,1263.40,810.00,793.59
2019-05-15,1450.00,1404.14,1260.00,1268.20,810.00,794.48
2019-05-16,1456.27,1420.50,1270.84,1276.03,815.00,795.00
2019-05-17,1448.81,1406.33,1265.34,1270.37,815.00,795.00
2019-05-20,1445.00,1412.20,1265.00,1274.79,815.00,791.82
2019-05-21,1445.00,1424.22,1265.00,1285.48,815.00,812.10
2019-05-22,1455.00,1423.80,1275.00,1286.09,825.00,812.13
2019-05-23,1455.00,1424.48,1275.00,1286.65,825.00,812.20
2019-05-24,1455.00,1425.18,1275.00,1287.13,825.00,812.07
2019-05-27,1445.57,1423.71,1264.95,1285.45,825.00,811.95
2019-05-28,1445.00,1420.23,1263.84,1278.80,825.00,803.62
2019-05-29,1435.68,1421.50,1265.00,1271.62,817.50,803.84
2019-05-30,1430.00,1420.96,1256.36,1264.46,810.00,805.35
2019-05-31,1430.00,1420.14,1257.55,1268.45,810.00,808.29
2019-06-03,1425.00,1400.97,1259.64,1269.47,810.00,792.23
2019-06-04,1416.33,1383.57,1241.51,1258.60,805.00,780.92
2019-06-05,1402.30,1377.93,1230.79,1257.22,791.67,787.11
2019-06-07,1410.00,1378.05,1241.00,1254.08,,782.75
2019-06-10,1400.00,1349.41,1230.77,1225.15,786.67,726.00
2019-06-11,1395.00,1340.04,1225.00,1210.02,785.00,731.00
2019-06-12,1380.00,1332.07,1215.00,1204.85,785.00,726.55
2019-06-13,1370.00,1330.96,1209.91,1200.64,780.00,725.06
2019-06-14,1360.00,1327.09,1200.00,1196.48,780.00,726.72
2019-06-17,1360.00,1323.29,1199.87,1196.56,780.00,723.07
2019-06-18,1360.00,1325.85,1200.00,1197.25,780.00,729.05
2019-06-19,1360.00,1326.52,1196.73,1192.28,780.00,727.98
2019-06-20,1360.00,1327.25,1196.69,1194.21,780.00,727.85
2019-06-21,1360.05,1330.16,1210.44,1199.09,780.00,728.27
2019-06-24,1360.00,1327.16,1204.72,1197.04,780.00,725.72
2019-06-25,1360.00,1323.41,1206.63,1190.40,780.00,718.24
2019-06-26,1360.00,1323.49,1197.32,1194.15,780.00,706.86
2019-06-27,1369.55,1323.82,1214.17,1193.02,785.45,719.43
2019-06-28,1370.00,1324.13,1206.29,1197.82,,735.00
2019-07-01,1370.00,1324.82,1220.00,1192.23,785.00,735.00
2019-07-02,1380.00,1342.51,1230.00,1212.73,785.00,751.74
2019-07-03,1380.00,1363.03,1230.00,1226.17,785.00,759.72
2019-07-04,1380.00,1362.60,1230.00,1226.09,,756.51
2019-07-05,1380.56,1363.06,1232.75,1221.92,,755.91
2019-07-08,1380.00,1368.03,1230.00,1224.31,780.00,752.31
2019-07-09,1385.00,1371.78,1216.29,1213.05,780.00,752.71
2019-07-10,1380.00,1371.84,1215.67,1214.84,775.00,754.00
2019-07-11,1400.00,1374.23,1247.59,1213.51,785.00,752.32
2019-07-12,1400.00,1373.58,1239.96,1220.42,785.00,754.57
2019-07-15,1397.09,1387.75,1236.93,1229.94,780.00,761.37
2019-07-16,1400.00,1398.99,1240.00,1235.65,783.57,771.42
2019-07-17,1400.00,1353.92,1240.00,1235.60,785.00,770.69
2019-07-18,1400.00,1397.34,1240.00,1236.06,785.00,770.95
2019-07-19,1400.36,1398.14,1241.57,1230.16,785.00,771.23
2019-07-22,1400.00,1397.20,1240.00,1237.65,785.00,771.19
2019-07-23,1415.00,1399.09,1255.00,1238.74,790.00,769.54
2019-07-24,1415.00,1401.75,1254.50,1237.14,790.00,769.52
2019-07-25,1405.00,1399.04,1245.00,1239.45,790.00,769.10
2019-07-26,1405.00,1398.67,1237.85,1229.48,785.00,769.04
2019-07-29,1400.00,1387.18,1235.00,1229.38,785.00,769.85
2019-07-30,1400.00,1377.93,1228.86,1231.51,785.00,769.61
2019-07-31,1400.00,1371.27,1230.00,1235.87,785.00,768.84
2019-08-01,1394.39,1384.00,1225.00,1226.14,785.00,771.39
2019-08-02,1395.00,1382.70,1225.00,1235.45,785.00,770.45
2019-08-05,1375.52,1355.81,1225.00,1243.83,,
2019-08-06,1389.45,1378.53,1225.00,1245.78,,781.00
2019-08-07,1387.00,1379.47,1227.88,1244.02,785.00,776.62
2019-08-08,1378.95,1377.70,1225.00,1244.20,,776.05
2019-08-09,1375.10,1376.70,1220.49,1244.01,780.00,777.01
2019-08-12,1374.71,1370.43,1220.00,1226.20,778.33,768.57
2019-08-13,1380.00,1354.69,1225.00,1226.42,773.00,748.18
2019-08-14,1379.33,1364.34,1224.79,1225.08,785.00,753.63
2019-08-16,,1362.83,,1223.39,,751.23
2019-08-19,1379.63,1362.95,1224.80,1222.27,784.41,750.84
2019-08-20,1378.93,1367.71,1224.25,1228.75,785.00,757.95
2019-08-21,1380.00,1368.27,1225.00,1220.40,783.94,757.80
2019-08-22,1380.00,1367.98,1224.88,1228.60,783.44,758.05
2019-08-23,1379.38,1367.40,1224.33,1224.10,783.61,756.54
2019-08-26,1380.00,1364.25,1224.97,1214.78,781.88,754.00
2019-08-27,1379.43,1358.27,1224.55,1215.08,772.50,752.00
2019-08-28,1349.40,1332.37,1206.95,1192.34,776.67,
2019-08-29,1379.47,1359.69,1224.81,1216.47,785.00,
2019-08-30,1378.62,1360.00,1224.61,1221.38,777.50,
2019-09-02,1410.00,1420.00,1256.67,1252.29,792.50,
2019-09-03,1425.00,1420.00,1265.00,1241.38,787.65,
2019-09-04,1410.00,1421.68,1260.00,1267.42,785.00,
2019-09-05,1405.00,1420.00,1250.00,1263.69,785.00,
2019-09-06,1406.20,1420.00,1251.48,1265.00,785.00,
2019-09-09,1405.00,1420.00,1249.44,1261.04,785.00,
2019-09-10,1405.00,1411.79,1250.00,1257.95,785.00,
2019-09-11,,1401.86,1240.00,1245.42,790.00,
2019-09-16,1425.00,1404.94,1265.00,1255.65,790.00,
2019-09-17,1469.29,1412.56,1311.09,1255.06,822.86,
2019-09-18,1485.00,1410.00,1325.00,1268.59,823.00,
2019-09-19,1490.00,1440.00,1315.00,1262.32,830.00,
2019-09-20,1488.11,1444.76,1315.44,1270.92,820.91,
2019-09-23,1490.00,1455.11,1315.00,1295.45,814.00,
2019-09-24,1490.00,1474.96,1315.00,1304.61,821.82,
2019-09-25,1479.36,1476.01,1305.00,1310.04,807.50,
2019-09-26,1475.00,1477.08,1300.00,1299.71,825.00,
2019-09-27,1460.79,1472.20,1284.68,1267.06,825.00,
2019-09-30,1460.00,1413.69,1276.64,1276.61,817.73,
2019-10-01,1460.00,,,1319.00,820.00,
2019-10-02,1450.00,1453.12,1280.00,1276.57,818.18,
2019-10-04,,1453.42,,1297.09,,
2019-10-07,1450.00,1451.35,1277.05,1293.17,820.00,
2019-10-08,1435.00,1436.68,1259.40,1274.65,810.00,772.00
2019-10-10,1430.37,1424.66,1262.95,1253.89,800.00,
2019-10-11,1425.30,1421.97,1259.39,1244.86,792.30,
2019-10-14,1425.00,1435.28,1258.85,1268.62,792.62,772.00
2019-10-15,1425.00,1443.54,1260.00,1276.39,795.00,762.00
2019-10-16,1425.00,1439.02,1260.00,1273.92,795.00,762.00
2019-10-17,1425.33,1428.72,1265.62,1275.25,789.63,762.00
2019-10-18,1425.21,1440.46,1260.30,1274.89,783.21,762.00
2019-10-21,1427.07,1440.77,1259.81,1274.74,785.00,762.00
2019-10-22,1425.00,1433.68,1260.00,1274.62,785.00,753.00
2019-10-23,1425.00,1432.15,1260.00,1268.86,785.00,753.00
2019-10-24,1425.00,1426.57,1259.75,1266.41,775.00,749.86
2019-10-25,1420.51,1431.75,1251.13,1274.03,778.93,753.00
2019-10-28,1420.00,1430.72,1249.99,1269.09,778.73,753.00
2019-10-29,1419.00,1416.52,1250.00,1262.03,780.00,745.55
2019-10-30,1418.21,1416.62,1250.00,1262.19,776.92,742.45
2019-10-31,1419.57,1415.79,1250.00,1260.85,778.24,745.37
2019-11-01,1419.60,1418.60,1245.75,1267.78,777.00,746.45
2019-11-04,1418.33,1420.31,1250.00,1264.31,779.33,746.74
2019-11-05,1436.90,1413.38,1264.17,1261.42,800.00,742.00
2019-11-06,1442.71,1415.65,1295.00,1265.56,800.00,746.00
2019-11-07,1440.17,1414.51,1285.00,1255.85,790.00,744.09
2019-11-08,1440.36,1417.48,1275.27,1260.95,777.32,742.07
2019-11-11,1440.00,1419.19,1275.00,1267.16,777.00,743.04
2019-11-12,1461.08,1429.61,1280.95,1250.36,790.00,739.44
2019-11-13,1470.00,1431.23,1284.68,1263.27,790.00,740.78
2019-11-14,1470.00,1433.45,1285.00,1258.30,790.00,740.82
2019-11-15,1465.41,1437.08,1279.25,1251.25,788.44,735.48
2019-11-18,1462.90,1435.26,1278.88,1253.32,789.23,737.46
2019-11-19,1475.00,1447.80,1290.00,1249.68,790.00,731.56
2019-11-20,1485.00,1420.06,1290.00,1249.75,786.25,731.68
2019-11-21,1485.00,1446.25,1290.00,1245.92,790.00,732.35
2019-11-22,1484.00,1447.76,1274.56,1248.00,767.92,732.85
2019-11-25,1484.52,1448.84,1275.45,1253.52,775.00,732.80
2019-11-26,1483.65,1446.77,1275.22,1253.75,773.91,732.78
2019-11-27,1476.31,1445.35,1275.32,1254.86,773.78,732.76
2019-11-28,1477.57,1446.57,1275.00,1255.20,774.08,733.41
2019-11-29,1471.88,1446.27,1275.00,1249.58,774.91,738.00
2019-12-02,1481.25,1444.65,1274.57,1258.32,774.44,738.00
2019-12-03,1485.00,1448.23,1275.24,1246.89,775.58,738.39
2019-12-04,1482.50,1448.58,1282.31,1258.37,774.84,748.72
2019-12-05,1480.86,1451.19,1284.52,1260.82,775.00,746.86
2019-12-06,1482.36,1449.82,1285.62,1261.19,776.67,747.10
2019-12-09,1481.43,1450.03,1285.00,1269.44,775.82,746.18
2019-12-10,1484.55,1447.10,1285.86,1267.16,775.71,744.58
2019-12-11,1483.71,1453.41,1303.75,1272.78,793.14,748.70
2019-12-12,1484.20,1452.24,1303.43,1271.32,795.00,743.88
2019-12-13,1484.89,1453.62,1299.86,1272.51,785.00,750.03
2019-12-16,1483.23,1454.23,1298.16,1275.47,784.52,750.84
2019-12-17,1479.09,1453.13,1290.00,1274.53,781.17,750.43
2019-12-18,1481.36,1453.60,1290.00,1278.64,783.24,759.60
2019-12-19,1486.03,1453.43,1290.52,1279.95,790.65,760.09
2019-12-20,1491.88,1446.17,1300.68,1275.70,796.48,769.92
2019-12-23,1490.00,1447.00,1300.00,1282.49,795.00,770.02
2019-12-24,1490.00,1441.91,,1286.20,800.00,777.84
2019-12-26,1481.54,1445.55,1290.42,1290.70,786.02,778.94
2019-12-27,1481.54,1444.44,1290.00,1289.09,786.14,781.69
2019-12-30,1480.00,1438.93,1290.00,1289.13,785.00,782.11
2020-01-02,1481.43,1450.35,1294.14,1290.85,785.70,781.78
2020-01-03,1482.21,1457.49,1293.13,1296.50,785.54,786.69
2020-01-06,1490.12,1461.08,1335.00,1303.93,815.00,786.35
2020-01-07,1489.74,1456.29,1335.00,1300.27,815.00,790.09
2020-01-08,1493.13,1467.23,1335.00,1314.59,815.00,788.86
2020-01-09,1491.67,1463.53,1333.96,1313.25,814.36,789.88
2020-01-10,1489.21,1461.78,1331.23,1311.97,811.16,788.83
2020-01-13,1489.65,1463.72,1330.00,1316.68,810.74,794.63
2020-01-14,1480.37,1461.90,1320.38,1312.95,804.09,787.89
2020-01-15,1479.87,1457.07,1315.00,1305.26,805.00,787.44
2020-01-16,1475.70,1455.75,1309.05,1302.56,805.00,787.77
2020-01-17,1469.61,1443.24,1304.40,1285.37,800.00,771.71
2020-01-20,1468.98,1442.16,1299.54,1288.24,800.00,769.83
2020-01-21,1465.71,1430.76,1296.03,1269.21,799.64,749.51
2020-01-22,1470.00,1429.73,1300.00,1267.33,800.00,749.90
2020-01-23,,1426.70,1285.00,1255.23,790.00,748.24
2020-01-28,1463.22,1421.97,1289.24,1258.30,790.00,740.00
2020-01-29,1455.00,1423.51,1279.76,1255.43,785.00,740.00
2020-01-30,1450.00,1423.04,1270.00,1253.84,779.81,740.00
2020-01-31,1444.42,1406.43,1265.32,1242.62,760.21,723.78
2020-02-03,1440.94,1415.91,1260.21,1259.57,772.32,740.00
2020-02-04,1455.00,1407.32,1275.00,1236.39,787.21,708.55
2020-02-05,1455.00,1402.48,1274.62,1224.96,790.00,709.00
2020-02-06,1430.00,1397.18,1249.18,1215.94,745.00,715.00
2020-02-07,1415.00,1404.57,1234.32,1223.46,740.00,709.68
2020-02-10,1410.63,1401.78,1235.00,1228.83,740.00,701.98
2020-02-11,1414.45,1397.89,1234.39,1215.37,740.00,675.00
2020-02-12,1414.20,1394.86,1234.15,1210.09,740.00,675.00
2020-02-13,1420.00,1394.09,1230.00,1204.29,740.00,675.00
2020-02-14,1418.34,1393.91,1229.11,1204.90,740.00,675.00
2020-02-17,1399.67,1394.16,1205.00,1209.12,700.00,675.00
2020-02-18,1400.00,1401.47,1205.00,1203.80,700.00,673.00
2020-02-19,1400.00,1401.60,1205.00,1204.21,700.00,673.47
2020-02-20,1428.11,1401.69,1245.00,1197.05,745.00,673.79
2020-02-21,1424.78,1393.01,1239.58,1204.79,740.00,673.20
2020-02-24,1420.00,1401.96,1230.00,1207.20,725.00,673.19
2020-02-25,,1409.16,1230.00,1208.07,725.00,682.74
2020-02-26,1410.00,1409.90,1210.00,1210.75,710.00,682.65
2020-02-27,1400.00,1409.35,1200.00,1208.61,700.00,682.90
2020-02-28,1400.00,1409.55,1200.00,1208.22,700.00,682.89
2020-03-02,1396.45,1407.53,1195.53,1207.52,700.00,682.39
2020-03-03,1400.00,1382.70,1200.00,1160.03,700.00,654.20
2020-03-04,1390.00,1383.44,1190.00,1183.90,690.00,653.61
2020-03-05,1390.00,1386.18,1187.69,1181.95,685.00,656.00
2020-03-06,1380.00,1380.71,1180.00,1180.73,680.00,654.65
2020-03-09,1366.67,1382.78,1174.29,1181.18,676.67,654.73
2020-03-10,1355.00,1343.04,1155.96,1153.83,655.00,621.47
2020-03-11,1328.42,1335.95,1128.68,1137.70,620.00,616.07
2020-03-12,1315.00,1335.35,1119.71,1136.81,610.47,615.16
2020-03-13,1290.48,1331.59,1100.00,1141.99,600.00,618.00
2020-03-16,1300.00,1336.12,1100.00,1136.84,597.86,618.00
2020-03-17,1280.00,1215.60,1080.00,1048.86,580.00,540.00
2020-03-18,1285.00,1232.75,1085.00,1056.83,590.00,541.32
2020-03-19,1265.00,1228.15,1065.00,1048.61,560.00,552.68
2020-03-20,1240.00,1222.07,1040.00,1040.87,560.00,542.43
2020-03-23,1235.00,1226.09,1040.00,1043.99,535.00,546.18
2020-03-24,1235.00,1137.90,1035.00,1006.35,535.00,492.24
2020-03-25,1235.12,1179.67,1035.27,1008.36,535.00,492.61
2020-03-26,1225.00,1165.27,1025.00,1013.74,530.00,491.29
2020-03-27,1215.00,1172.69,1015.00,1008.50,515.00,492.32
2020-03-30,1215.00,1156.55,1015.00,1011.77,515.00,496.23
2020-03-31,1210.00,1138.98,1010.00,996.40,510.00,470.48
2020-04-01,1210.00,1124.61,1013.10,1008.70,510.00,465.66
2020-04-02,1208.21,1130.39,1010.00,965.39,510.00,466.82
2020-04-03,1186.39,1138.39,987.24,994.57,485.89,465.00
2020-04-06,1182.96,1132.85,985.00,1001.03,483.65,465.00
2020-04-07,1189.29,1135.14,993.54,1008.58,485.00,446.00
2020-04-08,1185.00,1083.91,985.00,968.46,485.00,446.37
2020-04-09,1185.00,1085.18,990.00,969.42,485.00,446.48
2020-04-10,1184.65,1093.74,990.00,956.15,485.00,446.04
2020-04-13,1175.00,1089.55,980.00,975.07,475.00,446.27
2020-04-14,1170.00,1077.63,980.00,965.02,475.00,435.62
2020-04-16,1170.00,1075.62,979.23,971.05,465.00,435.91
2020-04-17,1155.00,1072.16,975.00,957.22,460.00,435.40
2020-04-20,1150.00,1068.94,970.00,969.50,450.00,437.79
2020-04-21,1140.00,1046.78,960.00,935.63,440.00,421.56
2020-04-22,1114.86,1048.79,933.80,938.16,415.00,418.94
2020-04-23,1110.00,1056.71,930.00,939.97,415.00,418.79
2020-04-24,1111.94,1061.20,931.35,930.93,415.00,416.17
2020-04-27,1111.18,1053.97,930.90,939.36,415.00,417.12
2020-04-28,1110.00,1039.35,929.82,904.96,415.00,396.93
2020-04-29,1091.94,1110.34,913.16,920.85,415.00,
2020-05-04,,,905.00,902.84,,
2020-05-06,1096.32,1124.57,915.06,964.66,415.00,384.00
2020-05-07,1102.73,1033.09,917.41,922.01,415.00,384.00
2020-05-08,1090.00,1033.81,909.86,880.63,415.00,384.50
2020-05-11,1090.00,1034.27,909.56,908.40,415.00,397.80
2020-05-12,1121.67,1083.81,949.53,914.50,453.61,391.09
2020-05-13,1100.00,1084.63,939.47,926.85,450.00,419.71
2020-05-14,1100.00,1084.96,948.79,924.97,450.00,419.75
2020-05-15,1119.76,1078.73,960.47,919.43,458.33,420.08
2020-05-18,1099.21,1089.55,943.24,949.12,458.62,420.34
2020-05-19,1095.00,1117.60,940.00,939.38,450.00,423.23
2020-05-20,1110.00,1127.30,950.00,956.11,465.00,423.14
2020-05-21,1159.70,1121.54,965.83,940.31,465.00,423.36
2020-05-22,1130.00,1125.38,970.00,937.42,470.00,423.44
2020-05-25,1150.95,1116.26,988.11,946.84,485.00,423.99
2020-05-26,1160.00,1176.77,980.00,995.29,480.00,448.12
2020-05-27,1168.85,1179.61,986.96,991.32,482.86,448.45
2020-05-28,1160.00,1167.30,982.66,997.15,480.00,448.76
2020-05-29,1195.67,1165.03,986.84,976.63,480.00,448.57
2020-06-01,1160.00,1159.82,980.00,996.88,490.00,448.62
2020-06-02,1160.00,1162.44,980.00,991.43,490.00,451.42
2020-06-03,1198.46,1195.99,980.00,1012.30,490.00,451.94
2020-06-04,1160.00,1174.89,980.00,1006.90,490.00,456.08
2020-06-05,1160.00,1174.22,980.00,997.95,490.00,454.44
2020-06-08,1195.83,1178.48,1022.84,1029.29,490.00,452.40
2020-06-09,1180.00,1199.92,1020.00,1024.99,490.00,468.58
2020-06-10,,1211.41,1020.00,1032.27,490.00,469.84
2020-06-11,1180.00,1209.76,1020.00,1032.25,490.00,471.52
2020-06-12,1220.86,1209.94,1026.04,1020.93,,471.63
2020-06-15,1180.00,1206.38,1020.00,1020.90,490.00,471.19
2020-06-16,1195.26,1225.94,1024.37,1038.44,490.00,483.00
2020-06-17,1180.00,1206.00,1020.00,1044.74,490.00,478.88
2020-06-18,1185.33,1237.98,1021.77,1051.18,490.00,478.46
2020-06-19,1182.20,1230.44,1021.42,1037.92,490.00,482.99
2020-06-22,1220.00,1226.19,1020.00,1045.30,535.00,479.51
2020-06-23,1220.00,1247.16,1020.00,1060.34,535.00,489.93
2020-06-24,1220.00,1240.19,1029.17,1042.11,535.00,488.75
2020-06-25,1240.00,1241.59,1040.00,1046.76,,489.59
2020-06-26,1240.00,1241.35,1040.00,1050.33,535.00,489.78
2020-06-29,1246.92,1240.75,1044.02,1048.52,570.00,489.14
2020-06-30,1240.00,1250.43,1040.00,1051.66,570.00,524.19
2020-07-01,1240.00,1250.73,1040.00,1050.10,570.00,524.77
2020-07-02,1240.00,1252.22,1040.00,1056.16,570.00,524.86
2020-07-03,1240.00,1250.76,1040.00,1057.91,570.00,524.52
2020-07-06,1240.00,1247.54,1040.00,1062.38,570.00,525.21
2020-07-07,1250.00,1235.79,1050.00,1061.68,,523.87
2020-07-08,1250.00,1235.90,1050.00,1064.86,580.00,524.27
2020-07-09,1250.00,1237.62,1050.00,1062.97,580.00,525.50
2020-07-10,1252.50,1233.71,1050.88,1058.64,580.00,524.65
2020-07-13,1250.00,1240.43,1050.00,1068.04,600.00,524.56
2020-07-14,1250.53,1249.43,1050.00,1067.55,580.00,549.93
2020-07-15,1250.42,1251.98,1050.32,1069.73,580.00,550.79
2020-07-16,1247.25,1237.81,1046.25,1070.03,580.00,550.44
2020-07-17,1245.63,1250.36,1045.44,1063.24,580.00,551.30
2020-07-20,1245.00,1255.51,1045.00,1071.70,580.00,551.26
2020-07-21,1246.82,1246.97,1047.04,1064.70,580.00,531.89
2020-07-22,1245.00,1244.59,1045.00,1064.78,580.00,531.41
2020-07-23,1246.60,1244.74,1045.66,1066.60,580.00,531.48
2020-07-24,1246.48,1246.08,1046.53,1064.21,580.00,532.67
2020-07-27,1246.36,1248.11,1045.95,1068.49,580.00,531.51
2020-07-28,1245.95,1245.27,1045.63,1072.42,580.00,533.39
2020-07-29,1245.00,1250.45,1045.00,1072.53,580.00,534.22
2020-07-30,1248.00,1247.95,1046.15,1067.33,590.00,532.37
2020-07-31,1245.77,1245.84,1045.73,1068.13,580.00,534.17
2020-08-03,1245.00,1255.31,1045.00,1053.53,580.00,532.99
2020-08-04,1245.00,1236.64,1045.00,1059.76,580.00,529.05
2020-08-05,1250.00,1233.47,1070.00,1058.22,585.00,531.87
2020-08-06,1250.00,1229.29,1070.00,1059.86,585.00,529.32
2020-08-07,1252.11,1230.84,1070.72,1060.19,585.00,531.76
2020-08-10,1250.00,1232.77,1060.00,1068.03,585.00,529.72
2020-08-11,1250.00,1240.32,1060.00,1066.67,585.00,530.87
2020-08-12,1250.00,1244.82,1060.00,1066.45,585.00,532.35
2020-08-13,1250.00,1245.77,1059.90,1065.16,585.00,537.07
2020-08-14,,1240.36,,1056.12,,538.06
2020-08-18,1250.00,1257.63,1050.00,1060.83,585.00,535.09
2020-08-19,1250.00,1252.55,1050.00,1054.15,585.00,535.65
2020-08-20,1250.00,1251.93,1050.00,1053.74,585.00,535.34
2020-08-21,1250.00,1252.13,1050.00,1049.98,585.00,534.54
2020-08-24,1250.00,1251.39,1050.00,1051.06,585.00,535.12
2020-08-25,1250.00,1257.13,1050.00,1057.28,585.00,533.46
2020-08-26,1250.00,1258.92,1050.00,1055.45,585.00,533.68
2020-08-27,1250.00,1256.66,1050.00,1055.05,585.00,531.13
2020-08-28,1249.48,1256.86,1049.75,1053.14,585.00,532.49
2020-08-31,1249.34,1257.34,1049.37,1057.19,585.00,533.52
2020-09-01,1250.00,1260.79,1050.00,1055.84,585.00,530.18
2020-09-02,1250.00,1260.13,1050.00,1053.59,,529.04
2020-09-03,1250.00,1258.92,1050.00,1034.41,585.00,529.94
2020-09-04,1250.00,1261.86,1050.00,1053.35,585.00,535.85
2020-09-07,1260.00,1263.62,1070.00,1060.99,595.00,529.37
2020-09-08,1259.71,1259.70,1066.67,1059.27,,548.16
2020-09-09,1260.00,1257.13,1070.00,1044.67,595.00,550.53
2020-09-10,1257.65,1258.14,1064.84,1043.49,595.00,549.67
2020-09-11,1259.71,1254.64,1067.78,1038.05,595.00,549.09
2020-09-14,1260.00,1255.75,1070.00,1039.10,595.00,551.08
2020-09-15,1248.05,1231.89,1038.60,1009.41,575.00,545.11
2020-09-16,1250.00,1232.59,1041.16,1016.14,575.00,541.93
2020-09-17,1242.58,1233.29,1015.35,1011.24,535.00,543.68
2020-09-18,1240.00,1229.64,1010.31,1004.84,535.00,543.76
2020-09-21,1237.97,1231.22,1010.25,1007.01,535.00,544.66
2020-09-22,1240.00,1241.85,1010.00,1007.10,550.00,524.45
2020-09-23,1240.00,1240.98,1010.00,1009.81,550.00,522.73
2020-09-24,1240.00,1240.72,1010.00,1005.97,550.00,524.08
2020-09-25,1238.73,1238.17,1012.92,1002.22,550.00,531.35
2020-09-28,1240.00,1240.09,1010.00,1010.61,550.00,529.11
2020-09-29,1232.50,1239.82,1002.20,999.44,550.00,507.15
2020-10-05,1235.00,1238.94,1000.00,1001.47,550.00,506.91
2020-10-06,1235.00,1243.95,1000.00,1005.35,550.00,514.80
2020-10-07,1235.00,1249.16,1000.00,1012.67,550.00,505.69
2020-10-08,1235.00,1248.00,1000.00,1004.02,550.00,510.16
2020-10-12,1250.52,1246.62,1015.95,1025.61,550.00,514.22
2020-10-13,1240.00,1247.18,1000.00,1007.67,510.00,513.15
2020-10-14,1255.00,1239.35,1013.98,1022.65,510.00,500.15
2020-10-15,1242.20,1243.74,1002.23,1007.84,510.00,503.18
2020-10-16,1230.00,1242.54,1020.00,1009.80,,501.68
2020-10-19,1220.94,1244.44,1001.31,1017.18,510.00,504.44
2020-10-20,1225.00,1233.29,1005.00,1014.45,520.00,513.75
2020-10-21,1225.00,1229.30,1005.00,1010.46,520.00,510.15
2020-10-22,1225.00,1228.64,1005.00,1009.68,520.00,510.39
2020-10-23,1227.80,1229.02,1006.86,1007.28,520.00,511.36
2020-10-26,1225.93,1230.40,1006.76,1008.33,520.00,510.22
2020-10-27,1226.97,1223.84,1007.55,999.94,520.00,508.43
2020-10-28,1227.76,1227.53,1009.32,1008.79,520.00,507.95
2020-10-29,1225.00,1229.33,1005.00,1004.57,520.00,508.37
2020-10-30,1224.35,1225.40,1005.58,998.48,520.00,506.90
2020-11-02,1200.00,1234.53,990.00,1002.80,500.00,510.29
2020-11-03,1208.00,1206.76,1006.35,991.89,500.00,489.09
2020-11-04,1199.00,1204.55,972.00,983.55,497.00,488.85
2020-11-05,1199.00,1204.65,972.00,989.52,497.00,480.23
2020-11-06,1199.00,1199.51,972.00,985.44,497.00,474.83
2020-11-09,1212.56,1199.75,992.49,1011.17,497.00,495.15
2020-11-10,1190.00,1203.09,977.00,1002.18,499.00,497.85
2020-11-11,1190.00,1199.31,977.00,991.23,499.00,494.64
2020-11-12,1196.25,1195.75,981.68,991.63,499.00,494.72
2020-11-13,1190.00,1196.15,977.00,984.14,499.00,494.61
2020-11-16,1190.00,1196.38,977.00,990.59,499.00,496.33
2020-11-17,1210.00,1218.09,1000.00,1007.46,505.00,509.01
2020-11-18,1213.68,1218.11,1002.42,1013.21,505.00,511.72
2020-11-19,1210.00,1218.48,1000.00,1009.70,505.00,512.09
2020-11-20,1217.86,1216.23,1008.35,1006.86,505.00,511.75
2020-11-23,1216.53,1216.91,1008.43,1010.87,505.00,509.52
2020-11-24,1210.86,1213.33,1005.28,1013.44,515.00,517.76
2020-11-25,1210.88,1220.57,1005.94,1029.96,515.00,518.38
2020-11-26,1221.02,1214.75,1015.68,1022.79,529.57,511.22
2020-11-27,1239.92,1215.15,1020.28,1015.58,529.42,515.99
2020-11-30,1232.38,1211.50,1027.87,1020.98,530.00,510.17
2020-12-01,1220.00,1240.83,1000.00,1037.84,520.00,538.42
2020-12-02,1220.00,1243.35,1026.60,1046.28,520.00,553.45
2020-12-03,1220.00,1239.10,1000.00,1049.64,520.00,563.03
2020-12-04,1236.67,1241.69,1007.41,1040.40,520.00,550.82
2020-12-07,1270.00,1245.38,1060.00,1043.43,530.00,542.36
2020-12-08,1270.00,1246.05,1060.00,1057.18,530.00,550.06
2020-12-09,1270.00,1255.83,1060.00,1061.54,530.00,548.00
2020-12-10,1277.10,1246.63,1070.00,1058.94,570.00,548.78
2020-12-11,1279.37,1244.00,1070.00,1046.63,570.00,552.86
2020-12-14,1280.00,1247.21,1070.00,1072.25,570.00,550.77
2020-12-15,1280.00,1253.08,1070.00,1066.36,570.00,544.59
2020-12-16,1281.67,1246.38,1073.95,1062.04,571.51,544.47
2020-12-17,1280.00,1251.45,1070.00,1054.46,570.00,548.19
2020-12-18,1280.00,1254.96,1070.72,1054.69,575.53,545.02
2020-12-21,1295.82,1248.65,1095.69,1064.08,620.67,543.59
2020-12-22,1290.00,1264.93,1090.00,1072.64,610.00,566.70
2020-12-23,1292.81,1267.11,1093.96,1085.27,610.00,562.69
2020-12-24,1290.00,1268.55,1090.00,1072.84,610.00,568.57
2020-12-28,1318.47,1272.55,1115.83,1092.43,612.13,567.54
2020-12-29,1311.25,1268.45,1111.77,1090.85,611.71,568.44
2020-12-30,,1267.05,,1083.52,,569.98
2021-01-04,1327.44,1270.84,1128.75,1084.62,618.25,563.62
2021-01-05,1310.00,1275.04,1110.00,1084.55,610.00,566.16
2021-01-06,1328.46,1272.02,1120.26,1083.04,613.90,572.57
2021-01-07,1310.00,1273.25,1110.00,1076.46,623.16,568.93
2021-01-08,1310.00,1273.05,1119.92,1076.08,628.04,569.44
2021-01-11,1320.00,1281.45,1128.13,1087.81,620.00,576.15
2021-01-12,1320.00,1288.01,1120.00,1096.01,626.67,579.86
2021-01-13,1311.00,1279.54,1120.00,1097.53,620.00,577.56
2021-01-14,1328.57,1290.88,1123.42,1091.12,620.00,576.19
2021-01-15,1320.00,1292.84,1120.00,1082.59,620.00,578.52
2021-01-18,1340.00,1297.77,1140.00,1099.19,640.00,578.52
2021-01-19,1343.33,1313.63,1141.30,1115.01,641.18,610.30
2021-01-20,1340.00,1319.64,1140.00,1121.88,640.00,612.41
2021-01-21,1340.00,1319.50,1140.00,1114.51,640.00,611.88
2021-01-22,1343.30,1315.58,1141.78,1107.14,640.00,612.33
2021-01-25,1343.39,1313.72,1143.10,1111.07,640.00,611.54
2021-01-26,1340.00,1311.33,1140.00,1107.45,640.00,610.71
2021-01-27,1343.13,1311.90,1144.54,1115.09,640.00,610.92
2021-01-28,1340.00,1320.25,1140.00,1116.93,640.00,611.13
2021-01-29,1340.00,1311.81,1140.16,1106.97,640.00,610.12
2021-02-01,1340.00,1325.20,1140.00,1127.20,640.00,611.36
2021-02-02,1327.21,1326.64,1140.00,1120.80,640.00,609.63
2021-02-03,1340.00,1323.72,1140.00,1117.86,640.00,610.95
2021-02-04,1340.00,1318.24,1140.00,1111.02,640.00,599.96
2021-02-05,1340.00,1321.27,1140.00,1109.76,640.00,612.51
2021-02-08,1342.76,1327.24,1143.26,1136.13,640.00,608.27
2021-02-09,1340.00,1345.69,1140.00,1143.35,640.00,637.00
2021-02-10,1340.00,1345.30,1140.00,1137.84,640.00,635.86
2021-02-15,1343.75,1355.25,1144.11,1154.87,640.66,635.09
2021-02-16,1368.03,1364.53,1168.92,1172.61,670.00,660.55
2021-02-17,1369.23,1364.96,1169.37,1168.83,669.89,660.61
2021-02-18,1370.00,1365.90,1170.00,1172.62,670.00,660.13
2021-02-19,1369.47,1363.72,1169.64,1166.55,669.73,660.20
2021-02-22,1368.78,1363.85,1169.58,1174.47,670.00,659.93
2021-02-23,1382.19,1383.85,1174.25,1180.48,685.00,673.64
2021-02-24,1385.00,1361.84,1175.00,1179.99,685.00,674.75
2021-02-25,1385.00,1385.19,1175.00,1184.19,685.00,675.08
2021-02-26,1384.38,1383.70,1175.48,1178.78,684.26,673.59
2021-03-02,1393.44,1402.85,1192.86,1195.78,691.62,680.77
2021-03-03,1395.93,1403.35,1185.00,1197.37,685.00,681.99
2021-03-04,1398.64,1413.84,1185.00,1217.20,685.00,686.41
2021-03-05,1403.75,1428.41,1189.32,1227.55,686.73,
2021-03-08,1401.57,1405.13,1195.00,1195.40,690.00,683.21
2021-03-09,1396.73,1420.80,1195.00,1198.59,690.00,681.64
2021-03-10,1404.73,1413.32,1195.00,1195.13,690.00,681.37
2021-03-11,1412.73,1413.17,1195.00,1192.35,690.00,681.51
2021-03-12,1425.74,1412.92,1220.83,1192.36,720.00,680.73
2021-03-15,1426.13,1412.93,1221.58,1202.86,720.00,681.85
2021-03-16,1440.00,1445.94,1230.00,1221.92,715.00,701.25
2021-03-17,1440.00,1443.91,1230.00,1218.09,715.00,702.91
2021-03-18,1439.09,1445.43,1230.00,1221.70,715.00,706.02
2021-03-19,1439.07,1436.54,1230.00,1214.33,715.00,705.18
2021-03-22,1460.00,1443.66,1254.12,1224.01,735.00,705.62
2021-03-23,1453.40,1448.23,1250.00,1217.67,735.00,696.08
2021-03-24,1460.00,1451.54,1250.00,1224.89,735.00,700.80
2021-03-25,1460.00,1453.47,1250.00,1220.64,735.00,700.41
2021-03-26,1460.00,1450.14,1250.00,1218.47,735.00,699.07
2021-03-29,1455.00,1451.65,1225.00,1216.83,705.00,701.55
2021-03-30,1441.91,1411.93,1235.76,1193.06,725.00,665.58
2021-03-31,1415.00,1414.88,1190.00,1199.69,685.00,664.16
2021-04-01,1426.04,1408.58,1190.00,1179.85,685.00,670.18
2021-04-02,1424.23,1405.80,1190.00,1168.45,685.00,668.15
2021-04-05,1413.35,1406.16,1200.91,1171.56,685.00,676.92
2021-04-06,1410.49,1424.25,1190.00,1172.51,685.00,664.06
2021-04-07,1412.95,1425.61,1180.00,1191.15,685.00,657.72
2021-04-08,1415.00,1424.03,1190.00,1174.10,685.00,665.15
2021-04-09,1420.32,1419.53,1130.00,1167.47,,660.84
2021-04-12,1415.00,1425.27,1190.00,1183.78,685.00,670.09
2021-04-13,1418.38,1412.10,1184.65,1136.83,685.00,652.06
2021-04-14,1415.00,1411.48,1190.00,1173.41,685.00,645.65
2021-04-15,1415.00,1410.53,1190.00,1151.64,685.00,645.68
2021-04-16,1415.00,1404.31,1190.00,1130.68,685.00,643.79
2021-04-19,1415.00,1414.94,1190.00,1138.38,685.00,646.82
2021-04-20,1417.88,1427.69,1182.44,1193.93,685.00,663.54
2021-04-21,1430.00,1419.32,1205.00,1159.17,690.00,663.00
2021-04-22,1430.00,1418.69,1205.00,1180.41,690.00,661.62
2021-04-23,1427.67,1419.83,1206.43,1178.02,690.00,661.75
2021-04-26,1430.00,1421.02,1205.00,1181.42,690.00,663.68
2021-04-27,1430.00,1429.07,1206.76,1189.78,690.00,675.45
2021-04-28,1430.11,1429.15,1205.00,1193.71,690.00,675.56
2021-04-29,1428.06,1429.94,1206.82,1199.81,690.00,674.75
2021-04-30,1430.00,1431.24,1205.00,1188.00,690.00,673.58
2021-05-03,1422.77,1427.06,1207.89,1181.76,690.00,669.73
2021-05-04,1431.16,1431.17,1205.00,1195.27,690.00,671.49
2021-05-06,1439.00,1433.29,,1207.86,,676.18
2021-05-07,1420.00,1429.17,1220.00,1190.65,720.00,683.30
2021-05-10,1430.00,1424.42,1207.76,1190.07,690.00,681.42
2021-05-11,1467.04,1449.79,1252.17,1211.33,720.00,698.47
2021-05-12,1480.00,1455.77,1255.00,1216.33,720.00,703.26
2021-05-13,1483.80,1463.68,1257.31,1241.09,,702.53
2021-05-14,1480.00,1465.80,1255.00,1229.28,720.00,706.32
2021-05-17,1475.25,1454.31,1254.69,1215.52,720.00,702.65
2021-05-18,1478.86,1446.95,1260.00,1220.23,760.00,695.33
2021-05-20,1480.00,1449.04,1260.00,1233.21,760.00,695.37
2021-05-21,1476.70,1445.59,1259.05,1220.93,760.00,696.67
2021-05-24,1480.00,1444.75,1260.00,1233.65,760.00,698.52
2021-05-25,1484.25,1453.25,1275.00,1238.66,770.00,700.07
2021-05-26,1471.51,1441.66,1271.04,1253.55,770.00,699.31
2021-05-27,1485.00,1451.92,1275.00,1235.78,770.00,695.83
2021-05-28,1481.74,1451.36,1272.15,1231.59,770.00,696.60
2021-05-31,1485.00,1449.77,1275.00,1258.65,770.00,700.20
2021-06-01,1480.00,1455.51,1270.00,1229.13,750.00,701.74
2021-06-02,1473.84,1453.00,1270.00,1236.66,750.00,705.12
2021-06-03,1473.79,1452.70,1271.69,1227.46,750.00,700.37
2021-06-04,1475.00,1453.43,1270.00,1228.05,750.00,707.90
2021-06-07,1475.97,1452.26,1272.86,1246.91,,706.64
2021-06-08,1523.75,1453.48,1315.00,1248.21,777.50,705.77
2021-06-09,1514.27,1468.32,1312.00,1249.63,785.00,704.13
2021-06-10,1525.00,1466.74,1315.00,1251.10,785.00,713.43
2021-06-11,1524.96,1459.20,1315.00,1241.16,785.00,715.50
2021-06-14,1524.04,1453.33,1314.70,1253.83,785.00,715.30
2021-06-15,1508.01,1468.23,1302.64,1257.65,765.00,717.79
2021-06-16,1515.00,1467.67,1305.00,1258.09,765.00,719.82
2021-06-17,1512.22,1468.45,1305.00,1253.01,765.00,715.71
2021-06-18,1510.26,1467.85,1303.74,1248.62,765.00,719.53
2021-06-21,1514.01,1472.52,1304.84,1254.43,765.00,720.72
2021-06-22,1521.50,1483.42,1314.52,1267.37,775.00,728.93
2021-06-23,1525.00,1494.54,1315.00,1290.17,775.00,725.82
2021-06-24,1522.19,1489.16,1315.00,1269.40,775.00,728.28
2021-06-25,1521.87,1494.77,1313.98,1273.60,775.00,734.25
2021-06-28,1498.68,1498.66,1300.00,1321.45,,727.33
2021-06-29,1520.00,1514.17,1309.80,1282.16,783.75,742.71
2021-06-30,1516.34,1485.64,1308.18,1263.59,780.00,735.45
2021-07-01,1520.00,1515.84,1310.00,1286.63,785.00,741.63
2021-07-02,1510.45,1509.72,1306.63,1275.42,785.00,745.83
2021-07-05,1520.00,1508.46,1310.00,1284.93,,741.19
2021-07-06,1570.00,1518.17,1355.00,1279.03,805.00,744.56
2021-07-07,1550.17,1533.17,1355.00,1295.50,,736.63
2021-07-08,1547.01,1531.55,1355.00,1289.37,805.00,738.31
2021-07-09,1564.47,1520.37,1355.69,1280.42,805.00,742.66
2021-07-12,1548.57,1528.58,1355.00,1282.93,805.00,737.11
2021-07-13,1555.00,1540.96,1355.00,1322.82,,748.44
2021-07-14,1570.77,1542.57,1355.77,1312.84,800.00,747.34
2021-07-15,1568.38,1540.05,1355.39,1308.20,800.00,749.70
2021-07-16,1567.39,1537.08,1355.39,1296.71,800.00,747.69
2021-07-19,1565.00,1539.44,1355.00,1311.39,800.00,747.34
2021-07-20,1560.00,1538.80,1340.00,1315.51,795.00,753.12
2021-07-21,1560.00,1539.97,1340.00,1314.70,795.00,752.27
2021-07-22,1559.33,1536.43,1326.37,1318.64,795.00,754.12
2021-07-23,1559.02,1542.03,1340.40,1317.00,795.00,753.66
2021-07-26,1560.00,1541.70,1340.00,1327.89,795.00,753.58
2021-07-27,1555.00,1520.54,1330.00,1302.49,795.00,742.35
2021-07-28,1555.00,1528.04,1330.00,1307.11,,746.27
2021-07-29,1555.00,1524.97,1332.48,1310.03,795.00,738.57
2021-07-30,1555.00,1520.58,1331.13,1300.15,795.00,737.25
2021-08-02,1555.00,1517.21,1330.00,1299.78,,734.33
2021-08-03,1538.07,1541.47,1325.00,1322.15,800.00,752.20
2021-08-04,1548.39,1541.67,1325.00,1313.37,,752.87
2021-08-05,1542.23,1544.13,1325.00,1318.73,800.00,751.45
2021-08-06,1549.21,1541.44,1327.62,1313.36,800.00,753.89
2021-08-09,1538.64,1542.06,1325.00,1324.35,800.00,751.83
2021-08-10,1560.00,1525.59,1340.00,1306.54,805.00,742.88
2021-08-11,1558.23,1527.62,1339.41,1320.26,805.00,739.04
2021-08-12,1560.00,1537.02,1340.00,1329.15,805.00,748.29
2021-08-13,,1529.39,,1306.28,,745.34
2021-08-17,1544.36,1519.40,1324.64,1299.46,805.00,737.94
2021-08-18,1545.00,1519.51,1325.00,1292.48,805.00,741.87
2021-08-19,1545.00,1518.16,1325.00,1299.99,805.00,740.80
2021-08-20,1545.00,1518.42,1325.00,1292.54,805.00,737.41
2021-08-23,1542.69,1517.63,1323.45,1303.05,805.00,736.46
2021-08-24,1545.00,1501.06,1325.00,1275.72,800.00,738.57
2021-08-25,1545.00,1504.21,1325.00,1278.14,800.00,735.59
2021-08-26,1546.82,1503.50,1325.55,1276.45,800.00,735.52
2021-08-27,1543.73,1501.67,1324.37,1269.34,800.00,736.87
2021-08-30,1545.00,1506.67,1325.00,1284.85,800.00,735.74
2021-08-31,1526.29,1504.41,1305.62,1296.49,805.00,733.81
2021-09-01,1502.94,1504.36,1305.00,1305.50,805.00,735.08
2021-09-02,1501.39,1503.15,1305.00,1294.57,805.00,735.61
2021-09-03,1506.82,1503.45,1305.00,1294.95,805.00,736.39
2021-09-06,1511.18,1502.38,1305.00,1306.11,805.00,733.36
2021-09-07,1560.00,1508.75,1345.00,1316.49,815.00,748.05
2021-09-08,1560.00,1511.30,1345.00,1330.48,815.00,751.78
2021-09-09,1560.00,1517.81,1345.00,1326.83,815.00,752.45
2021-09-10,1559.56,1514.40,1345.00,1317.93,815.00,751.84
2021-09-13,1544.36,1511.14,1335.13,1327.02,815.00,752.85
2021-09-14,1565.00,1516.88,1350.00,1329.54,820.00,760.12
2021-09-15,1565.00,1516.20,1350.00,1324.18,820.00,760.69
2021-09-16,1560.13,1509.84,1349.53,1322.30,820.00,759.69
2021-09-17,1565.00,1515.42,1350.00,1319.61,820.00,760.17
2021-09-23,1550.00,1551.40,1340.00,1353.47,810.00,796.50
2021-09-24,1550.00,1542.73,1340.00,1345.84,810.00,791.37
2021-09-27,1550.00,1543.21,1340.00,1342.93,810.00,789.30
2021-09-28,1570.00,1563.02,1360.00,1374.18,835.00,812.81
2021-09-29,1562.61,1564.67,1357.61,1376.56,835.00,814.85
2021-09-30,1570.00,1557.88,1360.00,1361.16,835.00,813.96
2021-10-01,1570.00,1559.09,1360.00,1368.64,835.00,815.40
2021-10-05,1591.08,1579.50,1385.63,1399.32,840.00,846.25
2021-10-06,1595.00,1590.83,1385.00,1411.16,840.00,854.99
2021-10-07,1595.00,1596.23,1385.00,1415.06,840.00,846.92
2021-10-08,1595.00,1584.31,1385.00,1403.21,840.00,854.19
2021-10-12,1655.00,1611.32,1455.00,1437.44,890.00,877.06
2021-10-13,1655.00,1622.81,1455.00,1455.04,890.00,900.42
2021-10-14,1645.52,1629.85,1449.77,1458.86,890.00,907.59
2021-10-15,,1629.70,,1446.43,,906.28
2021-10-18,1655.00,1618.80,1455.00,1443.84,890.00,895.22
2021-10-19,1665.33,1674.78,1472.90,1478.42,940.00,931.65
2021-10-20,1680.00,1674.24,1480.00,1480.13,940.00,933.64
2021-10-21,1680.00,1674.36,1480.00,1482.75,940.00,934.34
2021-10-22,1675.87,1673.19,1477.74,1476.39,943.40,933.83
2021-10-25,1680.00,1673.67,1480.00,1486.83,945.31,932.83
2021-10-26,1695.00,1686.32,1495.00,1478.92,946.54,937.81
2021-10-27,1695.00,1688.06,1494.94,1484.30,946.91,937.68
2021-10-28,1695.00,1688.98,1495.00,1485.15,940.00,938.08
2021-10-29,1688.04,1688.10,1490.98,1477.26,940.00,938.35
2021-11-01,1691.67,1687.78,1495.00,1488.99,948.00,935.45
2021-11-02,1711.05,1714.57,1500.00,1483.09,985.00,937.25
2021-11-03,1657.70,1717.77,1500.00,1491.81,985.00,938.51
2021-11-04,1669.47,1721.78,1500.00,1497.69,985.00,935.88
2021-11-05,1653.31,1716.69,1465.38,1470.39,,921.00
2021-11-08,1668.89,1715.83,1484.54,1491.09,985.00,938.21
2021-11-09,1736.67,1710.68,1540.00,1471.97,1005.00,923.61
2021-11-10,1760.00,1710.30,1540.00,1482.38,1005.00,925.19
2021-11-11,1737.09,1702.19,1531.65,1460.57,1005.00,922.70
2021-11-12,1596.00,1540.40,1424.00,1343.30,1005.00,920.97
2021-11-15,1596.00,1538.72,1424.00,1367.08,1005.00,922.37
2021-11-16,1595.00,1526.56,1425.00,1357.42,1005.00,924.56
2021-11-17,1595.00,1529.72,1425.00,1366.92,1005.00,927.78
2021-11-18,1595.00,1530.86,1425.00,1362.88,1005.00,925.96
2021-11-19,1585.36,1531.60,1418.71,1352.82,1005.00,924.80
2021-11-22,1595.00,1527.42,1425.00,1363.47,1005.00,926.76
2021-11-23,1580.00,1490.11,1390.00,1346.73,1005.00,922.30
2021-11-24,1580.00,1507.27,1390.00,1339.77,1005.00,919.66
2021-11-25,1576.28,1503.36,1386.52,1343.86,1005.00,920.87
2021-11-26,1580.00,1494.71,1390.00,1325.48,1005.00,920.00
2021-11-29,1580.00,1501.12,1390.00,1342.82,1005.00,920.29
2021-11-30,1550.00,1457.48,1360.00,1319.69,975.00,920.45
2021-12-01,1550.00,1463.37,1360.00,1342.93,975.00,918.23
2021-12-02,1550.00,1459.52,1360.00,1327.47,975.00,917.55
2021-12-03,1546.81,1454.85,1354.90,1312.63,975.00,919.08
2021-12-06,1550.00,1440.22,1360.00,1361.76,975.00,913.89
2021-12-07,1530.00,1457.02,1340.00,1305.14,930.00,898.62
2021-12-08,1530.00,1423.29,1340.00,1295.39,930.00,898.43
2021-12-09,1529.64,1429.37,1338.37,1304.08,930.00,898.36
2021-12-10,1530.00,1423.19,1340.00,1271.31,930.00,897.65
2021-12-13,1530.00,1424.38,1340.00,1293.27,930.00,898.20
2021-12-14,1466.71,1402.69,1285.00,1271.43,844.08,850.61
2021-12-15,1465.00,1399.76,1285.00,1272.92,840.00,847.75
2021-12-16,1471.39,1401.50,1287.49,1270.24,840.00,848.11
2021-12-17,1469.67,1401.30,1286.96,1259.85,840.00,846.42
2021-12-20,1465.00,1399.16,1285.00,1271.02,840.00,846.98
2021-12-21,1467.61,1416.17,1280.00,1281.47,860.00,857.59
2021-12-22,1463.41,1417.17,1280.00,1280.23,863.00,854.84
2021-12-23,1463.33,1430.37,1280.00,1278.74,860.00,854.36
2021-12-24,1463.19,1406.03,1280.00,1275.34,862.14,855.34
2021-12-27,1461.12,1415.02,1278.79,1288.22,860.00,854.27
2021-12-28,1466.00,1419.24,1280.00,1274.97,860.00,841.36
2021-12-29,1480.13,1420.26,1285.94,1288.03,861.38,842.23
2021-12-30,1461.54,1413.00,1280.00,1261.00,860.00,837.00
2022-01-03,1460.00,1412.06,1280.00,1264.11,860.00,836.11
2022-01-04,1500.00,1447.60,1300.00,1303.07,880.00,844.54
2022-01-05,1495.00,1451.84,1300.00,1308.86,880.00,865.18
2022-01-06,1495.00,1450.47,1300.00,1316.61,880.00,868.59
2022-01-07,1495.00,1450.92,1300.00,1305.38,880.00,867.67
2022-01-10,1491.09,1455.28,1300.00,1323.39,880.00,860.61
2022-01-11,1494.78,1464.45,1340.00,1340.15,920.00,889.05
2022-01-12,1509.50,1466.52,1340.00,1350.42,920.00,896.27
2022-01-13,1523.23,1484.68,1340.00,1344.78,920.00,890.30
2022-01-14,1530.20,1472.09,1346.96,1327.80,920.00,892.35
2022-01-17,1529.35,1469.61,1348.20,1349.88,920.00,890.54
2022-01-18,1545.00,1490.48,1380.00,1373.82,940.00,944.55
2022-01-19,1543.45,1491.23,1384.63,1380.04,948.24,947.36
2022-01-20,1545.00,1507.87,1378.49,1386.39,940.00,947.52
2022-01-21,1545.21,1490.79,1379.55,1368.68,940.54,947.86
2022-01-24,1545.00,1481.81,1380.00,1384.52,940.00,947.82
2022-01-25,1570.00,1517.21,1404.74,1399.44,1010.00,975.75
2022-01-26,1570.00,1522.70,1415.00,1417.55,1010.00,974.80
2022-01-27,1570.00,1550.61,1414.30,1408.64,1010.00,974.27
2022-01-28,1566.81,1517.54,1416.48,1398.69,1010.00,975.47
2022-02-03,1585.00,1539.71,1425.00,1420.97,1040.00,989.98
2022-02-04,1585.00,1542.05,1425.00,1420.83,1040.00,991.61
2022-02-07,1594.33,1562.32,1425.00,1434.63,1040.00,989.84
2022-02-08,1625.00,1576.63,1475.00,1468.74,1065.00,1032.98
2022-02-09,1625.00,1579.21,1475.00,1473.32,1065.00,1033.53
2022-02-10,1625.00,1580.23,1475.00,1476.00,1065.00,1033.30
2022-02-11,1625.00,1580.73,1475.00,1460.35,1065.00,1032.76
2022-02-14,1625.00,1578.46,1475.00,1475.55,1065.00,1033.90
2022-02-15,1605.00,1599.77,1465.00,1475.84,1065.00,1033.52
2022-02-16,1605.00,1598.11,1465.00,1478.59,1065.00,1032.41
2022-02-17,1625.40,1602.25,1480.09,1483.03,1066.20,1034.17
2022-02-18,1611.30,1600.09,1475.51,1467.56,1065.00,1032.72
2022-02-21,1614.84,1598.86,1476.06,1482.87,1064.00,1035.20
2022-02-22,1625.00,1605.34,1485.00,1494.00,1085.00,1043.18
2022-02-23,1625.10,1621.69,1485.00,1495.99,1085.00,1041.61
2022-02-24,1625.00,1621.21,1485.00,1488.39,1085.00,1042.92
2022-02-25,1626.95,1618.94,1486.31,1482.15,1077.50,1043.91
2022-02-28,1625.00,1617.30,1485.00,1479.38,1085.00,1043.53
2022-03-02,1655.00,1643.41,1520.00,1518.11,1115.00,1076.55
2022-03-03,1643.10,1644.10,1509.69,1531.94,1096.43,1075.74
2022-03-04,1655.00,1642.73,1520.00,1507.20,1115.00,1070.22
2022-03-07,1734.87,1637.47,1520.00,1631.19,1115.00,1053.67
2022-03-08,1825.77,1734.62,1665.00,1644.94,1225.00,1165.56
2022-03-10,1820.61,1741.85,1692.44,1697.86,1235.37,1176.86
2022-03-11,1811.30,1738.79,1665.00,1661.97,1225.00,1177.48
2022-03-14,1792.40,1739.49,1665.00,1679.90,1225.00,1183.84
2022-03-15,1950.00,1900.13,1830.00,1827.42,1325.00,1342.50
2022-03-16,1950.00,1900.59,1945.00,1880.79,1365.00,1358.39
2022-03-17,1895.00,1900.39,1850.00,1868.55,1315.00,1344.08
2022-03-18,1882.42,1899.80,1843.70,1858.43,1315.00,1350.60
2022-03-21,1895.00,1899.10,1850.00,1861.78,1315.00,1342.57
2022-03-22,1869.29,1804.25,1800.00,1767.02,1310.00,1244.55
2022-03-23,1855.00,1792.66,1800.00,1752.55,,1225.51
2022-03-24,1855.00,1790.26,1800.00,1735.66,1310.00,1221.18
2022-03-25,1849.17,1784.69,1794.67,1723.76,1310.00,1239.73
2022-03-28,1854.03,1785.82,1798.08,1741.06,1310.00,1233.06
2022-03-29,1820.00,1801.91,1770.00,1820.54,1300.00,1363.35
2022-03-30,1820.00,1815.84,1770.00,1814.19,,1351.74
2022-03-31,1820.00,1809.51,1770.00,1818.39,1300.00,1361.92
2022-04-01,1820.00,1818.34,1770.00,1816.60,1300.00,1362.29
2022-04-04,1820.00,1816.19,1770.00,1819.48,1300.00,1354.96
2022-04-05,1785.00,1762.47,1755.00,1787.49,1265.00,1318.15
2022-04-06,1785.00,1760.38,1755.00,1798.98,1265.00,1326.36
2022-04-07,1779.92,1772.02,1755.00,1794.13,1265.00,1338.58
2022-04-08,1779.30,1766.51,1770.00,1781.62,,1337.35
2022-04-11,1764.80,1754.32,1755.00,1768.48,1265.00,1318.54
2022-04-12,1736.81,1730.92,1685.00,1770.03,1265.00,1268.96
2022-04-13,1715.00,1728.91,1685.00,1778.51,1265.00,1257.63
2022-04-14,1733.75,1723.65,1711.47,1764.86,1265.00,1262.86
2022-04-15,1722.18,1732.36,1697.78,1758.15,1265.00,1261.10
2022-04-18,1715.00,1726.22,1685.00,1768.51,1265.00,1262.51
2022-04-19,1749.22,1752.84,1719.53,1813.58,1289.17,1271.77
2022-04-20,1735.00,1761.36,1705.00,1819.62,1285.00,1273.17
2022-04-21,1735.00,1759.96,1705.00,1821.68,1285.00,1273.37
2022-04-22,1735.00,1759.67,1705.00,1816.32,1285.00,1273.83
2022-04-25,1735.00,1759.10,1705.00,1837.77,,1258.62
2022-04-26,1770.00,1802.77,1790.00,1855.39,,1336.32
2022-04-27,1770.00,1800.06,1790.00,1865.76,1305.00,1328.18
2022-04-28,1795.00,1798.67,1818.16,1876.57,1305.00,1328.97
2022-04-29,1770.00,1794.38,1790.00,1842.13,1305.00,1307.24
2022-05-02,1687.00,1721.06,1732.00,1810.95,1305.00,1348.06
2022-05-03,1710.00,1780.21,1810.00,1872.39,1365.00,1357.73
2022-05-04,1717.14,1810.34,1820.19,1896.48,1365.00,1371.01
2022-05-06,,1801.00,,1885.00,,1340.00
2022-05-09,1710.00,1789.34,1810.00,1872.93,,1335.84
2022-05-10,1806.43,1832.13,1910.00,1940.38,1470.00,1453.86
2022-05-11,1806.44,1835.56,1910.00,1942.83,,1450.99
2022-05-12,1837.50,1829.56,1905.89,1939.68,1470.00,1453.39
2022-05-13,1805.00,1834.88,1910.00,1930.96,1470.00,1457.25
2022-05-16,1805.00,1835.36,1910.00,1943.18,1470.00,1462.25
2022-05-17,1825.00,1831.02,1885.00,1914.62,1415.00,1448.86
2022-05-18,1825.00,1851.27,1885.00,1907.92,1415.00,1423.56
2022-05-19,1831.32,1854.05,1892.94,1895.14,1433.33,1422.44
2022-05-20,1827.67,1854.96,1890.08,1885.48,1415.00,1422.26
2022-05-23,1825.00,1852.23,1889.41,1880.65,1415.00,1417.46
2022-05-24,1890.52,1926.86,1850.92,1848.63,1385.00,1357.81
2022-05-25,1884.35,1943.05,1845.00,1845.13,1385.00,1365.86
2022-05-26,1885.00,1936.02,1845.00,1847.84,1385.00,1359.11
2022-05-27,1885.00,1938.57,1845.00,1827.18,1385.00,1364.35
2022-05-30,1903.20,1936.65,1846.53,1856.74,1385.00,1360.63
2022-05-31,1910.00,1893.57,1855.00,1838.34,1440.00,1404.19
2022-06-02,1918.91,1893.94,1860.00,1867.20,1440.00,1394.45
2022-06-03,1910.00,1890.15,1855.00,1835.50,1440.00,1400.20
2022-06-07,1935.25,1925.41,1936.00,1958.06,1490.00,1489.99
2022-06-08,1951.20,1924.62,1920.00,1945.60,1490.00,1480.71
2022-06-09,1940.87,1930.43,1920.00,1968.99,1490.00,1482.43
2022-06-10,1933.18,1926.65,1920.00,1935.88,1490.00,1482.17
2022-06-13,1950.73,1925.00,1965.38,1970.02,1490.00,1479.39
2022-06-14,1975.42,1961.73,2020.68,2037.21,1520.00,1557.94
2022-06-15,1940.00,1966.59,2013.13,2051.72,1520.00,1553.67
2022-06-16,1940.00,1968.73,2010.00,2051.47,1520.00,1552.34
2022-06-17,1947.40,1966.16,2011.89,2031.61,1527.31,1558.12
2022-06-20,1947.65,1983.19,2018.66,2041.38,1520.00,1555.23
2022-06-21,1964.74,1986.41,2041.92,2081.44,1573.75,1597.25
2022-06-22,1962.93,1994.73,2041.48,2082.51,1560.00,1600.39
2022-06-23,1960.00,1981.03,2040.00,2096.82,1560.00,1615.71
2022-06-24,1963.10,1994.50,2047.14,2109.43,1560.00,1640.36
2022-06-27,2025.00,2014.75,2065.00,2100.87,,1669.84
2022-06-28,2025.00,1971.55,2065.00,2133.09,,1628.04
2022-06-29,1966.34,1981.42,2058.03,2075.90,1580.00,1589.92
2022-06-30,1960.00,1985.36,2055.00,2105.42,1580.00,1629.00
2022-07-01,1900.00,1938.49,2015.00,2084.61,1580.00,1646.32
2022-07-04,1903.53,1953.34,2016.45,2079.51,1580.00,1648.63
2022-07-05,1910.00,1926.24,2015.65,2025.03,1550.00,1550.47
2022-07-06,1863.41,1927.64,1966.94,2008.57,1560.00,1554.87
2022-07-07,1837.76,1859.48,1956.05,2010.13,1560.00,1520.66
2022-07-08,1823.32,1869.97,1936.20,1997.69,1500.00,1506.93
2022-07-11,1815.49,1877.66,1930.45,1997.88,1500.00,1535.64
2022-07-12,1750.00,1735.50,1860.00,1849.62,1410.00,1430.06
2022-07-13,1786.10,1769.81,1887.37,1852.98,1410.00,1399.56
2022-07-14,1764.50,1773.24,1858.31,1852.03,1410.00,1406.50
2022-07-15,1752.68,1733.76,1851.50,1848.39,1500.00,1401.39
2022-07-18,1749.93,1734.65,1845.76,1877.19,1410.00,1404.29
2022-07-19,1690.00,1628.74,1810.00,1831.95,1410.00,1405.12
2022-07-20,1690.00,1671.02,1810.00,1802.60,1410.00,1402.92
2022-07-21,1695.00,1628.88,1811.56,1815.65,1410.00,1388.40
2022-07-22,1693.17,1625.02,1813.71,1799.90,1410.00,1383.99
2022-07-25,1694.72,1675.42,1812.05,1805.52,,1386.32
2022-07-26,1620.00,1594.78,1750.00,1787.98,1350.00,1353.39
2022-07-27,1620.00,1624.66,1750.00,1754.96,1350.00,1349.21
2022-07-28,1620.00,1587.27,1750.00,1768.04,,1348.59
2022-07-29,1620.00,1577.64,1750.00,1750.72,1350.00,1349.15
2022-08-01,1701.00,1677.38,1829.29,1754.73,1350.00,1350.73
2022-08-02,1638.33,1570.21,1772.97,1762.28,,1330.16
2022-08-03,1580.00,1619.56,1730.00,1731.31,,1334.55
2022-08-04,1622.00,1570.49,1737.25,1736.41,,1330.06
2022-08-05,1592.16,1572.50,1735.06,1735.52,1330.00,1338.80
2022-08-08,1609.11,1572.26,1738.41,1777.57,1330.00,1330.43
2022-08-09,1566.33,1522.79,1660.00,1680.25,1310.00,1293.99
2022-08-10,1574.08,1578.18,1691.48,1660.04,1350.00,1286.79
2022-08-11,1537.27,1553.58,1668.33,1709.65,1310.00,1273.45
2022-08-12,1579.26,1535.30,1698.33,1669.34,,1272.19
2022-08-16,1543.56,1526.00,1631.55,1657.16,,1287.48
2022-08-17,1520.00,1517.43,1620.00,1641.36,1270.00,1271.32
2022-08-18,1533.09,1529.36,1635.48,1645.52,1270.00,1271.59
2022-08-19,1532.50,1517.78,1638.80,1630.71,1270.00,1271.47
2022-08-22,1521.98,1528.46,1624.16,1639.17,1296.67,1270.65
2022-08-23,1571.54,1531.09,1676.75,1665.71,1320.00,1323.29
2022-08-24,1570.00,1574.20,1670.00,1672.20,1320.00,1329.48
2022-08-25,1573.67,1535.17,1673.85,1685.58,1320.00,1336.55
2022-08-26,1574.97,1536.51,1673.68,1673.05,1320.88,1329.87
2022-08-29,1576.49,1571.26,1677.96,1673.43,1325.19,1328.61
2022-08-30,1590.00,1599.75,1780.00,1805.00,1420.00,1428.58
2022-08-31,1590.00,1636.08,1780.00,1810.56,,1446.15
2022-09-01,,1600.27,1796.23,1813.64,1446.67,1442.31
2022-09-02,1590.00,1600.66,1780.00,1817.06,1420.00,1443.87
2022-09-05,1554.55,1616.83,1780.00,1799.56,,1432.00
2022-09-06,1500.00,1525.31,1760.00,1804.17,1400.00,1445.00
2022-09-07,1522.20,1558.30,1763.00,1786.41,1400.00,1443.43
2022-09-08,1547.73,1519.28,1768.87,1787.74,1400.00,1445.30
2022-09-13,1514.29,1519.86,1770.00,1827.64,1410.00,1411.75
2022-09-14,1552.72,1566.38,1755.74,1783.64,,1418.96
2022-09-15,1543.26,1533.33,1739.26,1779.61,1360.00,1388.77
2022-09-16,1523.19,1519.67,1710.53,1764.66,1320.00,1395.22
2022-09-19,1504.92,1551.93,1693.57,1739.03,1310.00,1405.67
2022-09-20,1500.00,1527.16,1680.00,1710.98,1310.00,1319.98
2022-09-21,1500.00,1533.61,1680.00,1689.73,,1319.79
2022-09-22,1521.98,1514.47,1705.89,1710.99,1310.00,1316.21
2022-09-23,1501.47,1514.29,1682.17,1691.67,1310.00,1318.62
2022-09-26,1441.03,1528.13,1645.00,1678.05,1270.00,1307.25
2022-09-27,1453.24,1452.05,1649.43,1671.19,1270.00,1278.71
2022-09-28,1468.75,1486.24,1670.07,1657.24,1270.00,1280.53
2022-09-29,1459.57,1449.47,1658.17,1675.42,1285.00,1280.14
2022-09-30,1440.00,1448.91,1645.00,1654.45,1270.00,1279.19
2022-10-04,1429.55,1511.36,1634.17,1647.64,1250.00,1261.48
2022-10-05,1420.00,1426.25,1625.00,1666.95,1250.00,1261.04
2022-10-06,1420.00,1448.86,1625.00,1641.78,1250.00,1260.66
2022-10-07,1420.00,1422.22,1625.00,1642.06,1250.00,1260.40
2022-10-11,1435.00,1445.90,1657.78,1771.08,1285.00,1336.09
2022-10-12,1481.39,1474.91,1710.88,1766.91,1290.28,1337.84
2022-10-13,1439.92,1449.41,1680.00,1767.57,1285.00,1341.35
2022-10-14,1449.87,1464.50,1683.35,1783.06,1285.00,1350.49
2022-10-17,,1476.04,,1804.83,,1346.42
2022-10-18,1475.33,1454.71,1770.85,1782.44,1361.11,1360.64
2022-10-19,1472.76,1479.57,1770.00,1822.24,1360.00,1400.98
2022-10-20,1470.00,1482.18,1770.00,1820.68,1360.00,1400.48
2022-10-21,1476.05,1481.15,1770.85,1821.53,1360.00,1398.21
2022-10-24,1473.77,1474.96,1772.10,1819.09,1360.00,1385.81
2022-10-25,1470.00,1462.90,1770.00,1806.97,1360.00,1384.10
2022-10-26,1476.69,1470.44,1772.42,1806.97,1361.29,1381.52
2022-10-27,1470.00,1469.21,1770.00,1805.28,1360.00,1382.04
2022-10-28,1470.00,1468.40,1770.00,1806.65,1360.00,1380.00
2022-10-31,1471.30,1468.30,1775.56,1805.01,1360.00,1380.99
2022-11-01,1479.57,1471.81,1780.63,1803.44,1372.73,1385.96
2022-11-02,1475.00,1472.04,1775.00,1799.83,1370.00,1388.67
2022-11-03,1475.00,1487.49,1775.00,1813.20,1370.00,1397.33
2022-11-04,1515.00,1487.04,1825.00,1813.57,1410.00,1396.02
2022-11-07,1478.15,1466.21,1777.74,1799.61,1370.74,1376.96
2022-11-08,1500.00,1511.23,1785.00,1787.97,1380.00,1379.45
2022-11-09,1502.50,1511.29,1790.31,1787.20,1380.00,1378.84
2022-11-10,1500.00,1512.00,1785.00,1786.67,1380.00,1377.42
2022-11-11,1501.52,1513.36,1790.85,1787.80,1380.00,1379.19
2022-11-14,1490.00,1501.14,1760.00,1776.50,,1386.46
2022-11-15,1490.77,1511.09,1762.13,1764.84,1370.00,1387.57
2022-11-16,1496.14,1507.76,1769.64,1763.20,1370.00,1387.47
2022-11-17,1463.16,1492.54,1736.14,1744.33,1340.00,1368.05
2022-11-18,1464.26,1494.31,1733.92,1747.09,1342.31,1379.13
2022-11-21,1451.74,1483.92,1656.99,1704.94,1313.79,1349.85
2022-11-22,1450.00,1460.82,1650.00,1660.11,1300.00,1312.79
2022-11-23,1450.00,1459.88,1650.00,1661.86,1300.00,1307.49
2022-11-24,1450.00,1475.73,1650.00,1664.51,1300.00,1312.84
2022-11-25,1450.00,1459.86,1650.00,1664.54,1300.00,1308.83
2022-11-28,1440.00,1457.72,1580.00,1638.76,1255.00,1302.51
2022-11-29,1440.00,1447.88,1580.00,1588.77,1255.00,1266.10
2022-11-30,1439.62,1446.26,1582.95,1590.88,1255.00,1262.26
2022-12-01,1435.27,1444.68,1638.78,1584.10,1257.42,1263.35
2022-12-02,1438.65,1445.70,1591.51,1587.53,1261.36,1262.43
2022-12-05,1380.00,1447.55,1525.00,1590.54,1210.00,1266.38
2022-12-06,1380.00,1386.88,1525.00,1534.38,1210.00,1222.46
2022-12-07,1380.00,1381.53,1525.00,1530.87,1210.00,1210.67
2022-12-08,1386.84,1384.57,1561.34,1532.26,1215.19,1210.31
2022-12-09,1384.11,1384.44,1543.64,1527.63,1211.76,1210.70
2022-12-12,1330.00,1364.95,1440.00,1504.34,1120.00,1177.21
2022-12-13,1348.44,1342.37,1489.06,1452.88,1124.29,1132.32
2022-12-14,1356.67,1335.45,1486.88,1447.95,1120.00,1119.39
2022-12-15,1369.78,1337.04,1485.65,1457.02,1139.57,1118.09
2022-12-16,1330.00,1335.32,1440.00,1448.58,1120.00,1118.46
2022-12-19,1342.86,1334.06,1468.36,1447.23,1150.00,1118.43
2022-12-20,1330.00,1331.52,1470.00,1484.35,1140.00,1141.55
2022-12-21,1333.33,1335.54,1479.77,1486.00,1143.33,1142.80
2022-12-22,1330.00,1331.72,1470.00,1486.65,1140.00,1140.88
2022-12-23,1330.00,1330.95,1470.00,1484.18,1140.00,1140.68
2022-12-26,1330.00,1331.65,1470.00,1482.32,1140.00,1145.37
2022-12-27,1346.61,1332.73,1487.20,1480.56,1148.24,1144.50
2022-12-28,1330.00,1334.02,1470.00,1477.55,1140.00,1145.21
2022-12-29,1330.00,1333.38,1470.00,1475.44,1140.00,1145.41
2023-01-02,1377.53,1405.22,1482.95,1479.63,1140.00,1145.53
2023-01-03,1389.50,1451.65,1480.47,1486.07,1157.50,1163.10
2023-01-04,1429.00,1447.70,1470.00,1486.93,1140.00,1158.89
2023-01-05,1440.29,1450.91,1481.70,1490.62,1156.15,1160.61
2023-01-06,1429.00,1452.45,1470.00,1487.15,1152.35,1170.09
2023-01-09,1435.00,1463.77,1430.97,1485.37,1120.00,1160.55
2023-01-10,1437.20,1450.24,1432.35,1442.65,1120.00,1125.74
2023-01-11,1435.00,1445.84,1430.00,1436.89,1120.00,1123.10
2023-01-12,1436.27,1448.72,1430.00,1443.07,1120.00,1123.36
2023-01-13,1443.20,1443.90,1434.68,1438.06,1136.47,1124.11
2023-01-16,1435.00,1439.73,1430.00,1434.83,1120.00,1124.28
2023-01-17,1445.00,1453.07,1430.00,1446.62,1120.00,1120.41
2023-01-18,1445.00,1467.72,1430.00,1437.94,1120.00,1120.45
2023-01-19,1449.82,1453.14,1433.76,1452.08,1124.29,1120.10
2023-01-20,1445.00,1452.88,1430.00,1435.00,1121.22,1120.01
2023-01-25,1510.00,1523.80,1470.00,1491.59,1155.00,1160.74
2023-01-26,1510.00,1509.67,1470.00,1476.92,1155.00,1160.57
2023-01-27,1506.67,1523.92,1470.98,1476.90,1154.42,1160.72
2023-01-30,1510.00,1523.79,1470.00,1491.84,1155.00,1161.71
2023-01-31,1497.94,1537.52,1471.71,1485.71,1153.54,1173.51
2023-02-01,1498.33,1530.81,1472.50,1500.12,1154.55,1178.23
2023-02-02,1510.00,1525.08,1472.14,1475.90,1155.00,1158.88
2023-02-03,,1545.47,1470.00,1488.12,1155.00,1178.58
2023-02-06,1467.28,1523.61,1419.83,1497.66,1104.55,1153.59
2023-02-07,1441.85,1496.08,1405.04,1420.13,1100.71,1130.74
2023-02-08,1440.00,1482.01,1400.00,1437.89,1100.00,1127.92
2023-02-09,1469.52,1507.08,1412.69,1417.26,1100.00,1130.02
2023-02-10,1448.33,1471.93,1400.45,1416.08,1101.13,1128.06
2023-02-13,1450.00,1480.98,1360.00,1426.64,1060.00,1110.60
2023-02-14,1450.00,1493.33,1360.00,1378.97,1060.00,1082.13
2023-02-15,1450.00,1488.06,1396.77,1402.77,1060.00,1078.93
2023-02-16,1450.00,1496.28,1360.00,1410.04,1060.00,1077.46
2023-02-17,1472.41,1498.52,1371.12,1379.92,1060.00,1081.40
2023-02-20,1450.00,1510.56,1360.00,1378.04,1060.00,1078.23
2023-02-21,1450.00,1502.77,1360.00,1397.82,1060.00,1085.66
2023-02-22,1473.08,1518.48,1372.19,1393.61,1060.00,1080.90
2023-02-23,1466.67,1513.20,1377.78,1400.88,1060.00,1082.49
2023-02-24,1450.00,1507.43,1360.00,1393.49,1060.00,1084.74
2023-02-27,1470.00,1507.27,1360.00,1396.98,1060.00,1075.39
2023-02-28,1472.53,1501.61,1363.63,1377.38,1065.45,1065.86
2023-03-02,1470.00,1509.51,1360.00,1414.09,1060.00,1069.37
2023-03-03,1470.00,1512.18,1360.00,1381.44,1060.00,1068.14
2023-03-06,1470.00,1501.42,1360.00,1408.06,1060.00,1065.74
2023-03-07,1531.88,1540.72,1422.07,1411.83,,1096.42
2023-03-08,1523.33,1558.23,1417.27,1414.92,1150.00,1103.30
2023-03-09,1537.67,1525.89,1435.00,1439.88,,1100.89
2023-03-10,1524.58,1526.61,1418.76,1424.96,1090.00,1103.32
2023-03-13,1525.00,1533.42,1395.00,1452.39,1070.00,1106.54
2023-03-14,1525.00,1552.47,1395.00,1412.71,1070.00,1081.75
2023-03-15,1522.14,1535.02,1398.75,1427.29,1070.00,1076.90
2023-03-16,1525.00,1532.39,1395.00,1422.85,1070.00,1089.08
2023-03-17,1525.00,1538.21,1395.00,1411.98,1070.00,1080.21
2023-03-20,1510.31,1541.38,1386.47,1392.21,,1069.19
2023-03-21,1500.00,1512.15,1370.25,1386.40,1045.00,1043.94
2023-03-22,1505.77,1513.34,1378.80,1373.95,1046.36,1041.27
2023-03-23,1500.00,1508.77,1365.61,1389.07,1045.00,1040.30
2023-03-24,1500.00,1509.72,1367.15,1375.16,1052.50,1042.23
2023-03-27,1491.00,1508.34,1351.11,1384.18,1012.00,1023.56
2023-03-28,1489.29,1490.84,1354.49,1371.43,1004.35,999.96
2023-03-29,1485.00,1502.58,1350.00,1352.40,1000.00,1001.49
2023-03-30,1492.92,1491.47,1358.83,1369.46,,1002.69
2023-03-31,1485.00,1489.12,1350.00,1351.77,1000.00,998.91
2023-04-03,1490.71,1494.87,1377.92,1413.16,1022.50,1002.82
2023-04-04,1510.00,1519.51,1355.00,1381.18,1000.00,999.77
2023-04-05,,1520.98,1370.18,1391.01,,998.46
2023-04-06,1510.00,1535.21,1359.59,1404.33,1000.00,1013.64
2023-04-07,1580.00,1531.22,1427.89,1361.09,1080.00,990.00
2023-04-10,1514.12,1512.58,1366.62,1355.23,1003.85,996.88
2023-04-11,1560.00,1579.74,1378.89,1411.77,1010.00,1023.08
2023-04-12,1566.49,1579.75,1384.34,1411.91,1010.00,1034.14
2023-04-13,1596.00,1579.00,1396.46,1408.86,1020.43,1022.55
2023-04-14,1567.83,1579.65,1382.94,1382.98,1010.00,1022.54
2023-04-17,1580.00,1578.96,1398.97,1415.47,1023.33,1021.96
2023-04-18,1560.00,1574.39,1370.00,1398.75,1010.00,1023.86
2023-04-19,1560.00,1576.86,1370.00,1378.20,,1021.65
2023-04-20,,1579.22,1370.00,1415.15,1010.00,1031.71
2023-04-21,1560.00,1576.15,1370.00,1377.99,1010.00,1023.95
2023-04-24,,1563.06,,1410.77,,1006.69
2023-04-25,1520.00,1527.09,1330.00,1354.23,1000.00,1003.21
2023-04-26,1520.00,1529.25,1330.00,1360.05,1000.00,1003.13
2023-04-27,1520.00,1526.84,1330.00,1352.76,1000.00,1004.13
2023-04-28,1520.00,1525.90,1330.00,1337.19,1000.00,1004.13
2023-05-02,1530.92,1510.04,1316.58,1379.10,995.45,996.09
2023-05-03,1532.50,1498.29,1325.00,1333.87,990.00,994.96
2023-05-04,1478.95,1486.51,1282.77,1298.49,960.00,977.31
2023-05-08,1477.14,1470.96,1279.21,1310.29,945.00,982.26
2023-05-09,1468.88,1444.86,1273.60,1292.02,945.00,950.00
2023-05-10,1455.40,1470.84,1271.86,1259.39,941.11,948.85
2023-05-11,1443.64,1468.37,1256.53,1258.18,945.00,949.08
2023-05-12,1440.00,1443.67,1255.00,1259.13,945.00,950.22
2023-05-15,1440.71,1438.41,1260.52,1292.02,940.00,962.65
2023-05-16,1425.00,1433.82,1235.00,1253.51,945.00,946.51
2023-05-17,1425.00,1426.61,1235.00,1236.81,945.00,946.85
2023-05-18,,1454.91,1235.00,1260.50,945.00,953.91
2023-05-19,1432.14,1430.56,1242.70,1254.75,945.00,954.54
2023-05-22,1427.67,1432.30,1237.54,1265.55,945.00,953.18
2023-05-23,1445.00,1448.90,1255.00,1273.55,965.00,966.50
2023-05-24,1449.14,1449.69,1257.38,1279.86,965.00,965.62
2023-05-25,1447.69,1450.64,1262.05,1279.46,965.00,965.41
2023-05-26,1447.10,1448.96,1260.77,1271.91,965.00,965.26
2023-05-30,1452.35,1476.76,1277.73,1265.57,965.00,952.21
2023-05-31,1445.00,1460.75,1255.00,1276.11,965.00,958.31
2023-06-01,1455.32,1462.63,1276.29,1284.96,962.00,958.52
2023-06-02,1449.00,1476.87,1265.69,1280.28,965.00,953.56
2023-06-05,,1476.73,,1279.92,,954.23
2023-06-07,1444.31,1445.49,1254.02,1254.73,950.00,954.01
2023-06-08,1448.10,1449.08,1271.25,1277.51,950.00,939.16
2023-06-09,1435.00,1441.69,1240.00,1248.52,950.00,948.38
2023-06-12,1435.00,1444.57,1240.00,1250.89,950.00,942.89
2023-06-13,1435.00,1455.45,1240.00,1267.37,935.00,941.08
2023-06-14,1435.00,1481.03,1240.00,1261.88,935.00,953.68
2023-06-15,1444.80,1455.34,1244.16,1276.39,935.00,943.99
2023-06-16,1437.46,1455.50,1232.06,1259.55,935.00,946.65
2023-06-19,1443.16,1463.71,1240.00,1267.75,922.86,947.31
2023-06-20,1435.00,1451.63,1240.00,1261.65,935.00,936.86
2023-06-21,1435.00,1449.61,1240.00,1261.41,935.00,935.61
2023-06-22,1435.00,1449.65,1240.00,1262.27,935.00,936.76
2023-06-23,1440.20,1447.07,1240.00,1252.66,935.00,934.29
2023-06-26,1441.38,1449.39,1240.00,1271.47,935.00,937.02
2023-06-27,1435.00,1482.24,1240.00,1289.78,935.00,950.33
2023-06-28,1460.00,1467.14,1240.00,1299.40,850.00,950.10
2023-06-29,1435.00,1443.42,1240.00,1262.31,,931.85
2023-06-30,1435.00,1447.64,1240.00,1254.71,935.00,934.53
2023-07-03,1435.00,1458.74,1240.00,1288.46,935.00,936.20
2023-07-04,1456.98,1457.95,1248.07,1286.89,940.00,947.99
2023-07-05,1452.42,1457.36,1258.10,1292.31,940.00,949.92
2023-07-06,1450.00,1457.13,1260.00,1295.14,940.00,946.03
2023-07-07,1450.00,1455.26,1260.00,1268.29,940.00,940.08
2023-07-10,1460.00,1458.77,1262.53,1304.34,940.00,944.59
2023-07-11,1485.00,1470.74,1295.00,1309.89,975.00,972.40
2023-07-12,1483.40,1479.64,1295.79,1306.43,975.00,969.41
2023-07-13,1484.18,1490.52,1295.75,1297.99,975.00,969.57
2023-07-14,1484.92,1473.98,1295.67,1299.00,975.00,969.89
2023-07-17,1485.00,1474.40,1295.00,1317.02,,973.53
2023-07-18,1490.00,1494.75,1315.00,1331.05,980.00,991.42
2023-07-19,1503.93,1495.01,1316.56,1335.78,994.29,1000.68
2023-07-20,1490.00,1494.77,1315.00,1337.86,980.00,997.20
2023-07-21,1493.71,1494.96,1315.21,1329.89,980.00,989.05
2023-07-24,1498.08,1495.59,1315.33,1345.00,980.00,994.84
2023-07-25,1520.00,1515.12,1336.97,1351.90,1030.00,997.63
2023-07-26,1526.55,1516.05,1340.00,1354.21,1016.67,999.22
2023-07-27,1525.67,1517.41,1340.00,1351.59,1010.00,1002.89
2023-07-28,1525.01,1516.39,1340.00,1340.48,1003.13,1000.22
2023-07-31,1535.29,1516.67,1347.95,1361.51,1000.00,999.00
2023-08-01,1555.00,1558.51,1379.13,1420.80,1060.00,1068.43
2023-08-02,1555.00,1560.27,1410.00,1426.69,1060.00,1063.50
2023-08-03,1555.00,1560.42,1410.00,1437.40,,1072.02
2023-08-04,1558.28,1560.33,1416.81,1416.02,1060.00,1072.19
2023-08-07,1555.00,1560.34,1410.00,1432.35,1060.00,1067.20
2023-08-08,1545.42,1558.47,1488.62,1501.06,1120.00,1131.06
2023-08-09,1545.00,1560.57,1490.00,1509.48,,1136.55
2023-08-10,1545.00,1564.49,1490.00,1529.56,,1147.72
2023-08-11,1546.10,1570.77,1490.95,1505.31,1120.00,1143.46
2023-08-14,,1571.24,,1506.67,,1148.69
2023-08-16,1590.00,1556.67,1500.00,1502.20,1130.00,1141.27
2023-08-17,1590.00,1596.14,1500.00,1534.83,,1145.60
2023-08-18,1591.47,1595.83,1503.13,1519.35,1160.00,1156.96
2023-08-21,1590.00,1597.52,1500.00,1542.75,1130.00,1143.75
2023-08-22,1590.00,1612.07,1520.00,1544.74,,1195.74
2023-08-23,1593.86,1608.70,1521.53,1540.21,1170.00,1206.02
2023-08-24,1590.83,1611.78,1520.45,1537.59,,1198.73
2023-08-25,1591.62,1609.77,1521.75,1533.14,1170.00,1189.32
2023-08-28,1588.18,1609.65,1517.89,1537.97,1170.00,1198.11
2023-08-29,1590.00,1617.13,1520.00,1544.44,1190.00,1209.03
2023-08-30,1585.00,1618.50,1516.25,1547.35,1190.00,1229.58
2023-08-31,1590.00,1617.02,1520.00,1546.25,1190.00,1215.22
2023-09-01,1586.67,1628.77,1516.51,1545.04,1187.27,1214.68
2023-09-04,1586.97,1622.75,1516.08,1553.68,1190.00,1214.61
2023-09-05,1630.00,1642.35,1545.00,1556.47,1220.00,1230.12
2023-09-06,1620.80,1640.77,1542.12,1556.57,1220.00,1238.36
2023-09-07,1630.00,1641.02,1545.00,1555.47,1220.00,1235.49
2023-09-08,1630.00,1639.52,1545.00,1553.60,1220.00,1233.45
2023-09-11,1631.56,1639.52,1544.26,1553.26,1220.00,1226.40
2023-09-12,1645.00,1644.05,1555.00,1563.80,1240.00,1243.43
2023-09-13,1643.75,1648.53,1553.28,1566.67,1240.00,1244.15
2023-09-14,1644.44,1646.16,1554.41,1566.70,1240.00,1246.01
2023-09-15,1644.64,1644.68,1554.38,1564.02,1240.00,1240.94
2023-09-18,1645.00,1644.81,1555.00,1565.26,1240.00,1240.59
2023-09-19,1660.00,1674.31,1580.00,1605.04,1265.00,1276.01
2023-09-20,1660.00,1674.74,1580.00,1613.77,1265.00,1287.64
2023-09-21,1660.00,1675.33,1580.00,1611.75,1265.00,1287.09
2023-09-22,1659.44,1673.96,1576.68,1607.95,1265.00,1284.04
2023-09-25,1653.47,1673.91,1569.89,1612.24,1265.00,1286.18
2023-09-26,1655.83,1672.64,1571.56,1599.61,1251.11,1269.75
2023-09-27,1655.86,1675.62,1565.59,1599.93,1254.15,1266.75
2023-10-04,1640.00,1641.81,1540.00,1594.35,,1266.36
2023-10-05,1632.63,1640.09,1573.01,1583.29,1255.00,1261.56
2023-10-06,1633.53,1639.58,1574.30,1584.48,1255.00,1256.59
2023-10-10,1584.16,1599.76,1560.00,1592.78,1220.00,1255.32
2023-10-11,1585.53,1566.56,1560.00,1560.12,1223.87,1219.86
2023-10-12,1582.94,1549.92,1560.00,1558.41,1220.00,1215.36
2023-10-13,,1550.45,,1565.76,,1202.91
2023-10-16,1580.00,1576.93,1560.00,1561.12,1220.00,1220.30
2023-10-17,1545.00,1550.47,1550.00,1550.49,1210.00,1209.54
2023-10-18,1545.00,1556.28,1550.00,1547.01,1210.00,1208.17
2023-10-19,1545.00,1556.49,1550.00,1546.72,1210.00,1210.46
2023-10-20,1545.00,1555.38,1550.00,1546.39,1210.00,1208.06
2023-10-23,1545.00,1556.46,1550.00,1545.91,1210.00,1209.31
2023-10-24,1545.00,1552.30,1550.00,1551.87,1210.00,1206.47
2023-10-25,1545.00,1551.77,1550.00,1552.36,1210.00,1210.64
2023-10-26,1545.91,1551.30,1549.32,1554.38,1210.31,1216.29
2023-10-27,1545.00,1547.94,1550.00,1551.47,1210.00,1211.60
2023-10-30,1549.33,1550.25,1549.57,1551.52,1210.00,1211.54
2023-10-31,1545.00,1551.66,1550.00,1548.25,1210.00,1211.92
2023-11-01,1530.00,1535.15,1510.00,1521.83,1200.00,1204.43
2023-11-02,1530.00,1572.79,1510.00,1542.54,1200.00,1273.07
2023-11-03,,1575.38,,1549.84,,1257.08
2023-11-06,1530.00,1534.00,1510.00,1517.50,1200.00,1203.00
2023-11-07,1539.33,1534.68,1498.76,1500.95,1180.00,1201.95
2023-11-08,1530.00,1548.15,1490.00,1506.83,1180.00,1185.44
2023-11-09,1510.00,1550.49,1440.00,1489.81,1150.00,1171.50
2023-11-10,1508.21,1516.38,1441.37,1442.94,1150.00,1180.02
2023-11-13,1510.00,1549.92,1440.00,1507.19,1150.00,1199.30
2023-11-14,1510.00,1516.12,1440.00,1430.85,1150.00,1160.41
2023-11-15,1510.00,1513.62,1440.00,1429.05,1150.00,1150.81
2023-11-16,1510.00,1513.53,1440.00,1432.37,1150.00,1153.62
2023-11-17,1510.00,1512.54,1440.00,1437.74,1150.00,1150.84
2023-11-20,1480.00,1487.58,1385.00,1400.27,1100.00,1109.71
2023-11-21,1475.79,1484.83,1392.98,1392.97,1100.00,1109.72
2023-11-22,1480.00,1495.88,1385.00,1392.79,1100.00,1108.39
2023-11-23,1480.00,1498.65,1385.00,1395.19,1100.00,1112.99
2023-11-24,1480.00,1498.86,1385.00,1391.04,1100.00,1105.97
2023-11-27,1480.00,1500.98,1380.00,1395.30,1095.00,1108.97
2023-11-28,1472.86,1491.03,1397.14,1392.63,1095.00,1104.36
2023-11-29,1480.00,1485.23,1380.00,1388.59,1095.00,1103.88
2023-11-30,1482.34,1486.81,1381.04,1390.36,1097.33,1102.79
2023-12-01,1480.00,1483.85,1380.00,1383.11,1095.65,1102.89
2023-12-04,1480.00,1483.67,1380.00,1391.37,1095.00,1109.68
2023-12-05,1475.00,1478.60,1365.00,1373.84,1090.00,1098.90
2023-12-06,1475.00,1490.87,1365.00,1376.08,1090.00,1094.19
2023-12-07,1470.95,1494.01,1367.04,1380.42,1084.29,1096.80
2023-12-08,1475.00,1499.00,1365.00,1387.00,1090.00,1109.00
2023-12-11,1435.00,1475.30,1330.00,1370.18,1055.00,1097.88
2023-12-12,1435.00,1443.03,1330.00,1337.55,1055.00,1066.30
2023-12-13,1444.74,1443.06,1338.27,1342.07,1055.00,1060.12
2023-12-14,1400.00,1424.65,1305.00,1332.54,1020.00,1040.28
2023-12-15,1400.00,1415.01,1305.00,1318.34,1020.00,1031.16
2023-12-18,1400.00,1418.01,1305.00,1328.98,1020.00,1031.80
2023-12-19,1443.53,1431.76,1342.22,1331.12,1030.00,1035.60
2023-12-20,1420.00,1433.84,1315.00,1327.09,1030.00,1036.77
2023-12-21,1420.00,1435.22,1315.00,1329.61,1030.00,1037.21
2023-12-22,1420.00,1437.34,1315.00,1323.32,1030.00,1034.96
2023-12-26,1430.00,1459.70,1315.00,1346.03,1030.00,1044.28
2023-12-27,1430.00,1462.31,1315.00,1357.14,1030.00,1031.82
2023-12-28,,1471.71,,1363.68,,1076.76
2024-01-02,1430.00,1430.41,1315.00,1328.36,1030.00,1030.10
2024-01-03,1430.00,1436.24,1315.00,1327.90,1030.00,1032.92
2024-01-04,1430.00,1440.80,1315.00,1336.78,1030.00,1035.71
2024-01-05,1430.00,1443.93,1315.00,1336.04,1030.00,1035.63
2024-01-08,1430.00,1439.27,1315.00,1343.38,1030.00,1037.87
2024-01-09,1430.00,1432.39,1315.00,1328.23,1030.00,1033.43
2024-01-10,1441.67,1434.80,1330.72,1331.21,1030.00,1036.60
2024-01-11,1430.00,1441.84,1315.00,1336.03,,1035.54
2024-01-12,1430.00,1444.21,1315.00,1337.92,1030.00,1036.89
2024-01-15,1442.00,1443.91,1334.63,1340.91,1035.71,1036.78
2024-01-16,1440.00,1449.38,1340.00,1363.36,1040.00,1054.66
2024-01-17,1440.00,1443.48,1340.00,1356.01,,1052.76
2024-01-18,1440.00,1443.96,1340.00,1354.36,,1055.21
2024-01-19,1440.00,1447.22,1340.00,1355.23,1040.00,1054.51
2024-01-22,1440.00,1450.45,1340.00,1361.83,1040.00,1058.54
2024-01-23,1455.63,1473.95,1361.52,1383.92,1056.00,1056.28
2024-01-24,1450.00,1456.74,1360.00,1374.74,1050.00,1053.37
2024-01-25,1450.00,1461.05,1360.00,1377.02,1050.00,1054.42
2024-01-26,1452.50,1472.27,1360.63,1371.22,1053.45,1056.39
2024-01-29,1450.00,1478.44,1360.00,1382.51,1050.00,1059.98
2024-01-30,1488.66,1528.08,1393.24,1427.72,1065.00,1076.24
2024-01-31,1490.00,1511.19,1395.00,1414.52,1065.00,1071.32
2024-02-01,1490.00,1497.44,1395.00,1425.60,1065.00,1069.71
2024-02-02,1490.00,1502.44,1395.00,1402.24,1065.00,1073.87
2024-02-05,1490.00,1496.00,1395.00,1409.36,1065.00,1069.91
2024-02-06,1502.73,1513.81,1404.17,1420.64,1099.62,1073.89
2024-02-07,1490.00,1496.43,1395.00,1424.28,1065.00,1079.37
2024-02-08,1490.00,1521.94,1395.00,1417.53,1065.00,1074.22
2024-02-13,1538.20,1516.12,1433.89,1431.12,1075.00,1092.62
2024-02-14,1507.27,1510.19,1425.83,1425.49,1075.00,1084.10
2024-02-15,1601.96,1510.89,1463.11,1426.56,1075.00,1092.40
2024-02-16,1518.91,1517.50,1420.79,1429.36,1075.00,1090.88
2024-02-19,1502.45,1517.51,1405.00,1430.04,1075.00,1089.29
2024-02-20,1515.00,1539.28,1415.00,1443.75,1080.00,1096.58
2024-02-21,1515.00,1523.23,1415.00,1432.23,1080.00,1095.38
2024-02-22,1515.00,1522.75,1415.00,1432.63,,1093.44
2024-02-23,1515.00,1526.06,1415.00,1428.54,1080.00,1095.54
2024-02-26,1515.00,1536.56,1415.00,1443.35,1080.00,1101.13
2024-02-27,1516.31,1526.37,1415.55,1425.89,1080.00,1095.80
2024-02-28,1526.67,1522.59,1415.49,1426.26,1080.00,1092.99
2024-02-29,1516.83,1522.12,1416.08,1422.47,1080.00,1096.23
2024-03-04,1515.00,1533.92,1415.00,1429.68,1080.00,1108.73
2024-03-05,,1507.64,1395.00,1411.76,1060.00,1085.08
2024-03-06,1515.71,1518.77,1399.81,1411.88,1060.00,1089.64
2024-03-07,1512.14,1507.36,1400.47,1407.16,1060.00,1090.51
2024-03-08,1505.00,1510.78,1395.00,1414.91,1060.00,1092.03
2024-03-11,1505.00,1530.26,1395.00,1412.55,1060.00,1097.05
2024-03-12,1485.00,1504.78,1380.00,1398.17,1045.00,1064.25
2024-03-13,1506.50,1506.74,1395.37,1398.93,1045.00,1069.78
2024-03-14,1560.00,1514.33,1431.64,1401.04,1045.00,1073.10
2024-03-15,1487.61,1514.10,1382.47,1400.23,1045.00,1070.51
2024-03-18,1490.00,1513.86,1365.00,1401.75,1040.00,1077.28
2024-03-19,1496.00,1513.00,1382.50,1389.90,,1066.77
2024-03-20,1490.00,1507.74,1365.00,1385.75,1040.00,1065.30
2024-03-21,1490.00,1506.16,1365.00,1389.01,1040.00,1065.26
2024-03-22,1490.00,1509.61,1365.00,1385.48,1040.00,1068.36
2024-03-25,1490.00,1515.07,1365.00,1391.77,1040.00,1070.13
2024-03-26,1525.00,1558.05,1385.00,1407.91,1060.00,1080.73
2024-03-27,1525.00,1536.89,1385.00,1404.22,,1070.15
2024-03-28,1525.00,1537.64,1385.00,1401.31,1060.00,1074.17
2024-03-29,1525.00,1560.37,1385.00,1407.71,1060.00,1079.98
2024-04-01,,1534.63,,1416.17,1060.00,1087.67
2024-04-02,1531.36,1555.73,1387.50,1404.60,1060.00,1072.67
2024-04-03,1535.00,1561.26,1385.00,1402.85,1060.00,1073.96
2024-04-04,1535.00,1583.35,1385.00,1410.13,1060.00,1071.89
2024-04-05,1535.00,1559.77,1385.00,1396.43,1060.00,1078.06
2024-04-08,1535.00,1568.22,1385.00,1402.27,1060.00,1072.54
2024-04-09,1590.00,1606.08,1410.00,1422.91,,1092.02
2024-04-11,1632.86,1606.22,1442.43,1431.32,,1097.76
2024-04-12,1590.00,1632.14,1410.00,1443.94,1090.00,1109.69
2024-04-15,1590.00,1625.27,1410.00,1439.17,,1104.90
2024-04-16,1610.00,1634.88,1420.00,1456.55,1100.00,1122.11
2024-04-17,1616.88,1622.62,1423.46,1443.65,1100.00,1103.37
2024-04-18,1610.00,1622.84,1420.00,1451.12,1100.00,1104.01
2024-04-19,1610.00,1621.23,1420.00,1428.45,1100.00,1105.12
2024-04-22,1610.00,1621.23,1420.00,1441.63,1100.00,1104.71
2024-04-23,1620.00,1636.89,1410.00,1421.10,1090.00,1106.93
2024-04-24,1620.00,1638.68,1410.00,1423.12,,1094.75
2024-04-25,1620.00,1645.94,1410.00,1427.83,1090.00,1095.58
2024-04-26,1620.00,1650.26,1410.00,1428.42,1090.00,1096.12
2024-04-29,,1649.81,,1431.93,,1094.95
2024-04-30,1600.00,1626.53,1400.00,1413.26,1060.00,1065.76
2024-05-02,1600.00,1606.58,1400.00,1418.34,1060.00,1066.56
2024-05-03,1600.00,1646.41,1400.00,1431.20,1060.00,1119.94
2024-05-07,,1645.00,,1427.13,,1092.00
2024-05-08,1585.00,1600.30,1385.00,1398.07,,1053.24
2024-05-09,1589.29,1605.56,1391.56,1398.45,1045.00,1053.87
2024-05-10,1585.00,1591.52,1385.00,1390.02,1045.00,1049.16
2024-05-13,1567.78,1609.61,1366.25,1398.69,,1037.98
2024-05-14,1550.00,1559.27,1360.00,1372.42,1020.00,1028.14
2024-05-16,1550.00,1555.65,1360.00,1366.82,1020.00,1033.22
2024-05-17,1550.00,1554.34,1360.00,1363.62,1020.00,1027.67
2024-05-20,1533.00,1534.93,1345.28,1354.58,1015.00,1019.99
2024-05-21,1533.75,1530.65,1351.91,1354.56,1015.00,1024.03
2024-05-22,1525.00,1531.66,1340.00,1357.64,1015.00,1016.61
2024-05-23,1542.50,1534.26,1344.64,1357.57,1015.00,1020.89
2024-05-24,1525.00,1533.56,1340.00,1354.35,1015.00,1019.07
2024-05-27,1531.43,1531.40,1345.83,1355.02,1036.25,1012.60
2024-05-28,1520.00,1529.37,1330.00,1358.29,1010.00,1013.27
2024-05-29,1520.00,1523.00,1330.00,1351.32,1010.00,1011.70
2024-05-30,1527.14,1524.55,1342.32,1354.95,1010.00,1038.94
2024-05-31,1520.00,1525.80,1330.00,1347.08,,1016.17
2024-06-03,1500.00,1509.56,1330.00,1369.34,1010.00,1042.83
2024-06-04,1500.00,1516.88,1330.00,1360.74,1010.00,1055.27
2024-06-05,1501.94,1513.68,1330.00,1384.52,1010.00,1091.54
2024-06-07,,1550.74,,1419.88,,1060.12
2024-06-10,1460.00,1484.76,1310.00,1337.80,,1041.14
2024-06-11,1472.66,1465.24,1317.54,1325.66,1000.00,1018.81
2024-06-12,1464.88,1463.76,1324.93,1328.22,,1022.00
2024-06-13,1460.00,1464.41,1310.00,1324.54,,1022.42
2024-06-14,1468.33,1469.24,1318.26,1327.87,1000.00,1011.71
2024-06-17,1460.00,1475.66,1310.00,1352.28,1000.00,1026.46
2024-06-18,1460.00,1475.82,1330.00,1363.03,1020.00,1038.99
2024-06-19,1460.00,1481.15,1330.00,1360.88,,1039.35
2024-06-20,1460.00,1470.05,1330.00,1361.26,1020.00,1049.62
2024-06-21,1460.00,1471.20,1330.00,1349.97,1020.00,1036.90
2024-06-24,1460.00,1471.84,1330.00,1359.61,,1028.46
2024-06-25,1488.29,1502.94,1362.62,1394.84,1050.00,1053.51
2024-06-26,1490.00,1501.22,1370.00,1394.75,1050.00,1053.84
2024-06-27,1490.00,1516.10,1370.00,1416.99,1050.00,1105.29
2024-06-28,,1515.57,,1416.46,,1105.63
2024-07-01,1525.00,1525.51,1405.00,1413.31,1050.00,1089.91
2024-07-02,1525.00,1525.75,1405.00,1415.94,1050.00,1087.99
2024-07-03,1569.20,1528.11,1449.49,1417.28,,1067.82
2024-07-04,1525.00,1530.95,1405.00,1424.50,1050.00,1063.14
2024-07-05,1525.00,1529.98,1405.00,1411.10,1050.00,1092.84
2024-07-08,1525.00,1555.98,1405.00,1430.04,1050.00,1089.20
2024-07-09,,1568.09,1450.00,1443.58,,1093.95
2024-07-10,,1569.67,1450.00,1444.89,,1095.94
2024-07-11,1570.00,1571.94,1450.00,1446.86,1090.00,1114.89
2024-07-12,1570.00,1569.45,1450.00,1444.49,,1095.51
2024-07-15,1575.67,1559.32,1459.69,1422.46,1060.00,1070.84
2024-07-16,1560.00,1558.42,1435.00,1428.51,1060.00,1085.60
2024-07-17,1568.87,1559.22,1438.18,1430.77,1060.00,1088.43
2024-07-18,1568.97,1560.12,1435.00,1433.98,1060.00,1062.11
2024-07-19,1560.00,1562.82,1435.00,1435.36,1060.00,1068.95
2024-07-22,1560.00,1577.75,1435.00,1443.62,,1075.76
2024-07-23,1575.45,1556.71,1444.69,1432.09,1050.00,1071.00
2024-07-24,1571.00,1576.62,1440.75,1432.16,,1076.35
2024-07-25,1558.08,1582.11,1434.43,1441.37,1050.00,1070.88
2024-07-26,1550.00,1583.82,1430.36,1436.49,1050.00,1055.28
2024-07-29,1540.00,1569.08,1419.60,1421.84,1040.00,1086.95
2024-07-30,1540.00,1564.60,1418.26,1418.11,,1056.28
2024-07-31,1565.00,1560.85,1425.77,1421.11,1040.00,1065.02
2024-08-01,1558.18,1555.35,1425.00,1419.72,1040.00,1064.96
2024-08-02,1540.00,1552.13,1418.28,1414.81,1040.00,1042.02
2024-08-05,1535.00,1551.27,1395.00,1411.47,1035.00,1058.65
2024-08-06,1565.00,1540.15,1416.40,1398.92,1035.00,1043.85
2024-08-07,1569.49,1544.35,1419.59,1402.23,1078.64,1046.06
2024-08-08,1552.65,1542.04,1411.67,1394.32,1035.00,1047.33
2024-08-09,1549.71,1539.63,1397.66,1394.76,,1034.35
2024-08-12,1485.00,1477.33,1345.00,1357.84,990.00,1004.74
2024-08-13,1545.61,1478.61,1397.67,1348.32,990.00,998.23
2024-08-14,1485.00,1470.81,1345.00,1349.39,990.00,951.82
2024-08-16,,1469.86,,1358.51,,941.47
2024-08-19,1485.00,1489.72,1345.00,1367.36,990.00,999.57
2024-08-20,1485.00,1487.53,1340.00,1346.46,980.00,980.65
2024-08-21,1494.36,1487.54,1342.63,1352.11,980.00,987.22
2024-08-22,1491.88,1487.01,1342.65,1351.81,980.00,981.00
2024-08-23,1485.00,1487.81,1340.00,1357.77,980.00,979.57
2024-08-26,1470.00,1455.53,1320.00,1325.81,960.00,957.60
2024-08-27,1470.00,1455.71,1320.00,1320.20,960.00,961.02
2024-08-28,1470.00,1456.79,1320.00,1323.50,960.00,956.83
2024-08-29,1470.00,1460.44,1320.00,1320.62,960.00,968.85
2024-08-30,1470.00,1462.46,1320.00,1323.53,960.00,964.23
2024-09-02,1470.00,1472.62,1320.00,1321.94,,942.64
2024-09-03,1509.47,1471.36,1347.27,1321.46,960.00,966.52
2024-09-04,1477.11,1462.70,1321.90,1319.58,960.00,958.70
2024-09-05,1474.55,1459.04,1322.79,1309.20,960.00,959.56
2024-09-06,1470.00,1473.21,1320.00,1324.28,960.00,964.71
2024-09-09,1456.01,1431.26,1289.72,1284.06,920.00,924.14
2024-09-10,1431.94,1418.49,1272.70,1283.62,920.00,919.29
2024-09-11,1465.00,1415.91,1313.90,1278.01,920.00,930.25
2024-09-12,1439.13,1416.92,1282.71,1277.66,920.00,920.03
2024-09-13,1430.00,1415.10,1272.20,1278.23,920.00,918.97
2024-09-19,,1404.46,1250.00,1251.79,,903.42
2024-09-20,1410.00,1406.50,1250.00,1253.76,895.00,907.39
2024-09-23,1410.00,1417.69,1258.63,1255.47,,902.62
2024-09-24,,1423.80,1260.73,1253.01,895.00,909.05
2024-09-25,1456.35,1426.79,1262.84,1260.66,895.00,900.98
2024-09-26,1433.85,1431.77,1259.03,1263.28,895.00,900.18
2024-09-27,1456.36,1432.95,1288.19,1269.05,,906.31
2024-09-30,1420.00,1440.45,1266.47,1271.44,895.00,904.98
2024-10-02,1420.00,1459.67,1256.05,1310.01,895.00,957.14
2024-10-04,1505.00,1462.68,1297.50,1297.65,,952.72
2024-10-07,1420.00,1426.88,1257.01,1261.29,895.00,901.09
2024-10-08,1440.00,1442.30,1283.24,1282.53,930.00,930.99
2024-10-10,1448.18,1447.55,1292.47,1290.56,930.00,930.48
2024-10-11,1444.15,1454.80,1287.37,1295.47,930.00,929.52
2024-10-14,1440.00,1455.99,1280.00,1302.98,930.00,931.31
2024-10-15,1455.00,1482.94,1303.98,1323.17,945.00,951.35
2024-10-16,1455.00,1468.98,1302.70,1304.53,945.00,946.29
2024-10-17,1511.69,1461.67,1326.71,1306.62,,946.79
2024-10-18,1455.00,1463.95,1305.55,1300.53,945.00,947.28
2024-10-21,1446.25,1447.50,1304.76,1294.44,935.00,938.62
2024-10-22,1435.00,1442.43,1318.18,1285.35,935.00,935.53
2024-10-23,1440.91,1449.00,1306.21,1293.53,935.00,936.37
2024-10-24,1478.51,1458.29,1308.94,1296.32,935.00,936.92
2024-10-25,1435.00,1462.51,1301.74,1301.80,935.00,940.43
2024-10-28,1435.00,1465.20,1307.27,1308.06,935.00,940.41
2024-10-29,1435.00,1464.28,1315.41,1303.67,935.00,941.30
2024-10-30,1441.96,1457.55,1314.58,1291.83,935.00,938.93
2024-10-31,,1457.38,1331.43,1302.99,,938.78
2024-11-01,1477.00,1479.53,1325.59,1327.79,935.00,939.15
2024-11-04,1504.38,1494.19,1346.48,1343.47,,954.28
2024-11-05,1500.00,1496.46,1370.36,1355.30,980.00,980.41
2024-11-06,1490.00,1498.00,1369.53,1354.42,980.00,982.26
2024-11-07,1490.00,1499.85,1356.70,1362.59,980.00,988.27
2024-11-08,1490.00,1493.47,1353.21,1354.83,980.00,985.10
2024-11-11,1551.13,1517.83,1383.06,1386.78,,987.99
2024-11-12,1500.23,1517.85,1377.54,1397.82,990.00,1000.84
2024-11-13,1496.03,1510.13,1377.08,1392.07,990.00,998.44
2024-11-14,1497.81,1510.99,1376.45,1382.94,990.00,1002.05
2024-11-15,1495.00,1514.69,1375.67,1391.55,990.00,1001.75
2024-11-18,1480.00,1492.84,1376.74,1381.52,980.00,1008.04
2024-11-19,1480.00,1483.84,1380.00,1362.85,980.00,991.59
2024-11-20,1492.05,1496.05,1371.43,1375.89,980.00,986.91
2024-11-21,1480.00,1498.51,1379.07,1380.89,980.00,989.05
2024-11-22,1480.00,1501.38,1369.32,1383.00,980.00,988.55
2024-11-25,1480.00,1484.06,1364.90,1384.95,980.00,992.91
2024-11-26,1492.73,1508.61,1375.18,1391.28,990.00,997.89
2024-11-27,1533.15,1506.71,1389.10,1386.55,990.00,996.49
2024-11-28,,1505.32,1389.10,1385.68,990.00,994.67
2024-11-29,1490.00,1498.89,1382.61,1377.57,990.00,993.74
2024-12-02,1490.00,1500.75,1382.86,1399.48,990.00,1007.52
2024-12-03,1500.00,1503.40,1385.88,1375.79,,993.01
2024-12-04,1503.33,1504.34,1385.95,1375.45,990.00,990.95
2024-12-05,1501.28,1521.47,1375.40,1405.11,990.00,1029.35
2024-12-06,,1554.48,1400.00,1434.48,,1010.68
2024-12-09,1500.00,1509.50,1377.38,1376.98,990.00,999.83
2024-12-10,1510.00,1515.49,1376.49,1374.23,990.00,994.98
2024-12-11,1510.00,1532.17,1373.76,1398.22,990.00,993.61
2024-12-12,1580.00,1535.80,1390.72,1399.90,990.00,995.10
2024-12-13,1510.00,1532.56,1377.08,1395.93,990.00,998.92
2024-12-16,1510.00,1544.27,1395.00,1399.75,990.00,995.80
2024-12-17,1571.82,1552.62,1418.29,1406.24,995.00,996.79
2024-12-18,1533.75,1555.54,1387.90,1400.14,995.00,997.31
2024-12-19,1530.00,1554.78,1389.88,1399.58,995.00,997.94
2024-12-20,1533.75,1539.34,1392.71,1388.20,995.00,998.89
2024-12-23,1535.00,1549.00,1400.38,1408.97,1000.00,1004.91
2024-12-24,1535.00,1549.41,1398.47,1409.92,1000.00,1002.40
2024-12-26,1536.36,1554.31,1404.23,1414.02,1000.00,1003.64
2024-12-27,1535.00,1561.47,1398.28,1436.71,1000.00,1023.84
2024-12-30,,1571.17,1440.00,1442.95,,1011.95
2025-01-02,1595.88,1549.24,1448.06,1417.09,1000.00,1003.16
2025-01-03,1535.00,1538.84,1402.07,1398.21,1000.00,1000.00
2025-01-06,1535.00,1554.08,1490.00,1414.90,1000.00,1000.00
2025-01-07,1580.34,1584.56,1455.38,1452.81,1050.00,1047.97
2025-01-08,1580.00,1592.91,1461.52,1469.65,1050.00,1048.61
2025-01-09,1580.00,1593.47,1457.55,1463.74,1050.00,1049.10
2025-01-10,1580.12,1596.53,1448.30,1475.43,1050.00,1047.38
2025-01-13,1580.00,1598.09,1463.50,1491.47,1050.00,1052.46
2025-01-14,1580.00,1596.50,1466.30,1491.71,1060.00,1062.71
2025-01-15,1580.00,1584.95,1483.33,1472.60,1060.00,1062.97
2025-01-16,1590.00,1583.72,1485.33,1465.93,,1064.45
2025-01-17,1580.00,1583.62,1466.67,1463.69,1060.00,1063.31
2025-01-20,1592.35,1604.80,1477.45,1485.42,1060.00,1065.33
2025-01-21,1590.00,1605.61,1503.49,1511.91,1090.00,1092.17
2025-01-22,1590.00,1607.10,1530.00,1512.86,,1095.62
2025-01-23,1643.85,1609.07,1537.57,1518.84,1090.00,1094.23
2025-01-24,1590.00,1582.13,1503.48,1502.59,1090.00,1097.85
2025-01-31,,1600.00,1520.00,1520.90,,1080.00
2025-02-03,1590.00,1611.18,1500.00,1510.39,1090.00,1103.96
2025-02-04,1573.75,1577.40,1471.09,1468.73,1060.00,1066.93
2025-02-05,1572.03,1590.29,1462.11,1481.71,1060.00,1067.14
2025-02-06,1575.12,1594.24,1459.05,1487.04,1060.00,1063.48
2025-02-07,1574.31,1583.31,1457.18,1469.93,1060.00,1061.85
2025-02-10,1602.94,1604.04,1502.14,1491.12,1060.00,1070.80
2025-02-11,1572.73,1592.79,1462.87,1473.84,1060.00,1065.53
2025-02-12,1587.69,1587.39,1461.67,1458.31,1090.48,1063.15
2025-02-13,1590.91,1585.44,1481.35,1457.96,1060.00,1063.65
2025-02-14,1571.64,1589.70,1450.38,1461.95,1060.00,1065.25
2025-02-17,1575.56,1578.35,1447.84,1453.27,1060.00,1067.60
2025-02-18,1577.50,1573.89,1447.78,1444.44,1060.00,1065.32
2025-02-19,1577.23,1584.25,1447.73,1451.56,1060.00,1062.31
2025-02-20,1583.33,1585.83,1451.34,1451.85,1060.00,1063.78
2025-02-21,1575.95,1587.63,1444.36,1453.83,1060.00,1062.59
2025-02-24,1587.45,1604.09,1445.69,1462.33,1060.00,1068.26
2025-02-25,1610.77,1601.14,1461.19,1461.61,1060.00,1066.70
2025-02-26,1582.06,1580.37,1435.74,1430.00,1050.00,1053.55
2025-02-27,1585.40,1572.99,1454.38,1425.27,1050.00,1054.96
2025-02-28,1565.56,1572.03,1424.35,1424.61,1050.00,1055.32
2025-03-04,1564.29,1569.59,1423.33,1431.80,1020.00,1029.74
2025-03-05,1560.75,1579.64,1417.32,1437.91,1020.00,1022.78
2025-03-06,1558.77,1551.85,1417.94,1416.07,1020.00,1030.74
2025-03-07,1556.83,1554.38,1414.52,1417.46,1020.00,1020.00
2025-03-10,1554.95,1567.97,1420.48,1433.44,1020.00,1034.49
2025-03-11,1513.10,1528.32,1400.82,1411.22,990.00,999.72
2025-03-12,1527.87,1523.96,1403.84,1408.09,990.00,994.44
2025-03-13,1518.75,1520.67,1406.47,1403.91,990.00,998.18
2025-03-14,1507.59,1516.63,1397.03,1400.76,990.00,996.84
2025-03-17,1513.33,1515.16,1401.38,1399.45,990.00,1002.71
2025-03-18,1540.00,1516.08,1394.57,1387.32,980.00,991.74
2025-03-19,1513.75,1524.89,1383.87,1396.79,980.00,982.62
2025-03-20,1520.00,1522.89,1388.23,1391.74,980.00,980.00
2025-03-21,1513.91,1528.06,1383.91,1394.84,980.00,984.80
2025-03-24,1541.23,1539.15,1395.92,1398.45,980.00,987.29
2025-03-25,1526.24,1542.60,1393.33,1401.38,990.00,994.54
2025-03-26,1542.50,1534.20,1404.60,1397.24,990.00,1004.90
2025-03-27,1528.50,1525.64,1397.90,1394.04,990.00,992.75
2025-03-28,1524.87,1528.41,1392.75,1392.76,990.00,991.59
2025-03-31,1537.74,1535.75,1402.55,1403.13,990.00,996.21
2025-04-01,1570.00,1552.63,1430.00,1411.21,,1011.82
2025-04-02,1555.00,1557.41,1405.26,1409.66,1010.00,1019.62
2025-04-03,1563.33,1565.15,1409.31,1412.92,1010.00,1018.93
2025-04-04,1556.67,1553.14,1408.57,1403.33,1010.00,1009.67
2025-04-07,1538.49,1545.60,1390.04,1402.75,980.00,982.40
2025-04-08,1533.14,1540.99,1387.75,1397.03,980.00,981.86
2025-04-09,1520.63,1542.36,1381.88,1379.99,950.00,956.17
2025-04-10,1539.10,1552.19,1368.53,1404.83,950.00,959.90
2025-04-11,1496.75,1537.41,1357.50,1391.99,950.00,957.01
2025-04-14,1492.59,1493.66,1353.62,1363.19,950.00,953.57
2025-04-15,1504.18,1468.21,1345.52,1344.64,940.00,942.57
2025-04-16,1470.10,1473.32,1344.59,1353.95,940.00,945.34
2025-04-17,1472.77,1481.69,1350.44,1347.54,940.00,944.60
2025-04-18,1479.27,1466.98,1350.83,1343.36,940.00,941.83
2025-04-21,1464.18,1466.21,1343.33,1342.92,,945.64
2025-04-22,1475.85,1479.24,1344.91,1346.80,940.00,944.94
2025-04-23,1501.86,1494.32,1366.47,1363.54,940.00,958.10
2025-04-24,1475.87,1486.23,1346.43,1353.24,940.00,946.55
2025-04-25,1472.63,1483.86,1342.21,1350.56,940.00,940.29
2025-04-28,1515.00,1496.82,1369.17,1357.45,,944.89
2025-04-29,1566.87,1505.17,1419.72,1356.25,940.00,945.44
2025-04-30,1495.52,1516.24,1345.20,1376.30,940.00,986.76
2025-05-02,1530.00,1532.17,1390.00,1394.14,,968.80
2025-05-07,1515.00,1528.34,1363.00,1380.35,920.00,945.44
2025-05-08,1523.89,1527.39,1360.00,1377.97,,921.95
2025-05-09,1512.38,1524.27,1362.68,1373.48,920.00,919.46
2025-05-12,1517.86,1523.60,1363.33,1378.16,920.00,931.36
2025-05-13,1524.56,1521.41,1375.88,1372.77,920.00,916.55
2025-05-14,1531.25,1516.86,1369.64,1364.72,920.00,918.90
2025-05-15,1516.00,1518.57,1370.70,1365.59,,908.65
2025-05-16,1510.83,1517.79,1361.14,1366.52,920.00,906.35
2025-05-19,,1515.11,1360.00,1368.59,920.00,921.26
2025-05-20,1505.37,1505.01,1358.52,1355.70,900.00,897.87
2025-05-21,1505.41,1517.88,1356.00,1366.81,900.00,901.26
2025-05-22,1551.00,1519.13,1378.52,1369.24,900.00,905.29
2025-05-23,1507.22,1519.02,1351.90,1368.16,900.00,900.82
2025-05-26,1502.50,1521.64,1352.39,1370.03,,908.06
2025-05-27,1494.75,1513.05,1333.26,1354.18,890.00,890.15
2025-05-28,1525.00,1502.06,1380.00,1344.25,890.00,895.60
2025-05-29,1538.26,1499.13,1370.08,1338.43,890.00,892.33
2025-05-30,1498.94,1502.74,1338.50,1340.26,890.00,890.92
2025-06-02,1499.38,1501.75,1338.21,1339.78,890.00,883.25
2025-06-04,1512.50,1514.72,1354.29,1362.24,890.00,891.48
2025-06-05,1521.47,1511.84,1360.31,1353.22,890.00,889.07
2025-06-09,1511.74,1518.86,1352.69,1360.76,890.00,882.01
2025-06-10,1510.53,1512.95,1351.87,1359.60,,900.75
2025-06-11,1532.81,1515.36,1357.18,1364.23,900.00,895.19
2025-06-12,1535.90,1515.55,1380.07,1366.72,900.00,897.68
2025-06-13,1511.01,1515.81,1352.77,1364.30,,892.36
2025-06-16,1519.09,1531.75,1357.37,1379.03,900.00,902.48
2025-06-17,1533.33,1535.25,1367.27,1372.91,920.00,915.50
2025-06-18,1530.95,1536.91,1363.08,1372.45,920.00,935.15
2025-06-19,1540.00,1535.56,1365.00,1366.62,920.00,927.10
2025-06-20,1547.71,1548.28,1381.85,1382.36,940.00,938.28
2025-06-23,1567.86,1580.18,1394.73,1418.43,940.00,941.79
2025-06-24,1590.22,1587.52,1421.49,1428.67,,961.24
2025-06-25,1605.00,1581.36,1437.71,1424.17,960.00,962.13
2025-06-26,1600.00,1586.87,1470.00,1423.95,960.00,961.05
2025-06-27,1578.57,1590.31,1417.50,1439.80,,961.07
2025-06-30,1572.00,1595.40,1421.05,1434.34,960.00,958.82
2025-07-01,1552.50,1571.68,1413.33,1439.33,940.00,943.25
2025-07-02,1604.38,1548.90,1447.78,1407.72,940.00,943.32
2025-07-03,1548.00,1553.71,1422.86,1417.46,940.00,966.67
2025-07-04,1567.31,1535.77,1422.22,1402.48,940.00,940.14
2025-07-07,1533.33,1538.23,1407.24,1412.56,,941.72
2025-07-08,1535.37,1533.56,1403.80,1403.90,940.00,939.84
2025-07-09,1557.37,1547.68,1422.12,1426.61,,943.24
2025-07-10,1545.38,1555.66,1411.08,1440.23,940.00,995.41
2025-07-11,1555.00,1555.76,1438.00,1439.34,,975.35
2025-07-14,1566.76,1540.48,1444.86,1446.31,940.00,947.28
2025-07-15,1536.25,1537.83,1438.00,1441.85,950.00,953.37
2025-07-16,1532.22,1537.21,1426.67,1443.81,950.00,963.88
2025-07-17,1533.85,1541.67,1426.57,1449.42,950.00,938.51
2025-07-18,1530.00,1534.11,1420.00,1425.80,,950.73
2025-07-21,1533.33,1535.42,1425.00,1428.00,950.00,947.90
2025-07-22,1545.00,1524.66,1440.74,1422.23,,951.46
2025-07-23,1527.46,1532.46,1425.15,1434.68,950.00,950.26
2025-07-24,1526.15,1534.10,1427.54,1440.18,950.00,951.24
2025-07-25,1541.30,1533.46,1435.67,1436.28,950.00,954.40
2025-07-28,1533.06,1533.13,1423.79,1445.93,950.00,959.59
2025-07-29,1538.13,1531.07,1429.00,1448.75,950.00,951.68
2025-07-30,1527.31,1523.88,1424.55,1439.90,,953.13
2025-07-31,1560.65,1521.80,1446.83,1441.49,950.00,974.61
2025-08-01,1534.75,1517.01,1422.57,1427.38,950.00,950.83
2025-08-04,1539.09,1518.06,1442.22,1427.50,950.00,965.67
2025-08-05,1538.14,1536.20,1440.60,1436.61,970.00,970.00
2025-08-06,1542.50,1546.81,1450.00,1465.11,970.00,970.00
2025-08-07,1536.67,1546.78,1438.57,1461.89,970.00,983.88
2025-08-08,1534.55,1546.94,1433.64,1453.02,970.00,983.81
2025-08-11,1516.29,1544.23,1418.21,1456.16,,972.32
2025-08-12,1520.00,1528.46,1411.15,1429.08,940.00,955.74
2025-08-13,1576.00,1526.45,1459.85,1431.55,,951.28
2025-08-14,1517.33,1532.49,1416.16,1436.91,940.00,951.19
2025-08-18,1517.35,1517.77,1404.55,1423.36,930.00,941.48
2025-08-19,1549.41,1513.23,1435.33,1403.98,1010.00,938.86
2025-08-20,1521.36,1525.24,1406.94,1413.14,930.00,936.11
2025-08-21,1515.43,1524.84,1404.69,1412.94,930.00,930.63
2025-08-22,1520.29,1525.35,1403.13,1411.80,930.00,931.55
2025-08-25,1518.10,1527.46,1403.21,1416.73,930.00,933.85
2025-08-26,1532.94,1538.40,1402.33,1410.53,930.00,932.72
2025-08-27,1553.75,1537.47,1423.81,1412.59,,930.88
2025-08-28,1531.08,1538.66,1403.71,1410.52,930.00,934.74
2025-08-29,1537.40,1538.04,1409.35,1411.69,930.00,930.60
2025-09-01,1540.50,1532.69,1410.00,1412.52,930.00,943.51
2025-09-02,1544.17,1610.00,1418.75,1480.00,,
2025-09-03,1543.33,1553.35,1416.67,1429.62,,958.23
2025-09-04,1542.22,1553.67,1411.54,1419.57,940.00,957.69
2025-09-05,1541.39,1566.67,1406.00,1458.72,940.00,940.00
2025-09-08,1544.71,1548.00,1409.78,1410.55,,954.48
2025-09-09,1544.00,1551.17,1408.18,1421.65,940.00,954.84
2025-09-10,1566.30,1556.00,1425.32,1435.67,940.00,944.07
2025-09-11,1554.29,1559.55,1424.55,1438.21,940.00,954.09
2025-09-12,1544.44,1555.93,1405.87,1434.19,940.00,950.24
2025-09-15,1549.44,1557.04,1420.00,1441.58,940.00,956.81
2025-09-16,1553.60,1541.14,1425.45,1425.21,950.00,959.21
2025-09-17,1566.48,1552.05,1430.38,1429.25,950.00,975.44
2025-09-18,1544.64,1549.21,1418.95,1424.35,950.00,952.27
2025-09-19,1544.10,1545.12,1417.71,1414.21,,950.35
2025-09-22,1542.73,1553.29,1413.87,1429.00,950.00,954.85
2025-09-23,1545.56,1552.52,1423.64,1433.32,960.00,964.10
2025-09-24,1558.29,1552.34,1431.52,1431.35,960.00,960.48
2025-09-25,1545.71,1554.95,1430.00,1437.24,960.00,966.55
2025-09-26,1545.26,1552.54,1425.68,1431.71,960.00,960.62
2025-09-29,1545.00,1547.15,1429.31,1436.25,960.00,961.37
2025-09-30,1541.82,1545.53,1427.66,1430.87,960.00,960.66
2025-10-01,1565.00,1545.52,1449.12,1441.82,995.00,962.66
2025-10-02,1541.43,1552.02,1422.00,1455.72,960.00,990.76
2025-10-10,,1603.66,,1508.45,,979.65
2025-10-13,1540.00,1551.31,1450.00,1464.81,,1014.27
2025-10-14,1540.00,1543.54,1423.24,1436.71,960.00,963.05
2025-10-15,1540.00,1541.95,1422.03,1440.70,960.00,961.43
2025-10-16,1540.00,1544.27,1428.82,1438.14,960.00,968.08
2025-10-17,1540.00,1541.90,1426.58,1426.22,960.00,962.37
2025-10-20,1538.85,1523.39,1423.53,1430.61,960.00,966.53
2025-10-21,1527.50,1522.26,1412.50,1406.69,950.00,954.91
2025-10-22,1550.00,1530.89,1438.73,1417.43,950.00,958.21
2025-10-23,1522.65,1529.82,1405.45,1418.62,950.00,959.88
2025-10-24,1523.75,1525.15,1406.47,1416.55,950.00,950.89
2025-10-27,1533.33,1538.96,1411.20,1426.82,950.00,965.55
2025-10-28,1547.08,1547.84,1450.00,1454.70,980.00,983.85
2025-10-29,1548.57,1548.29,1465.26,1450.97,980.00,980.42
2025-10-30,1548.33,1548.16,1459.41,1451.99,980.00,984.76
2025-10-31,1545.62,1548.85,1444.81,1450.36,980.00,985.58
2025-11-03,1558.85,1562.36,1451.43,1456.61,980.00,982.62
2025-11-04,1590.00,1568.93,1520.00,1506.64,,1021.92
2025-11-05,1571.82,1582.22,1503.08,1510.82,1020.00,1022.74
2025-11-06,1579.29,1584.96,1507.50,1510.44,,1024.07
2025-11-07,1572.14,1576.15,1503.33,1506.32,1020.00,1027.85
2025-11-10,1578.33,1591.51,1506.84,1533.97,1020.00,1024.65
2025-11-11,1627.92,1603.49,1569.55,1554.03,1050.00,1051.42
2025-11-12,1605.00,1602.15,1549.38,1552.63,,1052.91
2025-11-13,1601.32,1604.36,1544.84,1545.71,1050.00,1054.75
2025-11-14,1600.94,1604.35,1542.11,1547.51,1050.00,1064.56
2025-11-17,1625.00,1610.36,1590.00,1552.27,,1054.34
2025-11-18,1625.00,1607.14,1590.00,1567.36,1060.00,1064.80
2025-11-19,1604.41,1626.12,1553.53,1583.04,1060.00,1073.31
2025-11-20,1609.09,1616.59,1568.18,1570.14,1060.00,1072.99
2025-11-21,1611.36,1616.33,1557.74,1566.17,1060.00,1066.47
2025-11-24,1604.00,1609.90,1554.88,1578.19,1060.00,1069.41
2025-11-25,1599.00,1611.22,1553.33,1567.82,,1071.48
2025-11-26,1595.00,1599.19,1545.45,1548.79,1060.00,1072.70
2025-11-27,1606.67,1599.92,1558.46,1544.95,,1070.58
2025-11-28,1595.36,1599.93,1550.53,1545.88,1060.00,1064.62
2025-12-01,1599.38,1593.98,1541.36,1547.55,1060.00,1092.60
2025-12-02,1602.35,1594.23,1524.84,1522.78,1050.00,1056.31
2025-12-03,1611.43,1603.90,1525.00,1505.83,1050.00,1050.00
2025-12-04,1596.67,1603.30,1506.76,1515.76,1050.00,1050.00
2025-12-05,1602.00,1603.37,1521.88,1509.69,1050.00,1054.58
2025-12-08,1595.71,1623.85,1503.13,1521.82,1050.00,1054.27
2025-12-09,1598.28,1610.98,1494.29,1503.09,1050.00,1051.99
2025-12-10,1637.41,1617.07,1513.33,1506.50,1050.00,1052.24
2025-12-11,1608.82,1628.39,1499.21,1514.21,1050.00,1048.78
2025-12-12,1600.00,1619.32,1497.61,1509.45,1050.00,1055.39
2025-12-15,1604.29,1612.34,1485.00,1495.82,1030.00,1039.26
2025-12-16,1597.69,1602.05,1476.25,1481.89,1030.00,1030.41
2025-12-17,1596.94,1599.89,1475.56,1477.27,1030.00,1033.71
2025-12-18,1602.50,1597.23,1474.80,1471.71,,1029.97
2025-12-19,1595.88,1593.91,1476.00,1473.71,1030.00,1030.11
2025-12-22,1584.21,1588.91,1446.56,1456.00,1000.00,993.14
2025-12-23,1583.81,1592.28,1445.25,1454.02,1000.00,1002.20
2025-12-24,1611.76,1600.90,1463.94,1471.42,1000.00,1011.86
2025-12-26,1600.00,1600.39,1470.00,1471.85,,1009.75
2025-12-29,1582.74,1582.93,1442.61,1452.47,1000.00,1003.64
2025-12-30,1576.67,1590.00,1450.00,1460.31,980.00,975.00
2026-01-02,1590.00,1593.74,1460.00,1472.13,,1026.86
2026-01-05,1565.00,1580.43,1445.00,1466.88,,1044.06
2026-01-06,1565.00,1565.00,1445.00,1445.00,,955.00
2026-01-07,1565.00,1565.00,1445.00,1445.00,,955.00
2026-01-08,1609.69,1565.33,1453.33,1445.26,,967.84
2026-01-09,1565.00,1567.41,1445.00,1447.20,,985.87
2026-01-12,1552.00,1553.01,1428.00,1430.75,,991.68
2026-01-13,1552.00,1554.97,1428.00,1430.50,,982.31
2026-01-14,1597.00,1552.60,1452.71,1432.65,1000.00,1000.26
2026-01-15,1552.00,1555.58,1428.00,1433.79,,1002.39
2026-01-16,1552.00,1555.07,1428.00,1438.68,,1013.42
2026-01-19,1562.00,1566.41,1455.00,1460.39,,1017.05
2026-01-20,1562.00,1575.70,1455.00,1460.84,,1017.35
2026-01-21,1562.00,1562.19,1455.00,1456.75,,998.61
2026-01-22,1562.00,1562.36,1455.00,1457.57,,990.76
2026-01-23,1562.00,1544.89,1455.00,1456.24,,1005.88
2026-01-26,1564.00,1564.20,1479.00,1479.04,,1002.47
2026-01-27,1542.75,1551.62,1454.50,1458.51,980.00,988.52
2026-01-28,1578.10,1544.32,1476.92,1450.68,980.00,984.07
2026-01-29,1564.00,1543.69,1479.00,1440.79,980.00,984.12
2026-01-30,1551.25,1530.17,1467.17,1448.81,980.00,985.54
2026-02-02,1539.67,1540.21,1446.62,1441.62,980.00,987.77
2026-02-03,1541.67,1523.41,1468.33,1455.20,990.00,993.02
2026-02-04,1552.50,1529.85,1494.00,1452.18,990.00,991.34
2026-02-05,1546.00,1543.62,1474.44,1465.61,990.00,997.42
2026-02-06,1546.00,1528.24,1466.92,1455.63,990.00,998.97
2026-02-09,1543.43,1535.04,1473.33,1466.46,990.00,995.48
2026-02-10,1554.17,1531.18,1501.82,1491.92,1000.00,1000.16
2026-02-11,1583.24,1547.11,1525.38,1505.33,1021.18,1000.84
2026-02-12,1547.33,1548.24,1495.56,1508.40,1000.00,1006.85
2026-02-13,1539.13,1552.84,1492.31,1510.79,1000.00,1006.19
2026-02-19,1538.44,1534.01,1486.88,1496.71,1000.00,1007.06
2026-02-20,1537.35,1534.74,1493.75,1488.03,1000.00,1003.06
2026-02-23,1559.30,1556.33,1531.34,1503.15,1000.00,1004.78
2026-02-24,1550.47,1555.90,1509.56,1516.72,1010.00,1013.77
2026-02-25,1550.47,1563.15,1521.58,1519.81,1010.00,1014.83
2026-02-26,1577.77,1567.04,1536.74,1523.92,1017.78,1019.46
2026-02-27,1548.00,1561.97,1519.62,1518.41,1010.00,1018.24
2026-03-03,1620.31,1623.56,1648.36,1659.75,1110.00,1105.14
2026-03-04,1661.82,1659.43,1779.07,1779.09,1350.00,1332.28
2026-03-05,1696.00,1679.01,1954.55,1884.42,1750.00,1678.92
2026-03-06,1664.00,1692.65,1903.64,1900.78,2000.00,1993.17
2026-03-09,1822.86,1800.96,1982.35,1939.12,1900.00,1914.10
2026-03-10,1916.36,1797.63,1977.12,1930.66,,1900.00
2026-03-11,1791.90,1823.38,1962.50,1979.61,1900.00,1900.15
2026-03-12,1750.00,1767.97,1800.00,1822.77,,1963.04
2026-03-13,,1721.08,1710.00,1711.57,,1328.60
2026-03-16,1720.00,1721.08,1710.00,1711.47,,1333.48
2026-03-17,1720.00,1720.79,1710.00,1710.82,,1331.25
2026-03-18,1722.90,1720.44,1712.03,1710.88,,1327.96
2026-03-19,1720.00,1720.61,1710.00,1710.56,,1329.39
2026-03-20,1720.00,1720.34,1710.00,1710.85,,1328.40
2026-03-23,1720.00,1721.04,1710.00,1711.54,,1328.91
2026-03-24,1722.11,1720.71,1711.56,1710.66,1320.00,1331.02
2026-03-25,1720.00,1720.41,1710.00,1710.41,,1325.62
2026-03-26,1720.00,1720.46,1710.00,1710.28,,1324.67
2026-03-27,1930.00,1932.86,1920.00,1924.23,,1547.97
2026-03-30,1930.00,1931.18,1920.00,1922.34,,1548.24
2026-03-31,1930.00,1930.80,1920.00,1920.56,,1533.52
2026-04-01,,1930.93,,1922.87,,1543.87
2026-04-02,,1931.57,,1921.59,,1547.54
2026-04-03,,1931.00,,1920.93,,1537.69
2026-04-06,,1931.94,,1922.06,,1582.08
2026-04-07,,1930.65,,1920.80,,1536.77
2026-04-08,,1930.10,,1920.65,,1538.06
2026-04-09,1934.00,1930.66,1923.00,1920.72,,1538.94
2026-04-10,,1939.40,,1929.65,,1531.73
2026-04-13,,1933.52,,1923.26,,1539.50
2026-04-14,,1930.72,,1921.65,,1533.62
2026-04-15,,1932.02,,1922.59,,1543.19
2026-04-16,,1931.16,,1920.95,,1546.38
2026-04-17,,1930.90,,1921.63,,1547.59
2026-04-20,,1932.54,,1922.04,,1542.95
2026-04-21,,1930.00,,1920.00,,1530.00
2026-04-22,,1930.28,,1920.33,,1543.01
2026-04-23,1934.00,1930.16,1923.00,1920.16,,1534.61
2026-04-24,,1931.97,,1923.54,,1546.08
2026-04-27,,1931.83,,1922.67,,1537.31
2026-04-28,1934.00,1930.95,1923.00,1921.86,,1538.06
2026-04-29,1934.00,1930.59,1923.00,1921.35,,1533.17
2026-04-30,,1930.66,,1920.73,,1538.84
2026-05-04,,1930.52,,1920.93,,1538.18
2026-05-06,1934.00,1930.07,1923.00,1920.29,,1536.71
2026-05-07,,1925.41,,1915.33,,1525.61
2026-05-08,,1926.81,,1919.02,,1544.76
2026-05-11,,1926.81,,1919.39,,1542.18
2026-05-12,,1925.96,,1915.37,,1544.17
2026-05-13,,1925.54,,1916.38,,1528.29
2026-05-14,,1926.18,,1915.80,,1523.63
2026-05-15,,1925.44,,1916.19,,1534.50
2026-05-18,,1953.00,,1942.00,,1549.00
2026-05-19,1934.00,1925.09,1923.00,1915.21,,1527.44
2026-05-20,,1925.34,,1915.52,,1529.67
2026-05-21,1934.00,1925.70,1923.00,1915.38,,1537.90
2026-05-22,,1928.79,,1917.47,,1537.51
2026-05-26,,1925.64,,1915.97,,1544.17
2026-05-27,,1926.14,,1915.92,,1526.44
2026-05-28,1934.00,1926.01,1923.00,1916.21,,1529.67
2026-05-29,,1925.47,,1916.14,,1533.65
2026-06-01,,1925.97,,1915.81,,1543.20
2026-06-02,1934.00,1925.33,1923.00,1916.22,,1528.70
2026-06-04,,1926.43,,1916.12,,1547.39
2026-06-05,,1925.59,,1915.57,,1527.63
2026-06-08,,1925.69,,1916.27,,1547.88
2026-06-09,,1925.63,,1915.93,,1537.40
2026-06-10,,1925.00,,1915.00,,1520.00
2026-06-11,1934.00,1925.94,1923.00,1915.82,,1526.44
2026-06-12,1929.00,1925.42,,1915.81,,1529.67
2026-06-15,1929.00,1926.20,1918.00,1916.79,,1537.06
2026-06-16,1929.00,1925.29,1918.00,1915.22,,1542.66
2026-06-17,1932.89,1925.57,1922.46,1915.19,,1522.64
2026-06-18,1929.00,1925.62,1918.00,1915.72,,1546.36
2026-06-19,1929.00,1929.36,1918.00,1916.59,,1546.36
2026-06-22,1929.00,1926.25,1918.00,1917.78,,1539.33
2026-06-23,1929.00,1925.13,1918.00,1916.19,,1547.88
2026-06-24,1934.00,1926.12,1872.93,1915.75,,1521.12
2026-06-25,1929.00,1927.35,,1923.20,,1520.34
2026-06-26,1934.00,1926.37,1873.00,1918.96,,1520.34
2026-06-29,1934.00,1780.36,1873.44,1771.17,,1381.00
2026-06-30,,1780.27,,1772.96,,1386.43
2026-07-01,,1781.01,,1772.09,,1397.22
2026-07-02,1779.00,1780.45,,1772.14,,1392.33
2026-07-03,1779.00,1781.53,1772.92,1776.60,,1395.00
2026-07-06,1779.00,1780.00,1768.00,1770.00,,1375.00
2026-07-07,1779.00,1780.62,1768.00,1770.51,,1391.44
2026-07-08,,1780.64,,1771.60,,1390.27
2026-07-09,1779.00,1780.57,1768.00,1771.66,,1395.00
2026-07-10,,1780.59,,1771.31,,1387.92
2026-07-13,1779.00,1784.57,1768.00,1776.18,,1398.27
2026-07-14,,1784.00,,1773.00,,1380.00
2026-07-15,1782.85,1784.29,1772.48,1773.46,,1392.84
2026-07-16,1779.00,1784.30,1768.00,1773.65,,1384.00
2026-07-20,1779.00,1784.81,1768.00,1774.76,,1396.38
2026-07-21,1779.00,1784.40,1768.00,1774.13,,1388.87
2026-07-22,1783.24,1784.20,1771.97,1773.70,,1388.64
2026-07-23,1779.00,1784.17,1768.00,1773.17,,1388.48
2026-07-24,1779.00,1784.52,1768.00,1773.97,,1387.98
2026-07-27,1779.00,1785.69,1768.00,1778.93,,1394.25
2026-07-28,1779.00,1784.75,1768.00,1777.74,,1389.50
2026-07-29,1779.00,1785.73,1768.00,1774.73,,1381.73
