date,krx_bond_total_return_idx,krx_bond_avg_yield
2010-01-04,122.81,4.685
2010-01-05,123.11,4.596
2010-01-06,123.00,4.628
2010-01-07,123.35,4.533
2010-01-08,123.23,4.547
2010-01-11,123.48,4.465
2010-01-12,123.57,4.443
2010-01-13,123.58,4.452
2010-01-14,123.66,4.438
2010-01-15,123.59,4.465
2010-01-18,123.55,4.497
2010-01-19,123.71,4.461
2010-01-20,123.72,4.465
2010-01-21,123.72,4.471
2010-01-22,123.79,4.452
2010-01-25,123.82,4.458
2010-01-26,123.98,4.415
2010-01-27,123.94,4.429
2010-01-28,123.78,4.477
2010-01-29,123.96,4.436
2010-02-01,123.94,4.451
2010-02-02,124.05,4.416
2010-02-03,124.10,4.398
2010-02-04,124.16,4.378
2010-02-05,124.30,4.350
2010-02-08,124.26,4.376
2010-02-09,124.28,4.369
2010-02-10,124.31,4.359
2010-02-11,124.53,4.308
2010-02-12,124.67,4.261
2010-02-15,124.72,4.266
2010-02-16,124.72,4.264
2010-02-17,124.76,4.251
2010-02-18,124.80,4.251
2010-02-19,124.65,4.309
2010-02-22,124.70,4.315
2010-02-23,124.82,4.282
2010-02-24,124.97,4.247
2010-02-25,125.21,4.196
2010-02-26,125.22,4.192
2010-03-01,125.25,4.206
2010-03-02,125.31,4.191
2010-03-03,125.44,4.151
2010-03-04,125.56,4.127
2010-03-05,125.61,4.119
2010-03-08,125.64,4.124
2010-03-09,125.75,4.096
2010-03-10,125.83,4.115
2010-03-11,126.26,4.004
2010-03-12,126.45,3.962
2010-03-15,126.49,3.959
2010-03-16,126.71,3.894
2010-03-17,126.86,3.851
2010-03-18,127.04,3.808
2010-03-19,127.04,3.808
2010-03-22,127.20,3.779
2010-03-23,126.76,3.888
2010-03-24,126.52,3.930
2010-03-25,126.90,3.828
2010-03-26,126.81,3.838
2010-03-29,126.62,3.880
2010-03-30,126.63,3.878
2010-03-31,126.76,3.852
2010-04-01,126.96,3.797
2010-04-02,126.97,3.787
2010-04-05,126.91,3.818
2010-04-06,126.97,3.818
2010-04-07,127.12,3.787
2010-04-08,127.33,3.737
2010-04-09,127.23,3.766
2010-04-12,126.98,3.826
2010-04-13,127.02,3.817
2010-04-14,126.92,3.843
2010-04-15,127.01,3.821
2010-04-16,127.16,3.786
2010-04-19,127.20,3.790
2010-04-20,127.25,3.782
2010-04-21,127.15,3.806
2010-04-22,127.26,3.791
2010-04-23,127.31,3.791
2010-04-26,127.37,3.791
2010-04-27,127.57,3.746
2010-04-28,127.62,3.740
2010-04-29,127.71,3.724
2010-04-30,127.61,3.765
2010-05-03,127.43,3.841
2010-05-04,127.41,3.843
2010-05-05,127.42,3.843
2010-05-06,127.18,3.902
2010-05-07,127.35,3.859
2010-05-10,127.25,3.888
2010-05-11,127.46,3.844
2010-05-12,127.12,3.950
2010-05-13,127.07,3.969
2010-05-14,127.10,3.962
2010-05-17,127.04,3.991
2010-05-18,127.05,3.996
2010-05-19,127.06,4.004
2010-05-20,127.15,3.991
2010-05-21,127.16,3.996
2010-05-24,127.39,3.954
2010-05-25,127.48,3.936
2010-05-26,127.38,3.968
2010-05-27,127.40,3.975
2010-05-28,127.36,3.992
2010-05-31,127.46,3.985
2010-06-01,127.59,3.964
2010-06-02,127.60,3.961
2010-06-03,127.57,3.976
2010-06-04,127.51,3.995
2010-06-07,127.69,3.956
2010-06-08,127.69,3.955
2010-06-09,127.74,3.947
2010-06-10,127.67,3.972
2010-06-11,127.62,3.990
2010-06-14,127.62,4.006
2010-06-15,127.67,4.005
2010-06-16,127.72,3.997
2010-06-17,127.77,3.982
2010-06-18,127.75,3.992
2010-06-21,127.47,4.079
2010-06-22,127.47,4.096
2010-06-23,127.44,4.122
2010-06-24,127.48,4.124
2010-06-25,127.50,4.131
2010-06-28,127.50,4.158
2010-06-29,127.66,4.120
2010-06-30,127.77,4.095
2010-07-01,127.93,4.058
2010-07-02,127.94,4.054
2010-07-05,127.92,4.068
2010-07-06,127.98,4.053
2010-07-07,127.84,4.096
2010-07-08,127.75,4.131
2010-07-09,127.76,4.143
2010-07-12,127.75,4.162
2010-07-13,127.79,4.157
2010-07-14,127.78,4.170
2010-07-15,127.92,4.135
2010-07-16,127.98,4.120
2010-07-19,128.00,4.121
2010-07-20,128.03,4.116
2010-07-21,128.17,4.076
2010-07-22,128.32,4.038
2010-07-23,128.29,4.051
2010-07-26,128.30,4.068
2010-07-27,128.38,4.052
2010-07-28,128.40,4.053
2010-07-29,128.53,4.026
2010-07-30,128.56,4.020
2010-08-02,128.49,4.054
2010-08-03,128.51,4.054
2010-08-04,128.62,4.030
2010-08-05,128.53,4.058
2010-08-06,128.51,4.077
2010-08-09,128.51,4.098
2010-08-10,128.57,4.089
2010-08-11,128.79,4.040
2010-08-12,128.99,3.983
2010-08-13,129.07,3.964
2010-08-16,129.11,3.967
2010-08-17,129.10,3.973
2010-08-18,129.29,3.933
2010-08-19,129.50,3.902
2010-08-20,129.78,3.852
2010-08-23,129.75,3.864
2010-08-24,129.85,3.842
2010-08-25,129.88,3.842
2010-08-26,130.05,3.819
2010-08-27,130.05,3.833
2010-08-30,130.05,3.853
2010-08-31,130.19,3.831
2010-09-01,129.98,3.894
2010-09-02,130.15,3.853
2010-09-03,130.02,3.882
2010-09-06,129.91,3.910
2010-09-07,130.13,3.862
2010-09-08,130.26,3.839
2010-09-09,130.98,3.644
2010-09-10,130.86,3.681
2010-09-13,130.89,3.670
2010-09-14,131.06,3.617
2010-09-15,130.98,3.648
2010-09-16,131.15,3.614
2010-09-17,131.01,3.651
2010-09-20,130.86,3.695
2010-09-21,130.87,3.695
2010-09-22,130.88,3.695
2010-09-23,130.90,3.698
2010-09-24,131.14,3.642
2010-09-27,131.29,3.615
2010-09-28,131.38,3.602
2010-09-29,131.52,3.583
2010-09-30,131.62,3.569
2010-10-01,131.99,3.511
2010-10-04,131.92,3.548
2010-10-05,132.02,3.535
2010-10-06,131.96,3.549
2010-10-07,131.98,3.548
2010-10-08,132.04,3.533
2010-10-11,131.95,3.555
2010-10-12,132.07,3.530
2010-10-13,131.98,3.555
2010-10-14,132.70,3.368
2010-10-15,132.73,3.357
2010-10-18,132.64,3.379
2010-10-19,132.20,3.479
2010-10-20,132.01,3.525
2010-10-21,131.87,3.556
2010-10-22,131.94,3.516
2010-10-25,131.76,3.558
2010-10-26,131.73,3.556
2010-10-27,131.55,3.599
2010-10-28,131.89,3.546
2010-10-29,131.68,3.586
2010-11-01,131.44,3.679
2010-11-02,131.29,3.714
2010-11-03,131.28,3.725
2010-11-04,131.09,3.777
2010-11-05,130.89,3.844
2010-11-08,130.92,3.838
2010-11-09,130.88,3.850
2010-11-10,131.14,3.806
2010-11-11,131.13,3.802
2010-11-12,131.12,3.805
2010-11-15,131.06,3.830
2010-11-16,131.48,3.731
2010-11-17,131.57,3.720
2010-11-18,131.63,3.701
2010-11-19,131.60,3.694
2010-11-22,131.59,3.714
2010-11-23,131.43,3.755
2010-11-24,131.70,3.700
2010-11-25,131.82,3.677
2010-11-26,131.73,3.695
2010-11-29,131.98,3.644
2010-11-30,132.16,3.615
2010-12-01,132.17,3.627
2010-12-02,132.17,3.630
2010-12-03,132.25,3.616
2010-12-06,132.40,3.598
2010-12-07,132.41,3.603
2010-12-08,132.15,3.670
2010-12-09,132.12,3.673
2010-12-10,132.22,3.667
2010-12-13,131.88,3.753
2010-12-14,131.84,3.764
2010-12-15,131.54,3.847
2010-12-16,131.69,3.809
2010-12-17,131.62,3.829
2010-12-20,131.70,3.821
2010-12-21,131.96,3.757
2010-12-22,132.12,3.716
2010-12-23,132.17,3.712
2010-12-24,132.10,3.729
2010-12-27,131.97,3.780
2010-12-28,131.92,3.797
2010-12-29,131.98,3.791
2010-12-30,131.98,3.794
2010-12-31,132.00,3.796
2011-01-03,131.85,3.834
2011-01-04,131.82,3.835
2011-01-05,131.78,3.832
2011-01-07,131.57,3.873
2011-01-10,131.63,3.870
2011-01-11,131.64,3.884
2011-01-12,131.83,3.849
2011-01-13,131.57,3.932
2011-01-14,131.55,3.968
2011-01-17,131.53,4.011
2011-01-18,131.63,3.990
2011-01-19,131.37,4.065
2011-01-20,131.37,4.075
2011-01-21,131.34,4.085
2011-01-24,131.24,4.128
2011-01-25,131.23,4.138
2011-01-26,131.33,4.123
2011-01-27,131.41,4.112
2011-01-28,131.39,4.125
2011-01-31,131.31,4.157
2011-02-01,131.31,4.181
2011-02-02,131.33,4.178
2011-02-03,131.34,4.180
2011-02-04,131.36,4.180
2011-02-07,131.08,4.262
2011-02-08,131.16,4.241
2011-02-09,131.19,4.227
2011-02-10,131.35,4.199
2011-02-11,131.36,4.185
2011-02-14,131.33,4.207
2011-02-15,131.41,4.185
2011-02-16,131.47,4.170
2011-02-17,131.43,4.188
2011-02-18,131.52,4.176
2011-02-21,131.63,4.179
2011-02-22,131.89,4.128
2011-02-23,131.84,4.137
2011-02-24,132.04,4.097
2011-02-25,132.02,4.118
2011-02-28,132.04,4.129
2011-03-01,132.05,4.131
2011-03-02,132.05,4.150
2011-03-03,131.86,4.210
2011-03-04,131.86,4.215
2011-03-07,131.98,4.200
2011-03-08,132.08,4.177
2011-03-09,132.30,4.136
2011-03-10,132.79,4.036
2011-03-11,132.93,4.016
2011-03-14,133.23,3.973
2011-03-15,133.52,3.915
2011-03-16,133.18,3.987
2011-03-17,133.06,4.013
2011-03-18,132.99,4.019
2011-03-21,132.85,4.061
2011-03-22,132.93,4.046
2011-03-23,133.02,4.024
2011-03-24,133.05,4.024
2011-03-25,133.00,4.044
2011-03-28,133.04,4.048
2011-03-29,133.06,4.042
2011-03-30,133.01,4.058
2011-03-31,133.07,4.047
2011-04-01,133.24,4.009
2011-04-04,133.33,3.998
2011-04-05,133.33,4.002
2011-04-06,133.29,4.011
2011-04-07,133.38,3.993
2011-04-08,133.20,4.044
2011-04-11,133.18,4.058
2011-04-12,133.33,4.025
2011-04-13,133.28,4.037
2011-04-14,133.33,4.033
2011-04-15,133.38,4.029
2011-04-18,133.51,4.017
2011-04-19,133.53,4.021
2011-04-20,133.44,4.051
2011-04-21,133.33,4.084
2011-04-22,133.30,4.100
2011-04-25,133.23,4.136
2011-04-26,133.25,4.133
2011-04-27,133.22,4.139
2011-04-28,133.37,4.111
2011-04-29,133.50,4.091
2011-05-02,133.55,4.095
2011-05-03,133.58,4.094
2011-05-04,133.57,4.098
2011-05-05,133.59,4.099
2011-05-06,133.73,4.071
2011-05-09,133.77,4.072
2011-05-10,133.78,4.072
2011-05-11,133.90,4.049
2011-05-12,134.13,4.007
2011-05-13,134.11,4.002
2011-05-16,134.30,3.966
2011-05-17,134.28,3.977
2011-05-18,134.33,3.969
2011-05-19,134.37,3.961
2011-05-20,134.39,3.960
2011-05-23,134.63,3.926
2011-05-24,134.64,3.927
2011-05-25,134.76,3.910
2011-05-26,134.61,3.944
2011-05-27,134.72,3.927
2011-05-30,134.86,3.912
2011-05-31,134.81,3.923
2011-06-01,134.68,3.955
2011-06-02,134.93,3.900
2011-06-03,134.97,3.891
2011-06-06,135.02,3.892
2011-06-07,135.11,3.868
2011-06-08,135.15,3.863
2011-06-09,135.03,3.897
2011-06-10,134.85,3.962
2011-06-13,134.86,3.973
2011-06-14,134.81,3.989
2011-06-15,134.84,3.979
2011-06-16,135.08,3.937
2011-06-17,134.94,3.968
2011-06-20,135.02,3.959
2011-06-21,134.98,3.972
2011-06-22,135.02,3.968
2011-06-23,135.04,3.975
2011-06-24,134.94,4.007
2011-06-27,135.00,4.010
2011-06-28,134.99,4.017
2011-06-29,134.88,4.048
2011-06-30,134.90,4.044
2011-07-01,134.82,4.058
2011-07-04,134.86,4.067
2011-07-05,135.01,4.044
2011-07-06,134.94,4.060
2011-07-07,134.97,4.062
2011-07-08,134.83,4.101
2011-07-11,135.01,4.074
2011-07-12,135.44,3.993
2011-07-13,135.48,3.992
2011-07-14,135.46,3.995
2011-07-15,135.58,3.974
2011-07-18,135.64,3.972
2011-07-19,135.63,3.976
2011-07-20,135.54,3.999
2011-07-21,135.57,3.998
2011-07-22,135.49,4.024
2011-07-25,135.43,4.053
2011-07-26,135.34,4.079
2011-07-27,135.39,4.073
2011-07-28,135.52,4.058
2011-07-29,135.42,4.093
2011-08-01,135.36,4.123
2011-08-02,135.51,4.092
2011-08-03,135.74,4.049
2011-08-04,135.91,4.013
2011-08-05,136.39,3.911
2011-08-08,136.36,3.904
2011-08-09,136.37,3.888
2011-08-10,136.88,3.788
2011-08-11,136.81,3.821
2011-08-12,136.88,3.811
2011-08-15,136.92,3.811
2011-08-16,136.87,3.822
2011-08-17,136.78,3.848
2011-08-18,136.76,3.858
2011-08-19,137.05,3.809
2011-08-22,137.05,3.811
2011-08-23,136.95,3.826
2011-08-24,137.14,3.792
2011-08-25,137.17,3.791
2011-08-26,137.08,3.810
2011-08-29,137.01,3.840
2011-08-30,137.16,3.817
2011-08-31,137.14,3.823
2011-09-01,137.30,3.794
2011-09-02,137.35,3.790
2011-09-05,137.87,3.706
2011-09-06,137.91,3.694
2011-09-07,137.61,3.767
2011-09-08,137.85,3.715
2011-09-09,138.00,3.692
2011-09-12,138.04,3.697
2011-09-13,138.05,3.697
2011-09-14,138.23,3.656
2011-09-15,137.98,3.710
2011-09-16,137.81,3.741
2011-09-19,137.40,3.833
2011-09-20,137.37,3.829
2011-09-21,137.30,3.839
2011-09-22,137.39,3.833
2011-09-23,137.61,3.797
2011-09-26,137.37,3.850
2011-09-27,137.53,3.823
2011-09-28,137.27,3.884
2011-09-29,137.17,3.911
2011-09-30,137.07,3.926
2011-10-03,137.11,3.927
2011-10-04,137.61,3.844
2011-10-05,137.71,3.824
2011-10-06,137.70,3.816
2011-10-07,137.66,3.821
2011-10-10,137.57,3.853
2011-10-11,137.58,3.853
2011-10-12,137.80,3.809
2011-10-13,137.92,3.790
2011-10-14,137.91,3.797
2011-10-17,137.69,3.841
2011-10-18,137.74,3.834
2011-10-19,137.72,3.839
2011-10-20,137.74,3.835
2011-10-21,137.60,3.870
2011-10-24,137.46,3.912
2011-10-25,137.47,3.913
2011-10-26,137.58,3.896
2011-10-27,137.52,3.915
2011-10-28,137.55,3.919
2011-10-31,137.77,3.889
2011-11-01,137.87,3.867
2011-11-02,137.93,3.860
2011-11-03,138.08,3.829
2011-11-04,138.05,3.831
2011-11-07,138.15,3.814
2011-11-08,138.28,3.794
2011-11-09,138.34,3.783
2011-11-10,138.49,3.747
2011-11-11,138.36,3.775
2011-11-14,138.24,3.796
2011-11-15,138.43,3.759
2011-11-16,138.55,3.736
2011-11-17,138.46,3.755
2011-11-18,138.53,3.745
2011-11-21,138.60,3.745
2011-11-22,138.61,3.750
2011-11-23,138.74,3.726
2011-11-24,138.72,3.734
2011-11-25,138.63,3.755
2011-11-28,138.63,3.768
2011-11-29,138.66,3.765
2011-11-30,138.86,3.723
2011-12-01,138.80,3.732
2011-12-02,138.87,3.720
2011-12-05,138.92,3.718
2011-12-06,138.95,3.714
2011-12-07,138.97,3.708
2011-12-08,138.94,3.723
2011-12-09,138.96,3.721
2011-12-12,138.97,3.727
2011-12-13,139.07,3.713
2011-12-14,139.12,3.706
2011-12-15,139.17,3.698
2011-12-16,139.17,3.700
2011-12-19,138.86,3.773
2011-12-20,139.04,3.743
2011-12-21,139.07,3.740
2011-12-22,139.05,3.751
2011-12-23,139.02,3.767
2011-12-26,139.01,3.783
2011-12-27,139.02,3.786
2011-12-28,139.04,3.789
2011-12-29,139.28,3.749
2011-12-30,139.29,3.748
2012-01-02,139.36,3.734
2012-01-03,139.34,3.735
2012-01-04,139.37,3.727
2012-01-05,139.43,3.719
2012-01-06,139.42,3.724
2012-01-09,139.43,3.736
2012-01-10,139.45,3.735
2012-01-11,139.47,3.733
2012-01-12,139.46,3.738
2012-01-13,139.51,3.727
2012-01-16,139.58,3.714
2012-01-17,139.55,3.724
2012-01-18,139.59,3.718
2012-01-19,139.62,3.720
2012-01-20,139.55,3.733
2012-01-23,139.59,3.734
2012-01-24,139.61,3.734
2012-01-25,139.60,3.741
2012-01-26,139.65,3.731
2012-01-27,139.72,3.719
2012-01-30,139.88,3.700
2012-01-31,139.89,3.705
2012-02-01,139.95,3.696
2012-02-02,139.90,3.706
2012-02-03,139.92,3.702
2012-02-06,139.92,3.712
2012-02-07,139.87,3.724
2012-02-08,139.81,3.742
2012-02-09,139.84,3.745
2012-02-10,139.90,3.737
2012-02-13,139.86,3.753
2012-02-14,139.94,3.738
2012-02-15,139.93,3.743
2012-02-16,140.03,3.725
2012-02-17,139.96,3.741
2012-02-20,139.94,3.753
2012-02-21,139.98,3.748
2012-02-22,140.01,3.745
2012-02-23,140.10,3.729
2012-02-24,140.11,3.736
2012-02-27,140.18,3.729
2012-02-28,140.28,3.719
2012-02-29,140.21,3.735
2012-03-01,140.22,3.735
2012-03-02,140.13,3.758
2012-03-05,140.08,3.773
2012-03-06,140.10,3.770
2012-03-07,140.09,3.772
2012-03-08,140.21,3.753
2012-03-09,140.22,3.759
2012-03-12,140.33,3.749
2012-03-13,140.34,3.749
2012-03-14,140.24,3.772
2012-03-15,140.05,3.811
2012-03-16,139.99,3.824
2012-03-19,139.85,3.854
2012-03-20,139.84,3.853
2012-03-21,139.71,3.881
2012-03-22,139.70,3.885
2012-03-23,139.71,3.890
2012-03-26,139.89,3.873
2012-03-27,139.87,3.877
2012-03-28,140.08,3.842
2012-03-29,140.17,3.822
2012-03-30,140.28,3.807
2012-04-02,140.21,3.823
2012-04-03,140.33,3.801
2012-04-04,140.33,3.800
2012-04-05,140.35,3.794
2012-04-06,140.47,3.773
2012-04-09,140.67,3.745
2012-04-10,140.69,3.742
2012-04-11,140.71,3.743
2012-04-12,140.75,3.737
2012-04-13,140.79,3.733
2012-04-16,140.92,3.718
2012-04-17,140.98,3.713
2012-04-18,140.94,3.725
2012-04-19,140.97,3.723
2012-04-20,141.08,3.709
2012-04-23,141.08,3.716
2012-04-24,141.08,3.721
2012-04-25,141.06,3.729
2012-04-26,141.08,3.728
2012-04-27,141.23,3.706
2012-04-30,141.33,3.696
2012-05-01,141.34,3.696
2012-05-02,141.32,3.701
2012-05-03,141.44,3.682
2012-05-04,141.50,3.671
2012-05-07,141.71,3.636
2012-05-08,141.65,3.645
2012-05-09,141.71,3.635
2012-05-10,141.65,3.651
2012-05-11,141.82,3.626
2012-05-14,141.81,3.637
2012-05-15,141.87,3.631
2012-05-16,141.92,3.627
2012-05-17,141.88,3.635
2012-05-18,142.04,3.607
2012-05-21,141.98,3.622
2012-05-22,142.01,3.614
2012-05-23,142.05,3.608
2012-05-24,142.08,3.601
2012-05-25,142.09,3.605
2012-05-28,142.13,3.605
2012-05-29,142.11,3.612
2012-05-30,142.17,3.605
2012-05-31,142.35,3.577
2012-06-01,142.54,3.550
2012-06-04,142.79,3.516
2012-06-05,142.62,3.541
2012-06-06,142.64,3.541
2012-06-07,142.56,3.555
2012-06-08,142.84,3.514
2012-06-11,142.53,3.572
2012-06-12,142.68,3.548
2012-06-13,142.65,3.558
2012-06-14,142.69,3.546
2012-06-15,142.74,3.539
2012-06-18,142.61,3.569
2012-06-19,142.70,3.558
2012-06-20,142.62,3.575
2012-06-21,142.63,3.576
2012-06-22,142.71,3.566
2012-06-25,142.79,3.562
2012-06-26,142.77,3.565
2012-06-27,142.86,3.555
2012-06-28,142.97,3.544
2012-06-29,142.80,3.574
2012-07-02,142.88,3.571
2012-07-03,142.98,3.558
2012-07-04,143.05,3.549
2012-07-05,143.11,3.543
2012-07-06,143.24,3.515
2012-07-09,143.35,3.495
2012-07-10,143.34,3.498
2012-07-11,143.48,3.472
2012-07-12,144.54,3.253
2012-07-13,144.63,3.236
2012-07-16,144.76,3.223
2012-07-17,144.94,3.190
2012-07-18,145.15,3.153
2012-07-19,145.12,3.154
2012-07-20,145.29,3.124
2012-07-23,145.73,3.057
2012-07-24,145.73,3.059
2012-07-25,146.04,3.004
2012-07-26,145.93,3.026
2012-07-27,145.59,3.080
2012-07-30,145.66,3.073
2012-07-31,145.66,3.072
2012-08-01,145.71,3.062
2012-08-02,145.91,3.029
2012-08-03,146.18,2.996
2012-08-06,146.22,2.996
2012-08-07,146.27,2.986
2012-08-08,146.34,2.974
2012-08-09,146.10,3.026
2012-08-10,146.23,3.007
2012-08-13,146.16,3.032
2012-08-14,145.94,3.077
2012-08-15,145.95,3.077
2012-08-16,145.55,3.147
2012-08-17,145.66,3.130
2012-08-20,145.58,3.156
2012-08-21,145.82,3.118
2012-08-22,145.83,3.117
2012-08-23,146.02,3.093
2012-08-24,146.24,3.059
2012-08-27,146.34,3.049
2012-08-28,146.36,3.046
2012-08-29,146.49,3.022
2012-08-30,146.55,3.014
2012-08-31,146.66,2.994
2012-09-03,146.79,2.977
2012-09-04,146.69,2.993
2012-09-05,146.87,2.965
2012-09-06,146.81,2.977
2012-09-07,146.55,3.031
2012-09-10,146.64,3.024
2012-09-11,146.79,3.001
2012-09-12,146.75,3.013
2012-09-13,146.50,3.074
2012-09-14,146.49,3.073
2012-09-17,146.34,3.107
2012-09-18,146.54,3.072
2012-09-19,146.44,3.092
2012-09-20,146.76,3.034
2012-09-21,146.67,3.053
2012-09-24,146.78,3.038
2012-09-25,146.78,3.039
2012-09-26,146.87,3.028
2012-09-27,146.82,3.042
2012-09-28,146.96,3.022
2012-10-01,147.00,3.023
2012-10-02,147.20,2.989
2012-10-03,147.22,2.988
2012-10-04,147.30,2.977
2012-10-05,147.29,2.983
2012-10-08,147.28,2.989
2012-10-09,147.29,2.989
2012-10-10,147.51,2.943
2012-10-11,147.44,2.967
2012-10-12,147.34,2.990
2012-10-15,147.43,2.982
2012-10-16,147.35,2.996
2012-10-17,147.27,3.011
2012-10-18,147.13,3.031
2012-10-19,147.21,3.013
2012-10-22,147.11,3.038
2012-10-23,147.24,3.016
2012-10-24,147.30,3.007
2012-10-25,147.32,3.005
2012-10-26,147.46,2.984
2012-10-29,147.48,2.985
2012-10-30,147.49,2.984
2012-10-31,147.59,2.968
2012-11-01,147.63,2.965
2012-11-02,147.59,2.973
2012-11-05,147.52,2.987
2012-11-06,147.59,2.973
2012-11-07,147.63,2.970
2012-11-08,147.74,2.955
2012-11-09,147.63,2.977
2012-11-12,147.65,2.978
2012-11-13,147.77,2.962
2012-11-14,147.73,2.969
2012-11-15,147.75,2.970
2012-11-16,147.81,2.963
2012-11-19,147.75,2.978
2012-11-20,147.72,2.984
2012-11-21,147.73,2.984
2012-11-22,147.63,3.002
2012-11-23,147.55,3.018
2012-11-26,147.65,3.004
2012-11-27,147.58,3.019
2012-11-28,147.66,3.009
2012-11-29,147.67,3.010
2012-11-30,147.62,3.018
2012-12-03,147.63,3.018
2012-12-04,147.61,3.021
2012-12-05,147.45,3.046
2012-12-06,147.52,3.035
2012-12-07,147.57,3.027
2012-12-10,147.47,3.050
2012-12-11,147.46,3.054
2012-12-12,147.49,3.050
2012-12-13,147.34,3.077
2012-12-14,147.28,3.087
2012-12-17,147.25,3.096
2012-12-18,147.11,3.116
2012-12-19,147.12,3.116
2012-12-20,147.14,3.110
2012-12-21,147.23,3.092
2012-12-24,147.18,3.107
2012-12-25,147.19,3.107
2012-12-26,147.13,3.118
2012-12-27,147.24,3.101
2012-12-28,147.47,3.071
2012-12-31,147.51,3.072
2013-01-01,147.52,3.072
2013-01-02,147.47,3.077
2013-01-03,147.76,3.026
2013-01-04,147.84,3.009
2013-01-07,147.94,3.005
2013-01-08,148.11,2.983
2013-01-09,148.13,2.981
2013-01-10,148.31,2.943
2013-01-11,148.12,2.986
2013-01-14,148.20,2.985
2013-01-15,148.37,2.957
2013-01-16,148.37,2.957
2013-01-17,148.50,2.941
2013-01-18,148.40,2.955
2013-01-21,148.44,2.954
2013-01-22,148.47,2.948
2013-01-23,148.53,2.941
2013-01-24,148.58,2.935
2013-01-25,148.63,2.930
2013-01-28,148.51,2.955
2013-01-29,148.47,2.960
2013-01-30,148.30,2.989
2013-01-31,148.37,2.978
2013-02-01,148.30,2.983
2013-02-04,148.37,2.980
2013-02-05,148.51,2.962
2013-02-06,148.62,2.938
2013-02-07,148.62,2.938
2013-02-08,148.69,2.930
2013-02-11,148.72,2.932
2013-02-12,148.79,2.921
2013-02-13,148.65,2.941
2013-02-14,148.64,2.942
2013-02-15,148.71,2.931
2013-02-18,148.83,2.919
2013-02-19,148.99,2.894
2013-02-20,148.90,2.911
2013-02-21,149.05,2.889
2013-02-22,149.02,2.894
2013-02-25,149.06,2.893
2013-02-26,149.25,2.865
2013-02-27,149.42,2.839
2013-02-28,149.38,2.849
2013-03-01,149.39,2.849
2013-03-04,149.44,2.846
2013-03-05,149.49,2.837
2013-03-06,149.40,2.853
2013-03-07,149.29,2.871
2013-03-08,149.33,2.868
2013-03-11,149.34,2.875
2013-03-12,149.57,2.836
2013-03-13,149.54,2.842
2013-03-14,149.56,2.842
2013-03-15,149.65,2.833
2013-03-18,149.80,2.817
2013-03-19,149.86,2.812
2013-03-20,149.79,2.820
2013-03-21,149.82,2.818
2013-03-22,149.91,2.806
2013-03-25,149.90,2.814
2013-03-26,149.90,2.816
2013-03-27,149.94,2.815
2013-03-28,150.64,2.697
2013-03-29,150.26,2.756
2013-04-01,150.27,2.740
2013-04-02,150.33,2.726
2013-04-03,150.41,2.721
2013-04-04,150.40,2.724
2013-04-05,150.60,2.691
2013-04-08,150.58,2.707
2013-04-09,150.48,2.723
2013-04-10,150.56,2.712
2013-04-11,149.92,2.841
2013-04-12,149.71,2.885
2013-04-15,149.79,2.880
2013-04-16,150.06,2.837
2013-04-17,150.05,2.840
2013-04-18,150.24,2.815
2013-04-19,150.17,2.836
2013-04-22,150.16,2.852
2013-04-23,150.30,2.835
2013-04-24,150.34,2.838
2013-04-25,150.51,2.810
2013-04-26,150.64,2.778
2013-04-29,150.72,2.773
2013-04-30,150.88,2.745
2013-05-01,150.89,2.745
2013-05-02,151.11,2.705
2013-05-03,151.04,2.720
2013-05-06,150.65,2.802
2013-05-07,150.76,2.781
2013-05-08,150.67,2.796
2013-05-09,150.67,2.783
2013-05-10,150.60,2.786
2013-05-13,150.56,2.796
2013-05-14,150.64,2.782
2013-05-15,150.60,2.786
2013-05-16,150.58,2.790
2013-05-17,150.59,2.790
2013-05-20,150.47,2.816
2013-05-21,150.49,2.814
2013-05-22,150.45,2.821
2013-05-23,150.47,2.820
2013-05-24,150.44,2.826
2013-05-27,150.53,2.818
2013-05-28,150.43,2.838
2013-05-29,149.94,2.920
2013-05-30,149.96,2.913
2013-05-31,149.70,2.946
2013-06-03,149.76,2.939
2013-06-04,149.67,2.952
2013-06-05,149.55,2.967
2013-06-06,149.57,2.967
2013-06-07,149.80,2.929
2013-06-10,149.72,2.949
2013-06-11,149.51,2.975
2013-06-12,149.14,3.030
2013-06-13,149.38,2.992
2013-06-14,149.67,2.947
2013-06-17,149.34,3.004
2013-06-18,149.61,2.965
2013-06-19,149.46,2.997
2013-06-20,148.73,3.108
2013-06-21,148.00,3.207
2013-06-24,147.56,3.280
2013-06-25,147.98,3.214
2013-06-26,148.29,3.181
2013-06-27,148.46,3.169
2013-06-28,148.71,3.118
2013-07-01,148.28,3.189
2013-07-02,148.60,3.141
2013-07-03,148.52,3.143
2013-07-04,148.54,3.134
2013-07-05,148.41,3.147
2013-07-08,148.05,3.197
2013-07-09,148.14,3.187
2013-07-10,148.41,3.147
2013-07-11,149.03,3.064
2013-07-12,148.99,3.076
2013-07-15,148.77,3.109
2013-07-16,148.83,3.101
2013-07-17,148.74,3.112
2013-07-18,148.99,3.076
2013-07-19,148.97,3.077
2013-07-22,149.04,3.079
2013-07-23,149.04,3.091
2013-07-24,148.98,3.100
2013-07-25,148.69,3.145
2013-07-26,148.78,3.132
2013-07-29,149.04,3.103
2013-07-30,149.01,3.112
2013-07-31,148.91,3.128
2013-08-01,148.91,3.122
2013-08-02,148.65,3.153
2013-08-05,148.97,3.112
2013-08-06,148.94,3.111
2013-08-07,148.73,3.135
2013-08-08,148.86,3.114
2013-08-09,148.85,3.115
2013-08-12,149.04,3.102
2013-08-13,148.91,3.124
2013-08-14,148.66,3.157
2013-08-15,148.68,3.157
2013-08-16,148.62,3.164
2013-08-19,148.40,3.198
2013-08-20,148.79,3.147
2013-08-21,148.71,3.162
2013-08-22,148.46,3.198
2013-08-23,148.56,3.181
2013-08-26,148.83,3.156
2013-08-27,148.86,3.155
2013-08-28,149.03,3.139
2013-08-29,149.18,3.121
2013-08-30,149.38,3.097
2013-09-02,149.17,3.135
2013-09-03,149.16,3.138
2013-09-04,149.04,3.154
2013-09-05,148.77,3.200
2013-09-06,148.83,3.196
2013-09-09,149.22,3.152
2013-09-10,149.04,3.183
2013-09-11,149.33,3.149
2013-09-12,149.45,3.133
2013-09-13,149.30,3.154
2013-09-16,149.65,3.109
2013-09-17,149.81,3.090
2013-09-18,149.82,3.090
2013-09-19,149.83,3.090
2013-09-20,149.84,3.090
2013-09-23,150.17,3.054
2013-09-24,150.20,3.068
2013-09-25,150.14,3.082
2013-09-26,149.97,3.099
2013-09-27,150.10,3.080
2013-09-30,150.22,3.071
2013-10-01,150.09,3.090
2013-10-02,150.24,3.073
2013-10-03,150.25,3.072
2013-10-04,150.25,3.072
2013-10-07,150.20,3.080
2013-10-08,150.10,3.091
2013-10-09,150.11,3.092
2013-10-10,149.92,3.113
2013-10-11,150.00,3.104
2013-10-14,149.92,3.122
2013-10-15,149.93,3.120
2013-10-16,150.04,3.105
2013-10-17,150.14,3.094
2013-10-18,150.34,3.073
2013-10-21,150.31,3.085
2013-10-22,150.36,3.081
2013-10-23,150.70,3.039
2013-10-24,150.63,3.051
2013-10-25,150.64,3.053
2013-10-28,150.48,3.079
2013-10-29,150.63,3.059
2013-10-30,150.73,3.048
2013-10-31,150.60,3.066
2013-11-01,150.41,3.088
2013-11-04,150.34,3.105
2013-11-05,150.19,3.124
2013-11-06,150.25,3.118
2013-11-07,150.19,3.131
2013-11-08,150.32,3.115
2013-11-11,150.00,3.169
2013-11-12,149.97,3.174
2013-11-13,150.10,3.156
2013-11-14,150.05,3.159
2013-11-15,150.02,3.164
2013-11-18,150.07,3.162
2013-11-19,149.93,3.181
2013-11-20,149.90,3.184
2013-11-21,149.80,3.200
2013-11-22,149.95,3.182
2013-11-25,149.89,3.196
2013-11-26,149.99,3.187
2013-11-27,149.99,3.190
2013-11-28,149.91,3.204
2013-11-29,149.82,3.220
2013-12-02,149.65,3.249
2013-12-03,149.72,3.240
2013-12-04,149.75,3.236
2013-12-05,149.70,3.243
2013-12-06,149.81,3.230
2013-12-09,150.02,3.210
2013-12-10,150.00,3.219
2013-12-11,149.89,3.237
2013-12-12,149.92,3.235
2013-12-13,150.10,3.208
2013-12-16,150.35,3.179
2013-12-17,150.49,3.164
2013-12-18,150.42,3.180
2013-12-19,150.41,3.184
2013-12-20,150.46,3.179
2013-12-23,150.63,3.173
2013-12-24,150.70,3.168
2013-12-25,150.71,3.169
2013-12-26,150.72,3.168
2013-12-27,150.90,3.134
2013-12-30,150.77,3.156
2013-12-31,150.79,3.157
2014-01-01,150.80,3.158
2014-01-02,150.45,3.205
2014-01-03,150.36,3.213
2014-01-06,150.69,3.160
2014-01-07,150.68,3.160
2014-01-08,150.71,3.150
2014-01-09,150.63,3.171
2014-01-10,150.68,3.176
2014-01-13,150.85,3.161
2014-01-14,150.78,3.172
2014-01-15,150.73,3.177
2014-01-16,150.83,3.163
2014-01-17,150.82,3.165
2014-01-20,150.87,3.167
2014-01-21,150.85,3.171
2014-01-22,150.81,3.176
2014-01-23,150.93,3.162
2014-01-24,151.19,3.133
2014-01-27,151.16,3.148
2014-01-28,151.22,3.142
2014-01-29,151.18,3.148
2014-01-30,151.19,3.149
2014-01-31,151.21,3.149
2014-02-03,151.25,3.145
2014-02-04,151.52,3.111
2014-02-05,151.54,3.112
2014-02-06,151.58,3.107
2014-02-07,151.52,3.116
2014-02-10,151.64,3.104
2014-02-11,151.72,3.096
2014-02-12,151.76,3.094
2014-02-13,151.91,3.083
2014-02-14,151.96,3.080
2014-02-17,151.91,3.092
2014-02-18,151.84,3.100
2014-02-19,151.95,3.089
2014-02-20,151.98,3.089
2014-02-21,151.87,3.104
2014-02-24,151.98,3.097
2014-02-25,152.04,3.090
2014-02-26,152.02,3.091
2014-02-27,152.10,3.081
2014-02-28,152.13,3.081
2014-03-03,151.94,3.115
2014-03-04,151.80,3.133
2014-03-05,151.92,3.118
2014-03-06,151.92,3.119
2014-03-07,151.91,3.120
2014-03-10,152.01,3.116
2014-03-11,152.05,3.111
2014-03-12,152.16,3.098
2014-03-13,152.19,3.096
2014-03-14,152.46,3.065
2014-03-17,152.31,3.082
2014-03-18,152.34,3.079
2014-03-19,152.43,3.070
2014-03-20,152.31,3.093
2014-03-21,152.22,3.107
2014-03-24,152.23,3.111
2014-03-25,152.33,3.100
2014-03-26,152.33,3.102
2014-03-27,152.37,3.099
2014-03-28,152.46,3.091
2014-03-31,152.48,3.094
2014-04-01,152.43,3.099
2014-04-02,152.35,3.107
2014-04-03,152.35,3.107
2014-04-04,152.37,3.106
2014-04-07,152.55,3.088
2014-04-08,152.52,3.093
2014-04-09,152.65,3.078
2014-04-10,152.62,3.083
2014-04-11,152.64,3.082
2014-04-14,152.65,3.090
2014-04-15,152.64,3.094
2014-04-16,152.62,3.101
2014-04-17,152.77,3.085
2014-04-18,152.71,3.095
2014-04-21,152.67,3.105
2014-04-22,152.72,3.100
2014-04-23,152.72,3.106
2014-04-24,152.73,3.107
2014-04-25,152.80,3.101
2014-04-28,152.84,3.101
2014-04-29,152.89,3.096
2014-04-30,152.91,3.094
2014-05-01,152.92,3.094
2014-05-02,153.01,3.086
2014-05-05,153.05,3.087
2014-05-06,153.07,3.087
2014-05-07,153.24,3.069
2014-05-08,153.28,3.065
2014-05-09,153.44,3.050
2014-05-12,153.41,3.058
2014-05-13,153.38,3.062
2014-05-14,153.44,3.057
2014-05-15,153.74,3.027
2014-05-16,153.73,3.031
2014-05-19,153.81,3.030
2014-05-20,153.77,3.036
2014-05-21,153.79,3.035
2014-05-22,153.71,3.045
2014-05-23,153.83,3.031
2014-05-26,153.93,3.025
2014-05-27,153.98,3.023
2014-05-28,154.11,3.011
2014-05-29,154.24,2.998
2014-05-30,154.17,3.007
2014-06-02,154.12,3.017
2014-06-03,154.08,3.021
2014-06-04,154.10,3.019
2014-06-05,154.10,3.020
2014-06-06,154.11,3.021
2014-06-09,154.15,3.021
2014-06-10,154.34,3.007
2014-06-11,154.30,3.012
2014-06-12,154.47,2.989
2014-06-13,154.59,2.965
2014-06-16,154.64,2.957
2014-06-17,154.69,2.956
2014-06-18,154.71,2.954
2014-06-19,154.96,2.927
2014-06-20,155.17,2.904
2014-06-23,155.09,2.921
2014-06-24,155.21,2.913
2014-06-25,155.18,2.921
2014-06-26,155.21,2.924
2014-06-27,155.32,2.909
2014-06-30,155.41,2.898
2014-07-01,155.45,2.889
2014-07-02,155.83,2.835
2014-07-03,155.77,2.844
2014-07-04,155.71,2.851
2014-07-07,155.74,2.852
2014-07-08,155.58,2.874
2014-07-09,155.66,2.854
2014-07-10,155.96,2.825
2014-07-11,156.09,2.812
2014-07-14,156.07,2.818
2014-07-15,156.16,2.809
2014-07-16,156.32,2.791
2014-07-17,156.63,2.740
2014-07-18,156.60,2.742
2014-07-21,156.56,2.748
2014-07-22,156.59,2.741
2014-07-23,156.77,2.706
2014-07-24,156.60,2.729
2014-07-25,156.66,2.723
2014-07-28,156.61,2.733
2014-07-29,156.56,2.741
2014-07-30,156.58,2.735
2014-07-31,156.49,2.741
2014-08-01,156.26,2.766
2014-08-04,156.31,2.764
2014-08-05,156.50,2.741
2014-08-06,156.41,2.753
2014-08-07,156.47,2.742
2014-08-08,156.73,2.712
2014-08-11,156.69,2.723
2014-08-12,156.65,2.728
2014-08-13,156.66,2.724
2014-08-14,156.65,2.732
2014-08-15,156.66,2.732
2014-08-18,156.51,2.755
2014-08-19,156.38,2.768
2014-08-20,156.39,2.768
2014-08-21,156.36,2.773
2014-08-22,156.39,2.770
2014-08-25,156.59,2.753
2014-08-26,156.80,2.730
2014-08-27,156.87,2.721
2014-08-28,156.86,2.723
2014-08-29,157.01,2.709
2014-09-01,157.02,2.712
2014-09-02,156.98,2.712
2014-09-03,156.84,2.728
2014-09-04,156.85,2.730
2014-09-05,157.01,2.706
2014-09-08,157.05,2.706
2014-09-09,157.06,2.707
2014-09-10,157.07,2.710
2014-09-11,157.06,2.706
2014-09-12,157.49,2.638
2014-09-15,157.41,2.643
2014-09-16,157.48,2.626
2014-09-17,157.60,2.614
2014-09-18,157.70,2.605
2014-09-19,157.69,2.608
2014-09-22,157.92,2.588
2014-09-23,158.00,2.581
2014-09-24,158.07,2.571
2014-09-25,158.16,2.563
2014-09-26,158.30,2.550
2014-09-29,158.38,2.547
2014-09-30,158.67,2.516
2014-10-01,159.01,2.454
2014-10-02,158.89,2.469
2014-10-03,158.90,2.468
2014-10-06,158.84,2.478
2014-10-07,158.75,2.494
2014-10-08,158.81,2.491
2014-10-09,158.82,2.492
2014-10-10,158.96,2.476
2014-10-13,158.99,2.474
2014-10-14,158.90,2.488
2014-10-15,158.95,2.483
2014-10-16,159.37,2.439
2014-10-17,159.43,2.433
2014-10-20,159.27,2.451
2014-10-21,159.41,2.434
2014-10-22,159.45,2.430
2014-10-23,159.62,2.414
2014-10-24,159.72,2.405
2014-10-27,159.67,2.413
2014-10-28,159.71,2.409
2014-10-29,159.78,2.401
2014-10-30,159.88,2.390
2014-10-31,160.10,2.358
2014-11-03,160.13,2.348
2014-11-04,160.30,2.322
2014-11-05,160.30,2.316
2014-11-06,160.32,2.311
2014-11-07,160.20,2.323
2014-11-10,160.15,2.337
2014-11-11,159.92,2.378
2014-11-12,159.73,2.403
2014-11-13,159.69,2.409
2014-11-14,159.69,2.406
2014-11-17,159.79,2.400
2014-11-18,159.88,2.390
2014-11-19,159.92,2.388
2014-11-20,160.06,2.372
2014-11-21,159.99,2.381
2014-11-24,160.31,2.346
2014-11-25,160.44,2.331
2014-11-26,160.53,2.323
2014-11-27,160.47,2.337
2014-11-28,160.77,2.305
2014-12-01,160.81,2.306
2014-12-02,160.69,2.320
2014-12-03,160.30,2.366
2014-12-04,160.09,2.396
2014-12-05,160.07,2.399
2014-12-08,159.65,2.456
2014-12-09,159.97,2.420
2014-12-10,159.90,2.434
2014-12-11,160.26,2.391
2014-12-12,160.28,2.386
2014-12-15,160.28,2.396
2014-12-16,160.41,2.388
2014-12-17,160.25,2.417
2014-12-18,160.12,2.432
2014-12-19,160.19,2.424
2014-12-22,160.46,2.402
2014-12-23,160.46,2.402
2014-12-24,160.58,2.390
2014-12-25,160.59,2.390
2014-12-26,160.57,2.397
2014-12-29,160.82,2.373
2014-12-30,160.90,2.354
2014-12-31,160.91,2.354
2015-01-01,160.92,2.354
2015-01-02,160.69,2.378
2015-01-05,160.91,2.352
2015-01-06,161.25,2.310
2015-01-07,161.26,2.306
2015-01-08,161.32,2.299
2015-01-09,161.38,2.291
2015-01-12,161.89,2.237
2015-01-13,161.94,2.236
2015-01-14,162.35,2.181
2015-01-15,161.93,2.239
2015-01-16,162.49,2.193
2015-01-19,162.31,2.213
2015-01-20,162.44,2.200
2015-01-21,162.35,2.214
2015-01-22,162.23,2.228
2015-01-23,162.55,2.199
2015-01-26,162.75,2.187
2015-01-27,162.78,2.191
2015-01-28,162.99,2.169
2015-01-29,163.13,2.160
2015-01-30,163.18,2.148
2015-02-02,163.17,2.152
2015-02-03,163.39,2.117
2015-02-04,163.20,2.134
2015-02-05,163.08,2.147
2015-02-06,163.16,2.137
2015-02-09,163.07,2.152
2015-02-10,162.67,2.214
2015-02-11,162.67,2.213
2015-02-12,162.46,2.236
2015-02-13,162.53,2.225
2015-02-16,162.16,2.269
2015-02-17,162.62,2.226
2015-02-18,162.63,2.227
2015-02-19,162.64,2.227
2015-02-20,162.65,2.227
2015-02-23,162.45,2.244
2015-02-24,162.43,2.245
2015-02-25,162.72,2.217
2015-02-26,162.79,2.213
2015-02-27,162.86,2.207
2015-03-02,163.04,2.183
2015-03-03,162.99,2.180
2015-03-04,162.95,2.177
2015-03-05,163.04,2.165
2015-03-06,163.22,2.137
2015-03-09,163.11,2.136
2015-03-10,163.06,2.144
2015-03-11,163.44,2.100
2015-03-12,163.36,2.091
2015-03-13,163.43,2.070
2015-03-16,163.66,2.052
2015-03-17,163.63,2.056
2015-03-18,163.87,2.035
2015-03-19,164.19,2.007
2015-03-20,164.26,1.994
2015-03-23,164.37,1.987
2015-03-24,164.40,1.985
2015-03-25,164.55,1.969
2015-03-26,164.51,1.972
2015-03-27,164.55,1.967
2015-03-30,164.75,1.945
2015-03-31,164.77,1.929
2015-04-01,164.81,1.925
2015-04-02,164.98,1.913
2015-04-03,165.09,1.906
2015-04-06,165.21,1.897
2015-04-07,165.05,1.910
2015-04-08,165.01,1.915
2015-04-09,165.32,1.879
2015-04-10,165.24,1.891
2015-04-13,165.08,1.911
2015-04-14,165.03,1.915
2015-04-15,165.04,1.910
2015-04-16,164.92,1.919
2015-04-17,165.16,1.894
2015-04-20,165.07,1.901
2015-04-21,164.96,1.914
2015-04-22,164.92,1.918
2015-04-23,164.47,1.960
2015-04-24,164.24,1.991
2015-04-27,164.26,1.996
2015-04-28,163.82,2.046
2015-04-29,163.73,2.058
2015-04-30,163.54,2.072
2015-05-01,163.54,2.072
2015-05-04,163.17,2.118
2015-05-05,163.18,2.118
2015-05-06,162.62,2.182
2015-05-07,162.82,2.164
2015-05-08,163.66,2.079
2015-05-11,163.43,2.095
2015-05-12,162.69,2.167
2015-05-13,163.10,2.114
2015-05-14,163.30,2.098
2015-05-15,163.20,2.116
2015-05-18,163.13,2.126
2015-05-19,163.05,2.137
2015-05-20,163.31,2.111
2015-05-21,163.22,2.119
2015-05-22,163.38,2.110
2015-05-25,163.41,2.110
2015-05-26,163.41,2.103
2015-05-27,163.68,2.073
2015-05-28,163.90,2.057
2015-05-29,164.46,2.000
2015-06-01,164.30,2.010
2015-06-02,164.39,1.993
2015-06-03,163.94,2.031
2015-06-04,163.73,2.047
2015-06-05,163.86,2.029
2015-06-08,163.83,2.023
2015-06-09,164.05,2.008
2015-06-10,163.90,2.032
2015-06-11,163.60,2.054
2015-06-12,163.99,2.016
2015-06-15,163.86,2.027
2015-06-16,163.82,2.031
2015-06-17,163.54,2.062
2015-06-18,163.81,2.037
2015-06-19,164.08,2.019
2015-06-22,163.77,2.049
2015-06-23,163.87,2.047
2015-06-24,163.91,2.049
2015-06-25,163.80,2.058
2015-06-26,163.81,2.056
2015-06-29,164.09,2.033
2015-06-30,164.08,2.034
2015-07-01,164.00,2.042
2015-07-02,163.73,2.070
2015-07-03,163.80,2.061
2015-07-06,164.09,2.038
2015-07-07,163.99,2.043
2015-07-08,164.16,2.027
2015-07-09,164.08,2.031
2015-07-10,164.03,2.037
2015-07-13,164.05,2.035
2015-07-14,164.08,2.032
2015-07-15,164.14,2.026
2015-07-16,164.19,2.024
2015-07-17,164.27,2.017
2015-07-20,164.32,2.016
2015-07-21,164.38,2.011
2015-07-22,164.57,1.993
2015-07-23,164.89,1.962
2015-07-24,165.05,1.948
2015-07-27,165.02,1.950
2015-07-28,164.86,1.968
2015-07-29,164.98,1.958
2015-07-30,164.85,1.974
2015-07-31,164.65,1.997
2015-08-03,164.79,1.984
2015-08-04,164.74,1.993
2015-08-05,164.68,2.005
2015-08-06,164.77,1.995
2015-08-07,164.76,1.996
2015-08-10,165.08,1.971
2015-08-11,165.28,1.950
2015-08-12,165.63,1.918
2015-08-13,165.48,1.935
2015-08-14,165.48,1.935
2015-08-17,165.57,1.932
2015-08-18,165.62,1.927
2015-08-19,165.46,1.943
2015-08-20,165.65,1.927
2015-08-21,165.77,1.920
2015-08-24,166.10,1.898
2015-08-25,165.97,1.913
2015-08-26,165.85,1.926
2015-08-27,165.88,1.922
2015-08-28,165.70,1.939
2015-08-31,165.65,1.949
2015-09-01,165.66,1.945
2015-09-02,165.85,1.926
2015-09-03,165.84,1.919
2015-09-04,166.09,1.891
2015-09-07,166.20,1.888
2015-09-08,166.15,1.896
2015-09-09,166.06,1.908
2015-09-10,166.24,1.890
2015-09-11,166.19,1.898
2015-09-14,166.04,1.914
2015-09-15,166.17,1.902
2015-09-16,166.02,1.920
2015-09-17,166.05,1.925
2015-09-18,166.50,1.883
2015-09-21,166.72,1.866
2015-09-22,166.76,1.867
2015-09-23,166.82,1.864
2015-09-24,166.72,1.876
2015-09-25,166.85,1.866
2015-09-28,166.87,1.866
2015-09-29,166.88,1.866
2015-09-30,167.30,1.825
2015-10-01,167.07,1.850
2015-10-02,167.21,1.837
2015-10-05,167.44,1.819
2015-10-06,167.40,1.828
2015-10-07,167.18,1.853
2015-10-08,167.17,1.853
2015-10-09,167.18,1.855
2015-10-12,166.88,1.886
2015-10-13,167.04,1.874
2015-10-14,167.04,1.880
2015-10-15,167.40,1.848
2015-10-16,167.39,1.850
2015-10-19,167.34,1.856
2015-10-20,167.22,1.870
2015-10-21,167.23,1.875
2015-10-22,167.23,1.881
2015-10-23,167.30,1.877
2015-10-26,167.32,1.875
2015-10-27,167.50,1.861
2015-10-28,167.64,1.852
2015-10-29,167.55,1.863
2015-10-30,167.28,1.884
2015-11-02,167.25,1.892
2015-11-03,167.06,1.906
2015-11-04,167.00,1.915
2015-11-05,167.05,1.919
2015-11-06,166.71,1.958
2015-11-09,166.19,2.020
2015-11-10,166.38,2.002
2015-11-11,166.17,2.023
2015-11-12,166.13,2.023
2015-11-13,166.16,2.019
2015-11-16,166.42,1.994
2015-11-17,166.30,2.003
2015-11-18,166.35,2.000
2015-11-19,166.57,1.986
2015-11-20,166.48,2.010
2015-11-23,166.36,2.022
2015-11-24,166.39,2.029
2015-11-25,166.49,2.030
2015-11-26,166.52,2.044
2015-11-27,166.33,2.070
2015-11-30,166.44,2.064
2015-12-01,166.34,2.062
2015-12-02,166.45,2.046
2015-12-03,166.49,2.033
2015-12-04,166.32,2.049
2015-12-07,166.38,2.046
2015-12-08,166.78,2.012
2015-12-09,166.87,2.009
2015-12-10,166.93,2.002
2015-12-11,166.81,2.014
2015-12-14,166.96,2.004
2015-12-15,167.09,1.997
2015-12-16,166.98,2.011
2015-12-17,167.28,1.985
2015-12-18,167.52,1.954
2015-12-21,167.71,1.933
2015-12-22,167.60,1.945
2015-12-23,167.61,1.944
2015-12-24,167.73,1.940
2015-12-25,167.74,1.940
2015-12-28,167.77,1.940
2015-12-29,167.91,1.923
2015-12-30,167.82,1.928
2015-12-31,167.82,1.929
2016-01-01,167.83,1.929
2016-01-04,168.15,1.896
2016-01-05,168.05,1.902
2016-01-06,168.16,1.892
2016-01-07,168.24,1.885
2016-01-08,168.05,1.903
2016-01-11,168.30,1.878
2016-01-12,168.26,1.880
2016-01-13,168.35,1.873
2016-01-14,168.32,1.880
2016-01-15,168.41,1.875
2016-01-18,168.38,1.876
2016-01-19,168.29,1.881
2016-01-20,168.69,1.848
2016-01-21,168.72,1.842
2016-01-22,168.53,1.857
2016-01-25,168.60,1.853
2016-01-26,168.78,1.836
2016-01-27,168.66,1.846
2016-01-28,168.63,1.854
2016-01-29,168.92,1.813
2016-02-01,169.30,1.771
2016-02-02,169.37,1.762
2016-02-03,169.67,1.733
2016-02-04,169.72,1.730
2016-02-05,169.61,1.741
2016-02-08,169.64,1.740
2016-02-09,169.65,1.741
2016-02-10,169.65,1.741
2016-02-11,170.36,1.678
2016-02-12,170.18,1.698
2016-02-15,170.03,1.715
2016-02-16,170.37,1.668
2016-02-17,170.35,1.670
2016-02-18,170.23,1.686
2016-02-19,170.17,1.698
2016-02-22,170.10,1.712
2016-02-23,170.11,1.712
2016-02-24,170.22,1.703
2016-02-25,170.33,1.696
2016-02-26,170.48,1.685
2016-02-29,170.44,1.688
2016-03-01,170.45,1.689
2016-03-02,170.25,1.704
2016-03-03,169.97,1.734
2016-03-04,169.95,1.742
2016-03-07,170.07,1.731
2016-03-08,170.20,1.717
2016-03-09,170.24,1.707
2016-03-10,170.12,1.732
2016-03-11,169.75,1.777
2016-03-14,169.84,1.770
2016-03-15,169.88,1.769
2016-03-16,169.83,1.779
2016-03-17,170.15,1.751
2016-03-18,170.32,1.737
2016-03-21,170.37,1.736
2016-03-22,170.28,1.747
2016-03-23,170.20,1.751
2016-03-24,170.30,1.740
2016-03-25,170.40,1.733
2016-03-28,170.43,1.726
2016-03-29,170.63,1.700
2016-03-30,170.70,1.695
2016-03-31,170.66,1.696
2016-04-01,170.69,1.693
2016-04-04,170.88,1.677
2016-04-05,170.78,1.686
2016-04-06,170.78,1.689
2016-04-07,170.70,1.697
2016-04-08,170.76,1.693
2016-04-11,170.78,1.696
2016-04-12,170.82,1.694
2016-04-13,170.83,1.695
2016-04-14,170.51,1.728
2016-04-15,170.57,1.724
2016-04-18,170.52,1.735
2016-04-19,170.61,1.727
2016-04-20,170.87,1.701
2016-04-21,170.73,1.714
2016-04-22,170.71,1.711
2016-04-25,170.76,1.701
2016-04-26,170.87,1.690
2016-04-27,170.89,1.691
2016-04-28,170.94,1.686
2016-04-29,170.98,1.685
2016-05-02,170.93,1.691
2016-05-03,171.03,1.677
2016-05-04,171.17,1.660
2016-05-05,171.17,1.661
2016-05-06,171.18,1.661
2016-05-09,171.28,1.645
2016-05-10,171.26,1.643
2016-05-11,171.27,1.646
2016-05-12,171.30,1.647
2016-05-13,171.27,1.661
2016-05-16,171.25,1.667
2016-05-17,171.16,1.680
2016-05-18,171.10,1.692
2016-05-19,170.94,1.709
2016-05-20,171.09,1.692
2016-05-23,171.13,1.691
2016-05-24,171.32,1.674
2016-05-25,171.22,1.687
2016-05-26,171.21,1.689
2016-05-27,171.30,1.684
2016-05-30,171.09,1.712
2016-05-31,171.11,1.709
2016-06-01,171.51,1.655
2016-06-02,171.47,1.659
2016-06-03,171.63,1.642
2016-06-06,171.65,1.642
2016-06-07,171.81,1.623
2016-06-08,171.99,1.600
2016-06-09,172.31,1.550
2016-06-10,172.32,1.550
2016-06-13,172.58,1.529
2016-06-14,172.47,1.546
2016-06-15,172.56,1.542
2016-06-16,172.86,1.522
2016-06-17,172.71,1.538
2016-06-20,172.45,1.563
2016-06-21,172.64,1.547
2016-06-22,172.51,1.560
2016-06-23,172.61,1.548
2016-06-24,173.43,1.462
2016-06-27,173.59,1.450
2016-06-28,173.62,1.453
2016-06-29,173.80,1.441
2016-06-30,173.70,1.449
2016-07-01,174.16,1.406
2016-07-04,174.08,1.413
2016-07-05,174.06,1.408
2016-07-06,174.32,1.388
2016-07-07,174.33,1.391
2016-07-08,174.28,1.397
2016-07-11,174.35,1.393
2016-07-12,174.32,1.397
2016-07-13,174.30,1.398
2016-07-14,174.43,1.390
2016-07-15,174.36,1.398
2016-07-18,174.26,1.407
2016-07-19,174.25,1.405
2016-07-20,174.25,1.405
2016-07-21,174.11,1.416
2016-07-22,174.26,1.406
2016-07-25,174.23,1.408
2016-07-26,174.33,1.402
2016-07-27,174.39,1.400
2016-07-28,174.70,1.377
2016-07-29,174.55,1.389
2016-08-01,174.65,1.381
2016-08-02,174.53,1.390
2016-08-03,174.29,1.411
2016-08-04,174.40,1.403
2016-08-05,174.56,1.391
2016-08-08,174.30,1.412
2016-08-09,174.40,1.405
2016-08-10,174.61,1.385
2016-08-11,174.57,1.394
2016-08-12,174.61,1.391
2016-08-15,174.63,1.391
2016-08-16,174.68,1.388
2016-08-17,174.40,1.407
2016-08-18,174.49,1.400
2016-08-19,174.45,1.403
2016-08-22,174.38,1.409
2016-08-23,174.45,1.405
2016-08-24,174.44,1.409
2016-08-25,174.54,1.407
2016-08-26,174.56,1.410
2016-08-29,174.33,1.437
2016-08-30,174.21,1.452
2016-08-31,174.11,1.468
2016-09-01,173.82,1.489
2016-09-02,173.90,1.483
2016-09-05,174.05,1.470
2016-09-06,174.03,1.471
2016-09-07,174.31,1.446
2016-09-08,174.32,1.450
2016-09-09,174.01,1.487
2016-09-12,173.74,1.518
2016-09-13,173.75,1.518
2016-09-14,173.76,1.518
2016-09-15,173.77,1.518
2016-09-16,173.77,1.518
2016-09-19,173.59,1.529
2016-09-20,173.76,1.515
2016-09-21,173.67,1.519
2016-09-22,174.13,1.486
2016-09-23,174.18,1.492
2016-09-26,174.27,1.493
2016-09-27,174.23,1.500
2016-09-28,174.33,1.495
2016-09-29,174.47,1.482
2016-09-30,174.68,1.460
2016-10-03,174.70,1.460
2016-10-04,174.43,1.482
2016-10-05,174.03,1.518
2016-10-06,173.87,1.531
2016-10-07,173.97,1.529
2016-10-10,173.78,1.550
2016-10-11,173.44,1.578
2016-10-12,173.66,1.558
2016-10-13,173.97,1.536
2016-10-14,173.84,1.546
2016-10-17,173.34,1.590
2016-10-18,173.47,1.582
2016-10-19,173.43,1.587
2016-10-20,173.45,1.591
2016-10-21,173.25,1.617
2016-10-24,173.48,1.604
2016-10-25,173.24,1.629
2016-10-26,173.14,1.644
2016-10-27,173.06,1.647
2016-10-28,172.64,1.681
2016-10-31,172.90,1.659
2016-11-01,172.57,1.683
2016-11-02,172.81,1.665
2016-11-03,172.87,1.663
2016-11-04,172.68,1.675
2016-11-07,172.66,1.674
2016-11-08,172.77,1.665
2016-11-09,173.14,1.629
2016-11-10,171.96,1.719
2016-11-11,171.31,1.777
2016-11-14,170.16,1.899
2016-11-15,170.57,1.868
2016-11-16,169.94,1.945
2016-11-17,170.54,1.889
2016-11-18,169.99,1.950
2016-11-21,170.00,1.957
2016-11-22,169.89,1.973
2016-11-23,170.00,1.977
2016-11-24,169.52,2.043
2016-11-25,169.58,2.045
2016-11-28,170.00,1.997
2016-11-29,170.17,1.978
2016-11-30,170.15,1.979
2016-12-01,169.91,1.985
2016-12-02,169.55,2.011
2016-12-05,170.09,1.963
2016-12-06,170.01,1.974
2016-12-07,170.06,1.968
2016-12-08,170.29,1.941
2016-12-09,170.08,1.961
2016-12-12,169.80,1.979
2016-12-13,170.18,1.935
2016-12-14,170.62,1.899
2016-12-15,170.23,1.941
2016-12-16,170.34,1.930
2016-12-19,170.22,1.944
2016-12-20,170.21,1.952
2016-12-21,170.72,1.909
2016-12-22,170.74,1.900
2016-12-23,170.57,1.917
2016-12-26,170.60,1.918
2016-12-27,170.56,1.918
2016-12-28,170.77,1.898
2016-12-29,170.75,1.894
2016-12-30,170.76,1.894
2017-01-02,171.03,1.871
2017-01-03,170.93,1.867
2017-01-04,170.90,1.861
2017-01-05,171.16,1.833
2017-01-06,170.89,1.861
2017-01-09,170.76,1.879
2017-01-10,171.03,1.855
2017-01-11,170.88,1.865
2017-01-12,171.33,1.827
2017-01-13,171.24,1.834
2017-01-16,171.06,1.850
2017-01-17,171.11,1.843
2017-01-18,170.98,1.854
2017-01-19,170.74,1.876
2017-01-20,170.96,1.855
2017-01-23,171.05,1.853
2017-01-24,171.24,1.839
2017-01-25,171.06,1.857
2017-01-26,170.68,1.894
2017-01-27,170.69,1.894
2017-01-30,170.72,1.895
2017-01-31,170.91,1.875
2017-02-01,170.83,1.883
2017-02-02,170.92,1.868
2017-02-03,170.80,1.875
2017-02-06,170.97,1.856
2017-02-07,171.14,1.842
2017-02-08,171.26,1.833
2017-02-09,171.17,1.844
2017-02-10,171.22,1.842
2017-02-13,171.18,1.847
2017-02-14,171.30,1.836
2017-02-15,171.21,1.846
2017-02-16,171.26,1.842
2017-02-17,171.28,1.841
2017-02-20,171.05,1.860
2017-02-21,170.91,1.867
2017-02-22,170.68,1.886
2017-02-23,171.02,1.860
2017-02-24,171.11,1.855
2017-02-27,171.20,1.853
2017-02-28,171.22,1.854
2017-03-01,171.23,1.855
2017-03-02,170.83,1.894
2017-03-03,170.88,1.891
2017-03-06,170.69,1.911
2017-03-07,170.21,1.958
2017-03-08,170.37,1.945
2017-03-09,170.27,1.957
2017-03-10,170.42,1.948
2017-03-13,170.56,1.937
2017-03-14,170.56,1.938
2017-03-15,170.73,1.929
2017-03-16,171.28,1.882
2017-03-17,171.38,1.872
2017-03-20,171.23,1.885
2017-03-21,171.24,1.885
2017-03-22,171.43,1.872
2017-03-23,171.39,1.877
2017-03-24,171.17,1.895
2017-03-27,171.27,1.878
2017-03-28,171.25,1.881
2017-03-29,171.30,1.876
2017-03-30,171.16,1.882
2017-03-31,171.12,1.885
2017-04-03,171.34,1.868
2017-04-04,171.60,1.850
2017-04-05,171.58,1.853
2017-04-06,171.31,1.875
2017-04-07,171.28,1.879
2017-04-10,170.94,1.913
2017-04-11,171.20,1.888
2017-04-12,171.24,1.885
2017-04-13,171.44,1.871
2017-04-14,171.42,1.872
2017-04-17,171.49,1.869
2017-04-18,171.51,1.871
2017-04-19,171.62,1.864
2017-04-20,171.60,1.865
2017-04-21,171.46,1.879
2017-04-24,171.27,1.896
2017-04-25,171.37,1.885
2017-04-26,171.35,1.885
2017-04-27,171.40,1.876
2017-04-28,171.43,1.873
2017-05-01,171.46,1.874
2017-05-02,171.22,1.893
2017-05-03,171.23,1.893
2017-05-04,171.38,1.881
2017-05-05,171.38,1.881
2017-05-08,171.26,1.896
2017-05-09,171.27,1.897
2017-05-10,170.92,1.927
2017-05-11,170.93,1.922
2017-05-12,171.03,1.909
2017-05-15,170.99,1.912
2017-05-16,170.99,1.914
2017-05-17,171.35,1.882
2017-05-18,171.38,1.881
2017-05-19,171.47,1.872
2017-05-22,171.24,1.895
2017-05-23,171.37,1.886
2017-05-24,171.27,1.899
2017-05-25,171.45,1.887
2017-05-26,171.49,1.884
2017-05-29,171.50,1.884
2017-05-30,171.65,1.872
2017-05-31,171.57,1.881
2017-06-01,171.77,1.862
2017-06-02,171.83,1.854
2017-06-05,171.97,1.847
2017-06-06,171.98,1.847
2017-06-07,172.13,1.841
2017-06-08,172.06,1.849
2017-06-09,172.10,1.846
2017-06-12,171.80,1.891
2017-06-13,172.11,1.863
2017-06-14,172.13,1.868
2017-06-15,172.39,1.855
2017-06-16,172.18,1.872
2017-06-19,172.24,1.866
2017-06-20,172.33,1.862
2017-06-21,172.38,1.863
2017-06-22,172.35,1.871
2017-06-23,172.46,1.864
2017-06-26,172.52,1.863
2017-06-27,172.54,1.861
2017-06-28,172.18,1.893
2017-06-29,172.12,1.892
2017-06-30,172.00,1.894
2017-07-03,171.90,1.907
2017-07-04,171.67,1.923
2017-07-05,171.64,1.928
2017-07-06,171.63,1.931
2017-07-07,171.50,1.946
2017-07-10,171.76,1.927
2017-07-11,171.80,1.926
2017-07-12,171.86,1.923
2017-07-13,172.07,1.907
2017-07-14,172.07,1.907
2017-07-17,171.92,1.920
2017-07-18,172.07,1.911
2017-07-19,172.08,1.909
2017-07-20,172.17,1.903
2017-07-21,172.27,1.894
2017-07-24,172.32,1.892
2017-07-25,172.43,1.883
2017-07-26,172.28,1.895
2017-07-27,172.39,1.883
2017-07-28,172.35,1.886
2017-07-31,172.35,1.888
2017-08-01,172.15,1.902
2017-08-02,172.21,1.897
2017-08-03,172.19,1.898
2017-08-04,172.15,1.901
2017-08-07,171.95,1.925
2017-08-08,171.86,1.943
2017-08-09,171.66,1.970
2017-08-10,171.79,1.962
2017-08-11,171.92,1.956
2017-08-14,171.94,1.962
2017-08-15,171.95,1.962
2017-08-16,171.77,1.979
2017-08-17,171.86,1.966
2017-08-18,171.88,1.962
2017-08-21,171.95,1.961
2017-08-22,171.93,1.969
2017-08-23,171.98,1.963
2017-08-24,171.94,1.967
2017-08-25,172.23,1.938
2017-08-28,172.26,1.938
2017-08-29,172.25,1.944
2017-08-30,172.35,1.931
2017-08-31,172.31,1.931
2017-09-01,172.31,1.928
2017-09-04,172.11,1.953
2017-09-05,172.17,1.947
2017-09-06,172.35,1.937
2017-09-07,172.46,1.933
2017-09-08,172.66,1.917
2017-09-11,172.60,1.932
2017-09-12,172.65,1.930
2017-09-13,172.71,1.925
2017-09-14,172.72,1.929
2017-09-15,172.71,1.931
2017-09-18,172.63,1.940
2017-09-19,172.43,1.965
2017-09-20,172.57,1.955
2017-09-21,172.52,1.963
2017-09-22,172.63,1.955
2017-09-25,172.58,1.965
2017-09-26,172.35,1.993
2017-09-27,171.87,2.047
2017-09-28,171.81,2.054
2017-09-29,171.99,2.043
2017-10-02,172.02,2.045
2017-10-03,172.03,2.045
2017-10-04,172.04,2.045
2017-10-05,172.05,2.045
2017-10-06,172.06,2.045
2017-10-09,172.09,2.047
2017-10-10,171.78,2.082
2017-10-11,171.86,2.074
2017-10-12,172.05,2.056
2017-10-13,171.99,2.066
2017-10-16,171.92,2.081
2017-10-17,171.90,2.087
2017-10-18,171.95,2.082
2017-10-19,171.66,2.143
2017-10-20,171.39,2.202
2017-10-23,171.61,2.169
2017-10-24,171.46,2.190
2017-10-25,171.07,2.228
2017-10-26,170.76,2.283
2017-10-27,170.85,2.277
2017-10-30,170.86,2.277
2017-10-31,170.44,2.312
2017-11-01,170.65,2.288
2017-11-02,170.81,2.281
2017-11-03,170.71,2.292
2017-11-06,170.62,2.300
2017-11-07,170.80,2.283
2017-11-08,170.81,2.288
2017-11-09,170.80,2.294
2017-11-10,170.72,2.304
2017-11-13,170.60,2.322
2017-11-14,170.40,2.342
2017-11-15,170.61,2.322
2017-11-16,170.55,2.335
2017-11-17,170.63,2.325
2017-11-20,170.78,2.310
2017-11-21,170.80,2.312
2017-11-22,170.84,2.312
2017-11-23,170.98,2.296
2017-11-24,170.89,2.311
2017-11-27,170.97,2.304
2017-11-28,171.40,2.278
2017-11-29,171.57,2.261
2017-11-30,171.64,2.242
2017-12-01,171.64,2.238
2017-12-04,171.70,2.236
2017-12-05,171.55,2.255
2017-12-06,171.79,2.234
2017-12-07,171.72,2.236
2017-12-08,171.69,2.234
2017-12-11,171.69,2.237
2017-12-12,171.88,2.219
2017-12-13,171.88,2.219
2017-12-14,171.89,2.223
2017-12-15,172.00,2.217
2017-12-18,172.01,2.227
2017-12-19,171.98,2.232
2017-12-20,171.86,2.234
2017-12-21,171.84,2.241
2017-12-22,171.74,2.264
2017-12-25,171.77,2.264
2017-12-26,171.74,2.269
2017-12-27,171.61,2.285
2017-12-28,171.79,2.265
2017-12-29,171.80,2.265
2018-01-01,171.83,2.266
2018-01-02,171.78,2.259
2018-01-03,171.71,2.259
2018-01-04,171.58,2.269
2018-01-05,171.68,2.252
2018-01-08,171.55,2.265
2018-01-09,171.47,2.279
2018-01-10,171.14,2.308
2018-01-11,171.39,2.286
2018-01-12,171.31,2.295
2018-01-15,171.05,2.335
2018-01-16,171.16,2.325
2018-01-17,171.24,2.318
2018-01-18,171.38,2.292
2018-01-19,171.25,2.298
2018-01-22,171.16,2.314
2018-01-23,171.34,2.301
2018-01-24,171.38,2.304
2018-01-25,171.29,2.313
2018-01-26,171.16,2.325
2018-01-29,170.71,2.381
2018-01-30,170.29,2.408
2018-01-31,170.52,2.384
2018-02-01,170.66,2.370
2018-02-02,170.71,2.359
2018-02-05,170.39,2.390
2018-02-06,170.69,2.364
2018-02-07,170.96,2.341
2018-02-08,170.77,2.366
2018-02-09,170.65,2.379
2018-02-12,170.47,2.399
2018-02-13,170.69,2.376
2018-02-14,170.82,2.365
2018-02-15,170.83,2.365
2018-02-16,170.84,2.366
2018-02-19,170.60,2.395
2018-02-20,170.50,2.405
2018-02-21,170.57,2.398
2018-02-22,170.57,2.393
2018-02-23,170.59,2.385
2018-02-26,170.89,2.364
2018-02-27,170.96,2.362
2018-02-28,170.94,2.367
2018-03-01,170.95,2.369
2018-03-02,170.79,2.397
2018-03-05,170.99,2.390
2018-03-06,170.82,2.404
2018-03-07,170.97,2.396
2018-03-08,171.01,2.396
2018-03-09,170.92,2.406
2018-03-12,170.87,2.417
2018-03-13,170.96,2.412
2018-03-14,171.24,2.389
2018-03-15,171.39,2.381
2018-03-16,171.37,2.384
2018-03-19,171.31,2.391
2018-03-20,171.29,2.395
2018-03-21,171.36,2.391
2018-03-22,171.59,2.364
2018-03-23,171.82,2.344
2018-03-26,171.58,2.366
2018-03-27,171.74,2.356
2018-03-28,171.92,2.344
2018-03-29,171.95,2.342
2018-03-30,172.00,2.338
2018-04-02,171.93,2.343
2018-04-03,171.89,2.335
2018-04-04,172.13,2.307
2018-04-05,172.05,2.314
2018-04-06,172.25,2.299
2018-04-09,172.25,2.306
2018-04-10,172.26,2.308
2018-04-11,172.40,2.295
2018-04-12,172.50,2.288
2018-04-13,172.41,2.292
2018-04-16,172.28,2.305
2018-04-17,172.26,2.309
2018-04-18,172.20,2.315
2018-04-19,172.18,2.315
2018-04-20,172.03,2.327
2018-04-23,171.72,2.358
2018-04-24,171.79,2.352
2018-04-25,171.58,2.373
2018-04-26,171.74,2.356
2018-04-27,172.03,2.332
2018-04-30,171.92,2.344
2018-05-01,171.93,2.344
2018-05-02,171.71,2.366
2018-05-03,171.65,2.376
2018-05-04,171.60,2.390
2018-05-07,171.64,2.391
2018-05-08,171.57,2.407
2018-05-09,171.48,2.415
2018-05-10,171.64,2.400
2018-05-11,171.63,2.405
2018-05-14,171.58,2.418
2018-05-15,171.51,2.422
2018-05-16,171.71,2.398
2018-05-17,171.68,2.393
2018-05-18,171.98,2.358
2018-05-21,171.87,2.377
2018-05-22,171.88,2.377
2018-05-23,172.06,2.362
2018-05-24,172.25,2.339
2018-05-25,172.25,2.342
2018-05-28,172.28,2.345
2018-05-29,172.44,2.332
2018-05-30,172.43,2.334
2018-05-31,172.48,2.334
2018-06-01,172.51,2.330
2018-06-04,172.34,2.347
2018-06-05,172.44,2.342
2018-06-06,172.45,2.342
2018-06-07,172.29,2.356
2018-06-08,172.59,2.330
2018-06-11,172.46,2.360
2018-06-12,172.56,2.354
2018-06-13,172.57,2.354
2018-06-14,172.56,2.366
2018-06-15,172.79,2.347
2018-06-18,173.01,2.334
2018-06-19,173.26,2.314
2018-06-20,173.27,2.317
2018-06-21,173.39,2.305
2018-06-22,173.35,2.308
2018-06-25,173.44,2.302
2018-06-26,173.42,2.306
2018-06-27,173.65,2.285
2018-06-28,173.75,2.277
2018-06-29,173.79,2.276
2018-07-02,173.92,2.273
2018-07-03,173.67,2.291
2018-07-04,173.88,2.268
2018-07-05,173.95,2.256
2018-07-06,173.96,2.260
2018-07-09,173.96,2.263
2018-07-10,174.05,2.252
2018-07-11,174.37,2.221
2018-07-12,174.11,2.259
2018-07-13,174.05,2.267
2018-07-16,174.16,2.257
2018-07-17,174.13,2.258
2018-07-18,174.26,2.247
2018-07-19,174.20,2.252
2018-07-20,174.34,2.239
2018-07-23,174.27,2.244
2018-07-24,174.13,2.257
2018-07-25,174.31,2.245
2018-07-26,174.32,2.242
2018-07-27,174.19,2.265
2018-07-30,174.16,2.275
2018-07-31,174.19,2.273
2018-08-01,174.14,2.274
2018-08-02,174.21,2.267
2018-08-03,174.23,2.262
2018-08-06,174.37,2.251
2018-08-07,174.46,2.240
2018-08-08,174.56,2.228
2018-08-09,174.85,2.208
2018-08-10,175.03,2.194
2018-08-13,175.03,2.199
2018-08-14,175.05,2.202
2018-08-15,175.06,2.202
2018-08-16,175.29,2.187
2018-08-17,175.60,2.154
2018-08-20,175.75,2.143
2018-08-21,176.02,2.109
2018-08-22,175.91,2.124
2018-08-23,176.02,2.119
2018-08-24,176.07,2.114
2018-08-27,176.17,2.111
2018-08-28,176.21,2.112
2018-08-29,176.21,2.112
2018-08-30,176.16,2.129
2018-08-31,176.65,2.074
2018-09-03,176.72,2.077
2018-09-04,176.74,2.075
2018-09-05,177.10,2.051
2018-09-06,177.06,2.060
2018-09-07,177.12,2.059
2018-09-10,177.21,2.062
2018-09-11,177.07,2.074
2018-09-12,177.26,2.055
2018-09-13,177.13,2.075
2018-09-14,176.78,2.111
2018-09-17,176.61,2.128
2018-09-18,176.60,2.132
2018-09-19,176.28,2.159
2018-09-20,175.69,2.207
2018-09-21,175.98,2.187
2018-09-24,176.02,2.188
2018-09-25,176.03,2.188
2018-09-26,176.04,2.188
2018-09-27,176.33,2.172
2018-09-28,176.37,2.169
2018-10-01,176.22,2.183
2018-10-02,176.23,2.180
2018-10-03,176.24,2.180
2018-10-04,175.77,2.223
2018-10-05,175.77,2.231
2018-10-08,175.88,2.230
2018-10-09,175.89,2.231
2018-10-10,176.21,2.204
2018-10-11,176.55,2.175
2018-10-12,176.34,2.198
2018-10-15,176.44,2.196
2018-10-16,176.52,2.194
2018-10-17,176.89,2.169
2018-10-18,177.16,2.141
2018-10-19,176.99,2.149
2018-10-22,176.82,2.168
2018-10-23,177.09,2.151
2018-10-24,177.11,2.155
2018-10-25,177.35,2.145
2018-10-26,177.49,2.137
2018-10-29,178.19,2.070
2018-10-30,177.77,2.111
2018-10-31,177.64,2.122
2018-11-01,177.65,2.121
2018-11-02,177.45,2.147
2018-11-05,177.56,2.139
2018-11-06,177.43,2.147
2018-11-07,177.75,2.123
2018-11-08,177.81,2.123
2018-11-09,177.99,2.113
2018-11-12,178.11,2.106
2018-11-13,178.14,2.103
2018-11-14,178.20,2.097
2018-11-15,177.98,2.114
2018-11-16,177.99,2.116
2018-11-19,178.10,2.108
2018-11-20,178.13,2.111
2018-11-21,178.12,2.113
2018-11-22,178.17,2.110
2018-11-23,178.51,2.089
2018-11-26,178.54,2.088
2018-11-27,178.66,2.079
2018-11-28,178.61,2.084
2018-11-29,178.91,2.059
2018-11-30,179.04,2.057
2018-12-03,178.90,2.074
2018-12-04,179.05,2.063
2018-12-05,179.40,2.037
2018-12-06,179.94,1.995
2018-12-07,179.85,1.996
2018-12-10,179.95,1.990
2018-12-11,179.93,1.989
2018-12-12,179.77,1.998
2018-12-13,179.70,2.004
2018-12-14,179.86,1.993
2018-12-17,179.86,1.994
2018-12-18,180.06,1.978
2018-12-19,180.39,1.957
2018-12-20,180.28,1.967
2018-12-21,179.93,2.000
2018-12-24,179.80,2.009
2018-12-25,179.81,2.009
2018-12-26,180.12,1.986
2018-12-27,180.12,1.988
2018-12-28,179.96,1.997
2018-12-31,179.99,1.998
2019-01-01,180.00,1.998
2019-01-02,180.10,1.979
2019-01-03,180.06,1.978
2019-01-04,180.14,1.966
2019-01-07,180.12,1.970
2019-01-08,180.02,1.977
2019-01-09,180.08,1.972
2019-01-10,180.20,1.961
2019-01-11,180.00,1.975
2019-01-14,180.15,1.966
2019-01-15,180.19,1.963
2019-01-16,180.14,1.967
2019-01-17,180.09,1.971
2019-01-18,179.88,1.986
2019-01-21,179.72,1.995
2019-01-22,179.96,1.977
2019-01-23,180.04,1.976
2019-01-24,180.00,1.982
2019-01-25,179.91,1.986
2019-01-28,179.76,1.997
2019-01-29,179.68,2.003
2019-01-30,179.64,2.010
2019-01-31,180.00,1.986
2019-02-01,180.07,1.980
2019-02-04,180.10,1.979
2019-02-05,180.11,1.979
2019-02-06,180.12,1.979
2019-02-07,180.06,1.981
2019-02-08,180.27,1.963
2019-02-11,180.52,1.951
2019-02-12,180.32,1.967
2019-02-13,180.29,1.973
2019-02-14,180.34,1.967
2019-02-15,180.51,1.957
2019-02-18,180.29,1.976
2019-02-19,180.26,1.977
2019-02-20,180.28,1.978
2019-02-21,180.12,1.988
2019-02-22,180.17,1.987
2019-02-25,180.15,1.993
2019-02-26,180.28,1.984
2019-02-27,180.35,1.977
2019-02-28,180.28,1.984
2019-03-01,180.29,1.984
2019-03-04,180.02,2.004
2019-03-05,180.13,2.001
2019-03-06,180.22,1.993
2019-03-07,180.32,1.985
2019-03-08,180.60,1.966
2019-03-11,180.55,1.973
2019-03-12,180.52,1.971
2019-03-13,180.69,1.961
2019-03-14,180.67,1.964
2019-03-15,180.60,1.971
2019-03-18,180.56,1.977
2019-03-19,180.69,1.970
2019-03-20,180.74,1.973
2019-03-21,181.22,1.944
2019-03-22,181.31,1.942
2019-03-25,181.58,1.918
2019-03-26,181.48,1.917
2019-03-27,182.00,1.876
2019-03-28,182.36,1.844
2019-03-29,182.19,1.853
2019-04-01,181.90,1.877
2019-04-02,182.06,1.862
2019-04-03,181.85,1.876
2019-04-04,181.90,1.872
2019-04-05,181.79,1.883
2019-04-08,181.99,1.873
2019-04-09,182.09,1.868
2019-04-10,182.04,1.873
2019-04-11,182.06,1.873
2019-04-12,182.02,1.876
2019-04-15,181.76,1.899
2019-04-16,181.65,1.904
2019-04-17,181.54,1.912
2019-04-18,181.95,1.882
2019-04-19,181.86,1.893
2019-04-22,181.68,1.906
2019-04-23,181.78,1.900
2019-04-24,181.87,1.891
2019-04-25,182.11,1.871
2019-04-26,182.18,1.866
2019-04-29,182.29,1.860
2019-04-30,182.44,1.845
2019-05-01,182.45,1.845
2019-05-02,182.09,1.874
2019-05-03,182.01,1.879
2019-05-06,182.04,1.879
2019-05-07,182.16,1.867
2019-05-08,182.24,1.863
2019-05-09,182.41,1.850
2019-05-10,182.29,1.859
2019-05-13,182.30,1.859
2019-05-14,182.40,1.849
2019-05-15,182.50,1.843
2019-05-16,182.82,1.816
2019-05-17,182.86,1.814
2019-05-20,182.70,1.825
2019-05-21,182.81,1.816
2019-05-22,182.84,1.813
2019-05-23,183.07,1.795
2019-05-24,183.13,1.792
2019-05-27,183.13,1.794
2019-05-28,183.22,1.789
2019-05-29,183.69,1.757
2019-05-30,183.64,1.764
2019-05-31,184.27,1.710
2019-06-03,184.17,1.714
2019-06-04,184.19,1.713
2019-06-05,184.49,1.688
2019-06-06,184.50,1.688
2019-06-07,184.49,1.686
2019-06-10,184.36,1.692
2019-06-11,184.31,1.695
2019-06-12,184.90,1.642
2019-06-13,184.77,1.652
2019-06-14,185.13,1.629
2019-06-17,184.88,1.648
2019-06-18,184.92,1.649
2019-06-19,185.18,1.634
2019-06-20,185.64,1.596
2019-06-21,185.43,1.612
2019-06-24,185.47,1.612
2019-06-25,185.23,1.638
2019-06-26,185.18,1.643
2019-06-27,185.03,1.654
2019-06-28,185.27,1.635
2019-07-01,185.14,1.646
2019-07-02,185.45,1.625
2019-07-03,185.95,1.589
2019-07-04,186.02,1.579
2019-07-05,185.92,1.584
2019-07-08,186.02,1.579
2019-07-09,185.97,1.581
2019-07-10,185.79,1.593
2019-07-11,185.97,1.575
2019-07-12,185.86,1.580
2019-07-15,185.74,1.588
2019-07-16,185.87,1.579
2019-07-17,186.14,1.554
2019-07-18,186.77,1.505
2019-07-19,186.92,1.488
2019-07-22,186.99,1.484
2019-07-23,186.95,1.485
2019-07-24,187.17,1.466
2019-07-25,187.62,1.437
2019-07-26,187.65,1.441
2019-07-29,187.80,1.435
2019-07-30,187.73,1.435
2019-07-31,187.96,1.418
2019-08-01,187.79,1.434
2019-08-02,188.39,1.381
2019-08-05,189.29,1.310
2019-08-06,189.23,1.311
2019-08-07,189.36,1.299
2019-08-08,189.21,1.312
2019-08-09,189.12,1.317
2019-08-12,189.11,1.320
2019-08-13,189.66,1.285
2019-08-14,189.67,1.286
2019-08-15,189.68,1.286
2019-08-16,190.27,1.242
2019-08-19,190.07,1.248
2019-08-20,189.92,1.259
2019-08-21,189.12,1.310
2019-08-22,189.50,1.282
2019-08-23,189.29,1.302
2019-08-26,189.79,1.269
2019-08-27,189.24,1.315
2019-08-28,189.35,1.313
2019-08-29,189.33,1.315
2019-08-30,188.98,1.343
2019-09-02,188.49,1.382
2019-09-03,188.77,1.370
2019-09-04,188.67,1.382
2019-09-05,188.38,1.407
2019-09-06,188.25,1.421
2019-09-09,188.57,1.403
2019-09-10,188.60,1.405
2019-09-11,188.27,1.431
2019-09-12,188.28,1.431
2019-09-13,188.29,1.431
2019-09-16,186.95,1.517
2019-09-17,187.28,1.494
2019-09-18,187.59,1.479
2019-09-19,187.49,1.492
2019-09-20,187.50,1.494
2019-09-23,187.45,1.501
2019-09-24,187.64,1.492
2019-09-25,187.84,1.480
2019-09-26,187.75,1.483
2019-09-27,187.74,1.483
2019-09-30,187.66,1.483
2019-10-01,187.34,1.501
2019-10-02,187.42,1.488
2019-10-03,187.42,1.488
2019-10-04,188.50,1.405
2019-10-07,188.27,1.423
2019-10-08,188.04,1.439
2019-10-09,188.05,1.440
2019-10-10,187.70,1.460
2019-10-11,187.59,1.466
2019-10-14,187.60,1.468
2019-10-15,187.35,1.478
2019-10-16,187.23,1.490
2019-10-17,186.78,1.528
2019-10-18,186.62,1.534
2019-10-21,186.01,1.576
2019-10-22,186.11,1.558
2019-10-23,186.09,1.564
2019-10-24,186.08,1.573
2019-10-25,185.66,1.609
2019-10-28,184.90,1.678
2019-10-29,185.08,1.657
2019-10-30,185.33,1.640
2019-10-31,185.47,1.634
2019-11-01,185.42,1.640
2019-11-04,184.66,1.699
2019-11-05,184.82,1.681
2019-11-06,184.89,1.678
2019-11-07,184.75,1.694
2019-11-08,185.01,1.674
2019-11-11,185.09,1.672
2019-11-12,184.75,1.705
2019-11-13,185.25,1.669
2019-11-14,185.29,1.671
2019-11-15,185.22,1.677
2019-11-18,185.35,1.672
2019-11-19,185.75,1.645
2019-11-20,186.26,1.615
2019-11-21,186.30,1.623
2019-11-22,186.12,1.627
2019-11-25,185.94,1.640
2019-11-26,186.19,1.628
2019-11-27,186.54,1.609
2019-11-28,186.52,1.604
2019-11-29,186.81,1.576
2019-12-02,186.28,1.611
2019-12-03,185.99,1.627
2019-12-04,186.65,1.583
2019-12-05,186.64,1.590
2019-12-06,186.50,1.601
2019-12-09,186.80,1.583
2019-12-10,187.02,1.579
2019-12-11,186.99,1.578
2019-12-12,186.95,1.579
2019-12-13,186.73,1.597
2019-12-16,187.16,1.569
2019-12-17,187.13,1.570
2019-12-18,187.04,1.572
2019-12-19,186.60,1.593
2019-12-20,186.54,1.597
2019-12-23,186.70,1.588
2019-12-24,186.81,1.582
2019-12-25,186.82,1.582
2019-12-26,186.73,1.584
2019-12-27,186.34,1.597
2019-12-30,186.40,1.589
2019-12-31,186.41,1.590
2020-01-01,186.41,1.589
2020-01-02,186.82,1.558
2020-01-03,187.41,1.512
2020-01-06,187.47,1.508
2020-01-07,186.90,1.550
2020-01-08,186.94,1.557
2020-01-09,186.56,1.591
2020-01-10,186.34,1.606
2020-01-13,186.29,1.603
2020-01-14,186.42,1.589
2020-01-15,186.51,1.586
2020-01-16,186.58,1.597
2020-01-17,186.24,1.610
2020-01-20,186.00,1.632
2020-01-21,186.50,1.591
2020-01-22,186.21,1.614
2020-01-23,186.35,1.603
2020-01-24,186.36,1.603
2020-01-27,186.39,1.604
2020-01-28,187.24,1.542
2020-01-29,187.50,1.521
2020-01-30,187.73,1.500
2020-01-31,187.66,1.501
2020-02-03,187.84,1.485
2020-02-04,187.20,1.526
2020-02-05,187.51,1.505
2020-02-06,187.46,1.503
2020-02-07,187.58,1.485
2020-02-10,187.61,1.489
2020-02-11,187.71,1.483
2020-02-12,187.62,1.489
2020-02-13,187.66,1.479
2020-02-14,187.19,1.520
2020-02-17,187.52,1.501
2020-02-18,188.05,1.463
2020-02-19,188.11,1.462
2020-02-20,188.33,1.436
2020-02-21,189.09,1.379
2020-02-24,189.47,1.344
2020-02-25,189.30,1.360
2020-02-26,189.56,1.335
2020-02-27,189.06,1.381
2020-02-28,190.16,1.300
2020-03-02,189.77,1.325
2020-03-03,189.70,1.323
2020-03-04,190.36,1.256
2020-03-05,190.06,1.275
2020-03-06,189.90,1.288
2020-03-09,191.03,1.228
2020-03-10,190.09,1.288
2020-03-11,190.02,1.288
2020-03-12,189.93,1.288
2020-03-13,187.98,1.405
2020-03-16,188.97,1.327
2020-03-17,189.78,1.261
2020-03-18,188.93,1.311
2020-03-19,187.36,1.442
2020-03-20,187.57,1.422
2020-03-23,186.62,1.483
2020-03-24,186.75,1.477
2020-03-25,187.35,1.450
2020-03-26,188.46,1.399
2020-03-27,188.20,1.409
2020-03-30,187.83,1.438
2020-03-31,187.97,1.421
2020-04-01,187.93,1.429
2020-04-02,188.21,1.400
2020-04-03,188.06,1.405
2020-04-06,188.14,1.391
2020-04-07,188.01,1.394
2020-04-08,188.61,1.357
2020-04-09,189.16,1.326
2020-04-10,189.24,1.320
2020-04-13,188.99,1.339
2020-04-14,189.02,1.338
2020-04-15,189.03,1.338
2020-04-16,189.24,1.325
2020-04-17,189.03,1.341
2020-04-20,189.09,1.338
2020-04-21,188.93,1.348
2020-04-22,188.35,1.376
2020-04-23,188.37,1.372
2020-04-24,188.49,1.354
2020-04-27,188.12,1.376
2020-04-28,188.21,1.373
2020-04-29,188.62,1.350
2020-04-30,188.62,1.351
2020-05-01,188.63,1.351
2020-05-04,188.82,1.333
2020-05-05,188.82,1.331
2020-05-06,188.70,1.332
2020-05-07,189.17,1.304
2020-05-08,189.65,1.276
2020-05-11,189.36,1.293
2020-05-12,189.74,1.262
2020-05-13,190.11,1.239
2020-05-14,190.22,1.234
2020-05-15,190.24,1.230
2020-05-18,190.08,1.238
2020-05-19,190.05,1.235
2020-05-20,190.31,1.220
2020-05-21,190.49,1.210
2020-05-22,190.55,1.197
2020-05-25,190.74,1.183
2020-05-26,190.59,1.193
2020-05-27,190.69,1.188
2020-05-28,190.62,1.163
2020-05-29,190.50,1.154
2020-06-01,190.16,1.171
2020-06-02,190.37,1.156
2020-06-03,190.01,1.186
2020-06-04,189.96,1.195
2020-06-05,189.73,1.208
2020-06-08,189.86,1.202
2020-06-09,190.43,1.167
2020-06-10,190.36,1.172
2020-06-11,190.36,1.171
2020-06-12,190.29,1.180
2020-06-15,189.97,1.206
2020-06-16,190.11,1.200
2020-06-17,190.12,1.207
2020-06-18,190.40,1.181
2020-06-19,190.13,1.193
2020-06-22,190.12,1.190
2020-06-23,190.28,1.172
2020-06-24,190.40,1.165
2020-06-25,190.54,1.158
2020-06-26,190.70,1.152
2020-06-29,190.40,1.170
2020-06-30,190.18,1.179
2020-07-01,190.15,1.179
2020-07-02,190.36,1.160
2020-07-03,190.32,1.161
2020-07-06,190.14,1.178
2020-07-07,190.39,1.164
2020-07-08,190.54,1.155
2020-07-09,190.35,1.164
2020-07-10,190.37,1.164
2020-07-13,190.18,1.178
2020-07-14,190.20,1.175
2020-07-15,190.22,1.173
2020-07-16,190.54,1.152
2020-07-17,190.70,1.140
2020-07-20,190.95,1.128
2020-07-21,190.76,1.139
2020-07-22,190.91,1.127
2020-07-23,191.11,1.115
2020-07-24,191.32,1.106
2020-07-27,191.46,1.101
2020-07-28,191.23,1.114
2020-07-29,191.38,1.105
2020-07-30,191.57,1.089
2020-07-31,191.45,1.093
2020-08-03,191.34,1.096
2020-08-04,191.26,1.099
2020-08-05,191.41,1.092
2020-08-06,191.35,1.095
2020-08-07,191.23,1.102
2020-08-10,190.96,1.120
2020-08-11,191.14,1.110
2020-08-12,190.94,1.121
2020-08-13,191.12,1.111
2020-08-14,190.81,1.129
2020-08-17,190.83,1.129
2020-08-18,191.20,1.108
2020-08-19,191.18,1.108
2020-08-20,190.97,1.120
2020-08-21,190.68,1.146
2020-08-24,190.92,1.130
2020-08-25,190.83,1.135
2020-08-26,190.73,1.146
2020-08-27,190.62,1.158
2020-08-28,190.14,1.191
2020-08-31,189.78,1.222
2020-09-01,189.41,1.246
2020-09-02,189.70,1.226
2020-09-03,189.73,1.228
2020-09-04,189.65,1.238
2020-09-07,189.50,1.260
2020-09-08,189.84,1.237
2020-09-09,190.12,1.214
2020-09-10,190.11,1.222
2020-09-11,189.95,1.232
2020-09-14,190.04,1.225
2020-09-15,190.22,1.213
2020-09-16,190.45,1.206
2020-09-17,190.35,1.212
2020-09-18,190.27,1.216
2020-09-21,190.32,1.213
2020-09-22,190.60,1.200
2020-09-23,190.72,1.190
2020-09-24,190.95,1.173
2020-09-25,191.00,1.173
2020-09-28,191.05,1.169
2020-09-29,191.13,1.165
2020-09-30,191.13,1.165
2020-10-01,191.14,1.166
2020-10-02,191.14,1.166
2020-10-05,190.64,1.194
2020-10-06,190.15,1.223
2020-10-07,190.19,1.222
2020-10-08,190.21,1.218
2020-10-09,190.21,1.220
2020-10-12,190.17,1.229
2020-10-13,190.51,1.213
2020-10-14,190.58,1.203
2020-10-15,190.85,1.182
2020-10-16,190.52,1.199
2020-10-19,191.01,1.180
2020-10-20,190.81,1.194
2020-10-21,190.44,1.214
2020-10-22,190.56,1.206
2020-10-23,190.59,1.201
2020-10-26,190.69,1.197
2020-10-27,190.51,1.208
2020-10-28,190.65,1.202
2020-10-29,190.53,1.212
2020-10-30,190.34,1.224
2020-11-02,189.91,1.259
2020-11-03,189.82,1.263
2020-11-04,190.11,1.242
2020-11-05,190.39,1.220
2020-11-06,190.13,1.238
2020-11-09,190.12,1.241
2020-11-10,189.64,1.268
2020-11-11,189.40,1.281
2020-11-12,189.57,1.268
2020-11-13,189.69,1.259
2020-11-16,189.75,1.260
2020-11-17,189.77,1.258
2020-11-18,190.00,1.244
2020-11-19,189.92,1.252
2020-11-20,189.96,1.254
2020-11-23,190.19,1.244
2020-11-24,190.11,1.251
2020-11-25,189.83,1.269
2020-11-26,189.68,1.281
2020-11-27,189.85,1.271
2020-11-30,189.70,1.279
2020-12-01,189.82,1.272
2020-12-02,189.62,1.281
2020-12-03,189.79,1.266
2020-12-04,189.68,1.270
2020-12-07,189.77,1.261
2020-12-08,189.79,1.260
2020-12-09,189.76,1.262
2020-12-10,189.77,1.266
2020-12-11,189.74,1.269
2020-12-14,189.64,1.274
2020-12-15,189.62,1.276
2020-12-16,189.40,1.289
2020-12-17,189.16,1.303
2020-12-18,189.36,1.292
2020-12-21,189.46,1.283
2020-12-22,189.69,1.269
2020-12-23,189.88,1.259
2020-12-24,189.47,1.291
2020-12-25,189.48,1.291
2020-12-28,189.61,1.292
2020-12-29,189.47,1.304
2020-12-30,189.31,1.307
2020-12-31,189.32,1.308
2021-01-01,189.33,1.308
2021-01-04,189.40,1.298
2021-01-05,189.66,1.272
2021-01-06,189.48,1.284
2021-01-07,189.57,1.280
2021-01-08,189.57,1.278
2021-01-11,189.81,1.264
2021-01-12,189.65,1.273
2021-01-13,189.68,1.271
2021-01-14,189.54,1.280
2021-01-15,189.58,1.274
2021-01-18,189.70,1.269
2021-01-19,189.66,1.272
2021-01-20,189.71,1.269
2021-01-21,189.72,1.270
2021-01-22,189.33,1.294
2021-01-25,189.10,1.309
2021-01-26,189.09,1.308
2021-01-27,189.19,1.299
2021-01-28,189.18,1.294
2021-01-29,189.27,1.286
2021-02-01,188.92,1.305
2021-02-02,189.13,1.290
2021-02-03,189.17,1.284
2021-02-04,189.09,1.287
2021-02-05,189.09,1.284
2021-02-08,188.72,1.301
2021-02-09,188.81,1.298
2021-02-10,188.80,1.300
2021-02-11,188.81,1.301
2021-02-12,188.82,1.301
2021-02-15,188.54,1.316
2021-02-16,188.74,1.302
2021-02-17,188.65,1.306
2021-02-18,188.75,1.302
2021-02-19,188.57,1.311
2021-02-22,188.25,1.334
2021-02-23,188.46,1.321
2021-02-24,188.77,1.305
2021-02-25,188.56,1.315
2021-02-26,187.93,1.353
2021-03-01,187.95,1.356
2021-03-02,187.93,1.360
2021-03-03,188.05,1.348
2021-03-04,187.91,1.356
2021-03-05,187.65,1.374
2021-03-08,187.29,1.416
2021-03-09,187.19,1.448
2021-03-10,187.31,1.443
2021-03-11,187.44,1.437
2021-03-12,186.83,1.478
2021-03-15,186.63,1.490
2021-03-16,187.01,1.464
2021-03-17,186.78,1.477
2021-03-18,186.90,1.469
2021-03-19,187.32,1.456
2021-03-22,187.60,1.441
2021-03-23,187.72,1.441
2021-03-24,188.10,1.415
2021-03-25,188.09,1.409
2021-03-26,187.76,1.430
2021-03-29,187.97,1.418
2021-03-30,187.12,1.469
2021-03-31,187.16,1.456
2021-04-01,187.42,1.440
2021-04-02,187.17,1.448
2021-04-05,186.64,1.484
2021-04-06,186.81,1.467
2021-04-07,186.94,1.457
2021-04-08,187.44,1.431
2021-04-09,187.68,1.428
2021-04-12,187.83,1.412
2021-04-13,187.63,1.421
2021-04-14,187.98,1.400
2021-04-15,187.83,1.417
2021-04-16,187.88,1.421
2021-04-19,188.14,1.404
2021-04-20,187.92,1.415
2021-04-21,187.97,1.407
2021-04-22,187.91,1.408
2021-04-23,187.63,1.424
2021-04-26,187.42,1.434
2021-04-27,187.45,1.431
2021-04-28,187.34,1.440
2021-04-29,187.12,1.451
2021-04-30,186.74,1.471
2021-05-03,186.83,1.473
2021-05-04,186.90,1.474
2021-05-05,186.91,1.474
2021-05-06,187.06,1.458
2021-05-07,186.93,1.464
2021-05-10,186.85,1.466
2021-05-11,186.92,1.458
2021-05-12,187.06,1.453
2021-05-13,186.90,1.463
2021-05-14,186.87,1.462
2021-05-17,187.15,1.447
2021-05-18,187.08,1.447
2021-05-19,187.08,1.447
2021-05-20,187.02,1.453
2021-05-21,187.10,1.446
2021-05-24,187.04,1.456
2021-05-25,186.91,1.469
2021-05-26,186.90,1.480
2021-05-27,187.16,1.456
2021-05-28,186.83,1.492
2021-05-31,186.45,1.540
2021-06-01,186.53,1.534
2021-06-02,186.52,1.534
2021-06-03,186.51,1.533
2021-06-04,186.65,1.538
2021-06-07,186.81,1.532
2021-06-08,187.12,1.512
2021-06-09,187.37,1.500
2021-06-10,187.37,1.523
2021-06-11,187.49,1.526
2021-06-14,187.28,1.554
2021-06-15,187.35,1.571
2021-06-16,187.56,1.560
2021-06-17,187.45,1.580
2021-06-18,187.73,1.560
2021-06-21,187.95,1.560
2021-06-22,187.59,1.568
2021-06-23,187.52,1.570
2021-06-24,187.36,1.597
2021-06-25,186.90,1.646
2021-06-28,186.65,1.679
2021-06-29,186.92,1.660
2021-06-30,187.00,1.655
2021-07-01,187.08,1.659
2021-07-02,187.08,1.667
2021-07-05,187.32,1.646
2021-07-06,187.10,1.655
2021-07-07,187.77,1.601
2021-07-08,188.29,1.558
2021-07-09,188.01,1.573
2021-07-12,188.08,1.575
2021-07-13,188.10,1.589
2021-07-14,188.34,1.569
2021-07-15,188.17,1.617
2021-07-16,188.00,1.628
2021-07-19,188.27,1.614
2021-07-20,188.95,1.579
2021-07-21,189.13,1.561
2021-07-22,188.93,1.574
2021-07-23,189.17,1.563
2021-07-26,189.38,1.546
2021-07-27,189.26,1.557
2021-07-28,189.32,1.570
2021-07-29,188.95,1.592
2021-07-30,189.26,1.574
2021-08-02,189.06,1.593
2021-08-03,189.17,1.591
2021-08-04,189.41,1.572
2021-08-05,189.35,1.575
2021-08-06,189.28,1.590
2021-08-09,189.14,1.595
2021-08-10,189.24,1.590
2021-08-11,189.09,1.594
2021-08-12,189.17,1.591
2021-08-13,189.15,1.591
2021-08-16,189.18,1.592
2021-08-17,189.57,1.573
2021-08-18,189.49,1.575
2021-08-19,189.62,1.561
2021-08-20,189.75,1.558
2021-08-23,189.35,1.592
2021-08-24,188.97,1.626
2021-08-25,189.08,1.622
2021-08-26,189.13,1.612
2021-08-27,189.08,1.617
2021-08-30,189.36,1.601
2021-08-31,189.40,1.597
2021-09-01,189.20,1.609
2021-09-02,189.18,1.617
2021-09-03,189.22,1.620
2021-09-06,189.02,1.637
2021-09-07,188.90,1.645
2021-09-08,188.66,1.663
2021-09-09,188.68,1.678
2021-09-10,188.70,1.687
2021-09-13,188.31,1.719
2021-09-14,188.10,1.732
2021-09-15,188.42,1.704
2021-09-16,188.32,1.715
2021-09-17,188.10,1.733
2021-09-20,188.13,1.734
2021-09-21,188.14,1.734
2021-09-22,188.15,1.734
2021-09-23,187.90,1.756
2021-09-24,187.35,1.784
2021-09-27,187.34,1.783
2021-09-28,186.60,1.839
2021-09-29,187.02,1.809
2021-09-30,186.74,1.825
2021-10-01,186.72,1.839
2021-10-04,186.74,1.839
2021-10-05,186.51,1.856
2021-10-06,185.81,1.916
2021-10-07,186.04,1.896
2021-10-08,185.89,1.901
2021-10-11,185.92,1.904
2021-10-12,185.33,1.961
2021-10-13,185.54,1.957
2021-10-14,185.90,1.942
2021-10-15,185.75,1.945
2021-10-18,185.40,1.989
2021-10-19,185.75,1.966
2021-10-20,185.62,1.971
2021-10-21,185.59,1.974
2021-10-22,185.24,2.008
2021-10-25,184.53,2.048
2021-10-26,184.41,2.065
2021-10-27,183.79,2.150
2021-10-28,184.58,2.113
2021-10-29,183.47,2.201
2021-11-01,184.02,2.183
2021-11-02,184.38,2.148
2021-11-03,184.31,2.158
2021-11-04,184.63,2.141
2021-11-05,185.33,2.095
2021-11-08,185.73,2.064
2021-11-09,186.04,2.033
2021-11-10,185.84,2.043
2021-11-11,185.64,2.058
2021-11-12,185.67,2.069
2021-11-15,186.09,2.038
2021-11-16,185.80,2.063
2021-11-17,185.62,2.076
2021-11-18,185.70,2.071
2021-11-19,185.33,2.098
2021-11-22,185.18,2.131
2021-11-23,184.99,2.141
2021-11-24,185.09,2.134
2021-11-25,185.43,2.102
2021-11-26,186.23,2.049
2021-11-29,186.08,2.051
2021-11-30,186.90,2.000
2021-12-01,187.27,1.996
2021-12-02,187.05,2.015
2021-12-03,186.62,2.048
2021-12-06,186.83,2.032
2021-12-07,186.63,2.043
2021-12-08,187.15,2.008
2021-12-09,187.16,1.999
2021-12-10,186.93,2.025
2021-12-13,187.04,2.010
2021-12-14,187.04,2.010
2021-12-15,187.11,2.010
2021-12-16,187.44,1.983
2021-12-17,187.37,1.986
2021-12-20,187.74,1.962
2021-12-21,187.76,1.959
2021-12-22,187.53,1.979
2021-12-23,187.05,2.014
2021-12-24,187.08,2.006
2021-12-27,187.04,2.002
2021-12-28,186.97,2.008
2021-12-29,187.08,1.998
2021-12-30,186.60,2.027
2021-12-31,186.61,2.027
2022-01-03,186.14,2.071
2022-01-04,186.14,2.075
2022-01-05,185.91,2.096
2022-01-06,185.05,2.180
2022-01-07,185.15,2.173
2022-01-10,185.14,2.180
2022-01-11,185.19,2.176
2022-01-12,185.64,2.142
2022-01-13,185.85,2.128
2022-01-14,185.28,2.187
2022-01-17,184.49,2.256
2022-01-18,184.68,2.238
2022-01-19,184.86,2.219
2022-01-20,184.52,2.251
2022-01-21,184.48,2.256
2022-01-24,184.47,2.254
2022-01-25,184.18,2.286
2022-01-26,184.39,2.276
2022-01-27,184.06,2.311
2022-01-28,184.02,2.305
2022-01-31,184.05,2.306
2022-02-01,184.06,2.306
2022-02-02,184.07,2.306
2022-02-03,184.35,2.281
2022-02-04,183.92,2.307
2022-02-07,183.45,2.345
2022-02-08,183.00,2.395
2022-02-09,183.24,2.377
2022-02-10,183.23,2.373
2022-02-11,182.82,2.421
2022-02-14,182.97,2.420
2022-02-15,183.05,2.412
2022-02-16,183.13,2.396
2022-02-17,183.17,2.387
2022-02-18,183.01,2.401
2022-02-21,182.70,2.428
2022-02-22,183.15,2.399
2022-02-23,183.18,2.398
2022-02-24,183.98,2.335
2022-02-25,183.52,2.364
2022-02-28,183.47,2.369
2022-03-01,183.48,2.370
2022-03-02,184.04,2.327
2022-03-03,183.49,2.364
2022-03-04,183.70,2.350
2022-03-07,183.50,2.388
2022-03-08,183.42,2.391
2022-03-09,183.44,2.390
2022-03-10,183.48,2.399
2022-03-11,183.67,2.379
2022-03-14,183.37,2.398
2022-03-15,183.30,2.401
2022-03-16,183.17,2.402
2022-03-17,183.65,2.366
2022-03-18,183.42,2.386
2022-03-21,183.32,2.407
2022-03-22,182.65,2.481
2022-03-23,182.66,2.487
2022-03-24,182.28,2.523
2022-03-25,181.94,2.561
2022-03-28,180.30,2.742
2022-03-29,181.03,2.685
2022-03-30,181.72,2.635
2022-03-31,181.10,2.674
2022-04-01,180.55,2.740
2022-04-04,179.91,2.783
2022-04-05,179.57,2.835
2022-04-06,179.31,2.876
2022-04-07,179.31,2.874
2022-04-08,178.82,2.949
2022-04-11,177.51,3.106
2022-04-12,177.84,3.066
2022-04-13,178.13,3.026
2022-04-14,178.88,2.933
2022-04-15,178.05,2.995
2022-04-18,177.58,3.031
2022-04-19,178.02,2.992
2022-04-20,178.02,2.987
2022-04-21,177.97,2.988
2022-04-22,177.94,2.996
2022-04-25,179.03,2.906
2022-04-26,179.09,2.896
2022-04-27,178.97,2.923
2022-04-28,179.12,2.931
2022-04-29,178.50,2.975
2022-05-02,177.34,3.089
2022-05-03,177.23,3.107
2022-05-04,177.07,3.131
2022-05-05,177.09,3.131
2022-05-06,177.21,3.115
2022-05-09,177.29,3.087
2022-05-10,177.40,3.079
2022-05-11,178.60,2.977
2022-05-12,179.33,2.938
2022-05-13,179.05,2.961
2022-05-16,178.71,3.023
2022-05-17,178.70,3.027
2022-05-18,178.41,3.052
2022-05-19,178.43,3.052
2022-05-20,178.82,3.024
2022-05-23,178.69,3.042
2022-05-24,179.13,3.005
2022-05-25,179.41,2.993
2022-05-26,179.00,3.029
2022-05-27,179.19,3.020
2022-05-30,179.37,3.018
2022-05-31,178.55,3.091
2022-06-01,178.57,3.091
2022-06-02,177.89,3.158
2022-06-03,178.09,3.155
2022-06-06,178.13,3.156
2022-06-07,177.20,3.248
2022-06-08,177.81,3.205
2022-06-09,177.79,3.200
2022-06-10,177.24,3.249
2022-06-13,175.67,3.427
2022-06-14,175.46,3.458
2022-06-15,174.67,3.568
2022-06-16,174.24,3.634
2022-06-17,174.04,3.661
2022-06-20,174.19,3.635
2022-06-21,174.28,3.635
2022-06-22,175.12,3.557
2022-06-23,174.70,3.615
2022-06-24,175.41,3.554
2022-06-27,174.86,3.611
2022-06-28,175.06,3.610
2022-06-29,175.10,3.617
2022-06-30,175.37,3.623
2022-07-01,176.56,3.535
2022-07-04,176.85,3.530
2022-07-05,177.94,3.443
2022-07-06,178.43,3.402
2022-07-07,178.33,3.424
2022-07-08,177.92,3.461
2022-07-11,177.73,3.480
2022-07-12,178.23,3.450
2022-07-13,178.74,3.410
2022-07-14,178.94,3.425
2022-07-15,179.15,3.398
2022-07-18,178.62,3.433
2022-07-19,178.80,3.414
2022-07-20,177.96,3.493
2022-07-21,177.92,3.499
2022-07-22,178.46,3.447
2022-07-25,179.26,3.394
2022-07-26,179.44,3.383
2022-07-27,179.91,3.351
2022-07-28,179.27,3.396
2022-07-29,179.95,3.321
2022-08-01,179.27,3.381
2022-08-02,179.94,3.321
2022-08-03,179.61,3.355
2022-08-04,179.32,3.381
2022-08-05,179.94,3.337
2022-08-08,179.66,3.372
2022-08-09,179.64,3.372
2022-08-10,179.19,3.400
2022-08-11,179.10,3.394
2022-08-12,178.71,3.433
2022-08-15,178.76,3.434
2022-08-16,179.76,3.345
2022-08-17,179.57,3.361
2022-08-18,179.22,3.393
2022-08-19,178.66,3.444
2022-08-22,178.38,3.479
2022-08-23,178.10,3.513
2022-08-24,177.51,3.571
2022-08-25,176.10,3.737
2022-08-26,175.83,3.755
2022-08-29,175.01,3.853
2022-08-30,175.29,3.833
2022-08-31,175.10,3.858
2022-09-01,174.39,3.936
2022-09-02,174.99,3.870
2022-09-05,175.72,3.809
2022-09-06,175.37,3.850
2022-09-07,175.21,3.861
2022-09-08,176.24,3.759
2022-09-09,176.26,3.759
2022-09-12,176.31,3.767
2022-09-13,176.48,3.747
2022-09-14,176.28,3.777
2022-09-15,174.91,3.912
2022-09-16,175.01,3.913
2022-09-19,174.99,3.917
2022-09-20,174.58,3.972
2022-09-21,174.36,4.000
2022-09-22,173.08,4.184
2022-09-23,172.09,4.285
2022-09-26,170.11,4.545
2022-09-27,171.03,4.421
2022-09-28,170.24,4.488
2022-09-29,171.00,4.421
2022-09-30,172.14,4.310
2022-10-03,172.21,4.311
2022-10-04,173.11,4.211
2022-10-05,172.30,4.296
2022-10-06,172.32,4.290
2022-10-07,171.48,4.374
2022-10-10,171.54,4.378
2022-10-11,170.75,4.455
2022-10-12,172.22,4.311
2022-10-13,171.39,4.402
2022-10-14,171.50,4.400
2022-10-17,171.12,4.449
2022-10-18,170.82,4.490
2022-10-19,169.95,4.587
2022-10-20,169.61,4.626
2022-10-21,168.16,4.780
2022-10-24,168.78,4.704
2022-10-25,170.16,4.600
2022-10-26,170.55,4.596
2022-10-27,170.16,4.643
2022-10-28,171.08,4.552
2022-10-31,170.91,4.598
2022-11-01,171.45,4.542
2022-11-02,171.34,4.582
2022-11-03,170.96,4.640
2022-11-04,170.85,4.641
2022-11-07,170.35,4.698
2022-11-08,170.48,4.687
2022-11-09,170.87,4.648
2022-11-10,171.74,4.586
2022-11-11,173.07,4.450
2022-11-14,172.83,4.478
2022-11-15,173.51,4.409
2022-11-16,173.05,4.464
2022-11-17,173.42,4.450
2022-11-18,173.81,4.424
2022-11-21,173.81,4.450
2022-11-22,173.60,4.470
2022-11-23,173.72,4.460
2022-11-24,174.99,4.343
2022-11-25,174.99,4.324
2022-11-28,175.06,4.330
2022-11-29,174.71,4.366
2022-11-30,174.67,4.364
2022-12-01,175.06,4.313
2022-12-02,175.80,4.254
2022-12-05,176.16,4.226
2022-12-06,176.42,4.222
2022-12-07,176.25,4.247
2022-12-08,176.28,4.246
2022-12-09,176.77,4.206
2022-12-12,176.85,4.209
2022-12-13,176.83,4.212
2022-12-14,177.44,4.141
2022-12-15,177.70,4.121
2022-12-16,177.90,4.110
2022-12-19,177.68,4.121
2022-12-20,176.26,4.239
2022-12-21,176.57,4.195
2022-12-22,177.09,4.139
2022-12-23,176.66,4.178
2022-12-26,176.34,4.207
2022-12-27,176.70,4.175
2022-12-28,176.30,4.192
2022-12-29,175.90,4.220
2022-12-30,175.92,4.220
2023-01-02,175.63,4.242
2023-01-03,176.42,4.148
2023-01-04,177.19,4.069
2023-01-05,177.29,4.058
2023-01-06,177.50,4.047
2023-01-09,178.53,3.940
2023-01-10,178.46,3.936
2023-01-11,179.12,3.863
2023-01-12,179.19,3.858
2023-01-13,180.09,3.777
2023-01-16,179.60,3.823
2023-01-17,179.29,3.843
2023-01-18,180.30,3.755
2023-01-19,181.18,3.672
2023-01-20,180.91,3.699
2023-01-23,180.96,3.699
2023-01-24,180.98,3.699
2023-01-25,181.28,3.667
2023-01-26,181.21,3.661
2023-01-27,180.88,3.683
2023-01-30,181.30,3.643
2023-01-31,181.01,3.662
2023-02-01,181.37,3.625
2023-02-02,181.76,3.575
2023-02-03,182.35,3.512
2023-02-06,181.28,3.617
2023-02-07,181.47,3.602
2023-02-08,181.39,3.608
2023-02-09,181.06,3.646
2023-02-10,181.08,3.641
2023-02-13,180.67,3.682
2023-02-14,181.05,3.658
2023-02-15,180.44,3.720
2023-02-16,180.50,3.717
2023-02-17,179.27,3.829
2023-02-20,178.86,3.870
2023-02-21,179.27,3.830
2023-02-22,179.04,3.853
2023-02-23,179.36,3.830
2023-02-24,180.08,3.781
2023-02-27,179.25,3.879
2023-02-28,178.18,3.973
2023-03-01,178.20,3.974
2023-03-02,177.70,4.021
2023-03-03,178.24,3.965
2023-03-06,178.67,3.929
2023-03-07,179.09,3.889
2023-03-08,178.57,3.964
2023-03-09,178.63,3.956
2023-03-10,179.98,3.843
2023-03-13,181.37,3.669
2023-03-14,181.74,3.631
2023-03-15,181.37,3.667
2023-03-16,181.54,3.634
2023-03-17,181.57,3.632
2023-03-20,182.53,3.533
2023-03-21,182.35,3.567
2023-03-22,182.79,3.537
2023-03-23,182.78,3.530
2023-03-24,183.29,3.492
2023-03-27,182.98,3.526
2023-03-28,182.75,3.547
2023-03-29,182.89,3.527
2023-03-30,182.54,3.542
2023-03-31,182.00,3.584
2023-04-03,181.81,3.608
2023-04-04,182.43,3.556
2023-04-05,182.46,3.552
2023-04-06,183.18,3.505
2023-04-07,183.18,3.510
2023-04-10,183.62,3.471
2023-04-11,183.54,3.487
2023-04-12,183.27,3.514
2023-04-13,183.26,3.499
2023-04-14,183.29,3.498
2023-04-17,182.74,3.553
2023-04-18,182.76,3.552
2023-04-19,182.60,3.580
2023-04-20,182.26,3.588
2023-04-21,183.04,3.530
2023-04-24,183.04,3.526
2023-04-25,182.79,3.553
2023-04-26,182.97,3.541
2023-04-27,182.77,3.564
2023-04-28,182.57,3.586
2023-05-01,182.63,3.587
2023-05-02,182.44,3.610
2023-05-03,182.87,3.572
2023-05-04,183.23,3.535
2023-05-05,183.24,3.535
2023-05-08,182.93,3.570
2023-05-09,183.03,3.568
2023-05-10,182.99,3.578
2023-05-11,183.25,3.549
2023-05-12,183.34,3.552
2023-05-15,182.92,3.595
2023-05-16,183.22,3.571
2023-05-17,183.08,3.593
2023-05-18,182.75,3.628
2023-05-19,182.35,3.663
2023-05-22,182.56,3.646
2023-05-23,181.84,3.707
2023-05-24,181.64,3.720
2023-05-25,180.88,3.795
2023-05-26,180.37,3.845
2023-05-29,180.42,3.845
2023-05-30,180.31,3.862
2023-05-31,181.38,3.764
2023-06-01,181.13,3.788
2023-06-02,181.71,3.742
2023-06-05,181.25,3.789
2023-06-06,181.27,3.789
2023-06-07,181.46,3.769
2023-06-08,180.66,3.829
2023-06-09,180.80,3.811
2023-06-12,181.03,3.804
2023-06-13,181.08,3.799
2023-06-14,180.83,3.833
2023-06-15,180.49,3.877
2023-06-16,180.66,3.859
2023-06-19,180.79,3.853
2023-06-20,180.70,3.858
2023-06-21,180.92,3.847
2023-06-22,180.73,3.866
2023-06-23,180.49,3.884
2023-06-26,181.17,3.838
2023-06-27,181.28,3.829
2023-06-28,181.22,3.837
2023-06-29,181.10,3.857
2023-06-30,180.89,3.892
2023-07-03,181.68,3.839
2023-07-04,181.39,3.858
2023-07-05,181.44,3.856
2023-07-06,180.85,3.913
2023-07-07,180.55,3.956
2023-07-10,179.83,4.019
2023-07-11,180.77,3.939
2023-07-12,180.90,3.936
2023-07-13,181.61,3.858
2023-07-14,181.37,3.875
2023-07-17,181.60,3.861
2023-07-18,181.64,3.852
2023-07-19,182.13,3.805
2023-07-20,182.01,3.828
2023-07-21,181.91,3.841
2023-07-24,181.93,3.847
2023-07-25,181.65,3.868
2023-07-26,181.77,3.854
2023-07-27,181.91,3.834
2023-07-28,181.32,3.885
2023-07-31,181.26,3.908
2023-08-01,181.57,3.882
2023-08-02,181.33,3.901
2023-08-03,180.80,3.942
2023-08-04,180.60,3.957
2023-08-07,181.07,3.919
2023-08-08,181.64,3.875
2023-08-09,181.46,3.894
2023-08-10,181.44,3.899
2023-08-11,181.12,3.921
2023-08-14,180.63,3.964
2023-08-15,180.65,3.965
2023-08-16,180.95,3.932
2023-08-17,180.23,3.997
2023-08-18,180.79,3.951
2023-08-21,180.44,3.995
2023-08-22,180.15,4.012
2023-08-23,180.56,3.982
2023-08-24,180.82,3.964
2023-08-25,180.45,3.995
2023-08-28,180.90,3.965
2023-08-29,181.10,3.952
2023-08-30,181.09,3.953
2023-08-31,181.48,3.927
2023-09-01,181.87,3.912
2023-09-04,181.52,3.932
2023-09-05,181.26,3.958
2023-09-06,181.09,3.970
2023-09-07,180.71,4.016
2023-09-08,181.21,3.974
2023-09-11,180.67,4.036
2023-09-12,180.62,4.042
2023-09-13,180.91,4.027
2023-09-14,181.13,4.014
2023-09-15,180.99,4.028
2023-09-18,180.67,4.065
2023-09-19,180.76,4.058
2023-09-20,180.81,4.056
2023-09-21,180.39,4.098
2023-09-22,180.68,4.064
2023-09-25,180.50,4.080
2023-09-26,180.21,4.101
2023-09-27,180.51,4.079
2023-09-28,180.53,4.080
2023-09-29,180.55,4.080
2023-10-02,180.61,4.082
2023-10-03,180.63,4.082
2023-10-04,177.85,4.322
2023-10-05,178.20,4.281
2023-10-06,178.90,4.216
2023-10-09,178.96,4.217
2023-10-10,179.07,4.204
2023-10-11,179.61,4.154
2023-10-12,180.03,4.129
2023-10-13,179.52,4.166
2023-10-16,179.29,4.187
2023-10-17,179.11,4.204
2023-10-18,178.76,4.238
2023-10-19,178.27,4.279
2023-10-20,178.58,4.252
2023-10-23,178.14,4.293
2023-10-24,178.92,4.231
2023-10-25,178.89,4.253
2023-10-26,178.33,4.311
2023-10-27,179.49,4.244
2023-10-30,179.27,4.262
2023-10-31,179.26,4.268
2023-11-01,179.64,4.244
2023-11-02,180.15,4.193
2023-11-03,180.61,4.163
2023-11-06,181.02,4.126
2023-11-07,181.21,4.123
2023-11-08,181.53,4.109
2023-11-09,182.25,4.064
2023-11-10,182.12,4.079
2023-11-13,181.87,4.101
2023-11-14,181.92,4.092
2023-11-15,183.18,3.988
2023-11-16,183.54,3.951
2023-11-17,183.36,3.950
2023-11-20,183.81,3.916
2023-11-21,184.11,3.894
2023-11-22,183.77,3.918
2023-11-23,184.08,3.895
2023-11-24,183.61,3.929
2023-11-27,183.71,3.926
2023-11-28,184.16,3.891
2023-11-29,185.04,3.809
2023-11-30,184.66,3.835
2023-12-01,184.75,3.826
2023-12-04,185.32,3.778
2023-12-05,185.72,3.743
2023-12-06,186.04,3.721
2023-12-07,185.79,3.747
2023-12-08,186.09,3.717
2023-12-11,185.76,3.754
2023-12-12,186.13,3.726
2023-12-13,186.37,3.724
2023-12-14,188.24,3.534
2023-12-15,187.73,3.571
2023-12-18,187.91,3.569
2023-12-19,188.08,3.566
2023-12-20,188.34,3.541
2023-12-21,188.18,3.550
2023-12-22,188.27,3.546
2023-12-25,188.32,3.545
2023-12-26,188.51,3.534
2023-12-27,188.78,3.524
2023-12-28,189.49,3.466
2023-12-29,189.51,3.466
2024-01-01,189.56,3.465
2024-01-02,188.34,3.550
2024-01-03,188.16,3.569
2024-01-04,188.62,3.528
2024-01-05,188.33,3.555
2024-01-08,188.37,3.555
2024-01-09,188.64,3.525
2024-01-10,188.39,3.540
2024-01-11,188.65,3.509
2024-01-12,188.70,3.493
2024-01-15,188.87,3.483
2024-01-16,188.70,3.502
2024-01-17,188.49,3.527
2024-01-18,188.45,3.529
2024-01-19,188.12,3.555
2024-01-22,188.38,3.534
2024-01-23,188.33,3.539
2024-01-24,188.24,3.546
2024-01-25,188.04,3.556
2024-01-26,188.26,3.532
2024-01-29,187.77,3.571
2024-01-30,188.42,3.529
2024-01-31,188.52,3.520
2024-02-01,188.59,3.521
2024-02-02,189.17,3.488
2024-02-05,188.56,3.542
2024-02-06,188.47,3.539
2024-02-07,188.49,3.537
2024-02-08,188.34,3.550
2024-02-09,188.36,3.550
2024-02-12,188.42,3.550
2024-02-13,188.16,3.576
2024-02-14,187.86,3.617
2024-02-15,187.98,3.607
2024-02-16,187.94,3.608
2024-02-19,188.04,3.603
2024-02-20,187.82,3.618
2024-02-21,187.95,3.609
2024-02-22,188.29,3.576
2024-02-23,188.05,3.602
2024-02-26,188.73,3.563
2024-02-27,188.56,3.579
2024-02-28,188.33,3.590
2024-02-29,188.14,3.606
2024-03-01,188.16,3.606
2024-03-04,188.52,3.580
2024-03-05,188.78,3.568
2024-03-06,189.01,3.544
2024-03-07,188.87,3.549
2024-03-08,189.49,3.502
2024-03-11,189.45,3.513
2024-03-12,189.63,3.506
2024-03-13,189.77,3.495
2024-03-14,189.51,3.512
2024-03-15,189.12,3.540
2024-03-18,188.93,3.562
2024-03-19,188.73,3.582
2024-03-20,189.04,3.558
2024-03-21,189.39,3.521
2024-03-22,189.67,3.502
2024-03-25,189.63,3.506
2024-03-26,189.44,3.517
2024-03-27,189.78,3.498
2024-03-28,189.72,3.501
2024-03-29,189.57,3.512
2024-04-01,189.89,3.490
2024-04-02,189.65,3.511
2024-04-03,189.57,3.514
2024-04-04,189.52,3.515
2024-04-05,189.70,3.503
2024-04-08,189.39,3.534
2024-04-09,189.33,3.541
2024-04-10,189.35,3.542
2024-04-11,188.77,3.598
2024-04-12,189.22,3.553
2024-04-15,188.99,3.577
2024-04-16,188.57,3.606
2024-04-17,188.67,3.600
2024-04-18,189.11,3.569
2024-04-19,188.90,3.600
2024-04-22,188.46,3.633
2024-04-23,188.52,3.623
2024-04-24,188.43,3.632
2024-04-25,188.01,3.661
2024-04-26,188.18,3.646
2024-04-29,188.18,3.659
2024-04-30,188.51,3.641
2024-05-01,188.52,3.641
2024-05-02,188.67,3.629
2024-05-03,188.90,3.618
2024-05-06,188.95,3.618
2024-05-07,189.57,3.569
2024-05-08,189.59,3.567
2024-05-09,189.34,3.582
2024-05-10,189.61,3.565
2024-05-13,189.50,3.578
2024-05-14,189.62,3.574
2024-05-15,189.64,3.574
2024-05-16,190.36,3.517
2024-05-17,190.41,3.514
2024-05-20,190.07,3.542
2024-05-21,190.20,3.539
2024-05-22,190.33,3.535
2024-05-23,190.43,3.524
2024-05-24,190.16,3.542
2024-05-27,190.24,3.536
2024-05-28,190.40,3.522
2024-05-29,190.00,3.551
2024-05-30,189.86,3.566
2024-05-31,189.74,3.573
2024-06-03,190.26,3.546
2024-06-04,190.74,3.510
2024-06-05,191.10,3.480
2024-06-06,191.11,3.480
2024-06-07,191.49,3.451
2024-06-10,191.11,3.488
2024-06-11,191.33,3.475
2024-06-12,191.69,3.447
2024-06-13,191.87,3.433
2024-06-14,192.17,3.406
2024-06-17,192.45,3.383
2024-06-18,192.62,3.377
2024-06-19,193.04,3.343
2024-06-20,192.65,3.371
2024-06-21,192.81,3.354
2024-06-24,192.70,3.370
2024-06-25,192.66,3.374
2024-06-26,192.61,3.378
2024-06-27,192.41,3.389
2024-06-28,192.73,3.360
2024-07-01,192.57,3.377
2024-07-02,192.90,3.336
2024-07-03,192.98,3.328
2024-07-04,193.34,3.292
2024-07-05,193.62,3.276
2024-07-08,193.66,3.273
2024-07-09,193.74,3.268
2024-07-10,193.82,3.268
2024-07-11,193.58,3.298
2024-07-12,194.18,3.251
2024-07-15,194.21,3.244
2024-07-16,194.61,3.215
2024-07-17,194.60,3.224
2024-07-18,194.70,3.225
2024-07-19,194.56,3.237
2024-07-22,194.70,3.231
2024-07-23,194.49,3.247
2024-07-24,194.85,3.220
2024-07-25,194.97,3.204
2024-07-26,195.07,3.199
2024-07-29,195.67,3.160
2024-07-30,195.56,3.174
2024-07-31,195.54,3.178
2024-08-01,195.87,3.155
2024-08-02,196.31,3.124
2024-08-05,197.06,3.043
2024-08-06,196.08,3.128
2024-08-07,196.17,3.125
2024-08-08,196.20,3.118
2024-08-09,196.09,3.130
2024-08-12,196.20,3.130
2024-08-13,196.49,3.111
2024-08-14,196.85,3.092
2024-08-15,196.86,3.093
2024-08-16,196.61,3.119
2024-08-19,196.53,3.126
2024-08-20,196.27,3.143
2024-08-21,196.26,3.143
2024-08-22,196.37,3.127
2024-08-23,196.20,3.143
2024-08-26,196.48,3.125
2024-08-27,195.79,3.171
2024-08-28,195.91,3.162
2024-08-29,195.71,3.181
2024-08-30,195.68,3.190
2024-09-02,195.39,3.216
2024-09-03,195.36,3.214
2024-09-04,195.92,3.171
2024-09-05,196.03,3.158
2024-09-06,196.55,3.126
2024-09-09,196.24,3.142
2024-09-10,196.58,3.123
2024-09-11,197.27,3.079
2024-09-12,197.03,3.108
2024-09-13,197.45,3.068
2024-09-16,197.49,3.068
2024-09-17,197.51,3.068
2024-09-18,197.53,3.068
2024-09-19,197.26,3.083
2024-09-20,197.14,3.087
2024-09-23,196.86,3.105
2024-09-24,196.83,3.104
2024-09-25,197.15,3.075
2024-09-26,197.15,3.073
2024-09-27,197.21,3.077
2024-09-30,197.40,3.067
2024-10-01,197.42,3.067
2024-10-02,197.97,3.036
2024-10-03,197.99,3.036
2024-10-04,197.49,3.069
2024-10-07,196.54,3.161
2024-10-08,196.77,3.143
2024-10-09,196.79,3.143
2024-10-10,196.85,3.149
2024-10-11,196.95,3.136
2024-10-14,196.83,3.135
2024-10-15,197.10,3.113
2024-10-16,197.47,3.088
2024-10-17,197.22,3.106
2024-10-18,196.93,3.126
2024-10-21,197.12,3.110
2024-10-22,196.66,3.140
2024-10-23,196.72,3.139
2024-10-24,197.16,3.106
2024-10-25,197.24,3.101
2024-10-28,196.74,3.141
2024-10-29,196.76,3.142
2024-10-30,196.93,3.139
2024-10-31,197.14,3.133
2024-11-01,197.10,3.138
2024-11-04,197.12,3.136
2024-11-05,197.37,3.122
2024-11-06,196.97,3.154
2024-11-07,197.29,3.128
2024-11-08,197.69,3.100
2024-11-11,197.78,3.104
2024-11-12,197.94,3.099
2024-11-13,197.58,3.130
2024-11-14,197.50,3.129
2024-11-15,197.48,3.136
2024-11-18,197.62,3.123
2024-11-19,197.82,3.105
2024-11-20,198.04,3.094
2024-11-21,198.46,3.065
2024-11-22,198.44,3.063
2024-11-25,198.97,3.032
2024-11-26,199.15,3.025
2024-11-27,199.41,3.006
2024-11-28,200.43,2.912
2024-11-29,200.88,2.879
2024-12-02,201.49,2.838
2024-12-03,201.52,2.843
2024-12-04,201.20,2.868
2024-12-05,201.44,2.851
2024-12-06,201.47,2.860
2024-12-09,202.29,2.817
2024-12-10,202.16,2.824
2024-12-11,201.68,2.850
2024-12-12,201.70,2.856
2024-12-13,202.00,2.842
2024-12-16,201.43,2.869
2024-12-17,200.54,2.924
2024-12-18,200.97,2.881
2024-12-19,200.41,2.926
2024-12-20,200.05,2.949
2024-12-23,200.24,2.945
2024-12-24,199.69,2.980
2024-12-25,199.71,2.980
2024-12-26,199.49,2.998
2024-12-27,199.47,2.981
2024-12-30,199.62,2.972
2024-12-31,199.64,2.972
2025-01-01,199.66,2.972
2025-01-02,200.78,2.886
2025-01-03,201.09,2.856
2025-01-06,200.76,2.879
2025-01-07,201.06,2.853
2025-01-08,201.24,2.833
2025-01-09,201.39,2.816
2025-01-10,200.99,2.841
2025-01-13,200.64,2.881
2025-01-14,201.10,2.855
2025-01-15,200.91,2.874
2025-01-16,201.35,2.834
2025-01-17,201.46,2.815
2025-01-20,201.35,2.830
2025-01-21,201.62,2.806
2025-01-22,201.50,2.817
2025-01-23,201.33,2.822
2025-01-24,201.13,2.828
2025-01-27,201.18,2.828
2025-01-28,201.20,2.827
2025-01-29,201.21,2.827
2025-01-30,201.23,2.826
2025-01-31,201.27,2.826
2025-02-03,201.57,2.814
2025-02-04,201.53,2.822
2025-02-05,201.93,2.804
2025-02-06,201.91,2.807
2025-02-07,201.75,2.828
2025-02-10,201.80,2.820
2025-02-11,201.75,2.823
2025-02-12,201.59,2.834
2025-02-13,201.56,2.828
2025-02-14,201.83,2.811
2025-02-17,201.73,2.822
2025-02-18,201.76,2.830
2025-02-19,201.83,2.824
2025-02-20,201.81,2.824
2025-02-21,202.02,2.809
2025-02-24,202.30,2.796
2025-02-25,202.41,2.784
2025-02-26,202.87,2.765
2025-02-27,202.95,2.765
2025-02-28,203.43,2.739
2025-03-03,203.48,2.739
2025-03-04,203.39,2.738
2025-03-05,202.86,2.770
2025-03-06,202.70,2.782
2025-03-07,203.13,2.757
2025-03-10,202.85,2.800
2025-03-11,203.29,2.770
2025-03-12,203.29,2.766
2025-03-13,203.15,2.778
2025-03-14,203.00,2.791
2025-03-17,203.06,2.792
2025-03-18,203.19,2.789
2025-03-19,203.25,2.794
2025-03-20,203.35,2.787
2025-03-21,203.33,2.790
2025-03-24,203.17,2.801
2025-03-25,203.08,2.807
2025-03-26,202.72,2.823
2025-03-27,202.87,2.818
2025-03-28,202.89,2.814
2025-03-31,203.56,2.766
2025-04-01,203.33,2.779
2025-04-02,203.53,2.769
2025-04-03,203.78,2.739
2025-04-04,204.49,2.677
2025-04-07,205.04,2.635
2025-04-08,204.67,2.651
2025-04-09,204.25,2.670
2025-04-10,204.31,2.670
2025-04-11,204.50,2.650
2025-04-14,204.61,2.650
2025-04-15,204.95,2.634
2025-04-16,205.46,2.593
2025-04-17,205.07,2.621
2025-04-18,205.43,2.597
2025-04-21,205.68,2.579
2025-04-22,205.36,2.591
2025-04-23,205.47,2.587
2025-04-24,205.28,2.596
2025-04-25,205.69,2.568
2025-04-28,205.78,2.568
2025-04-29,205.55,2.575
2025-04-30,205.94,2.546
2025-05-01,205.96,2.546
2025-05-02,205.84,2.553
2025-05-05,205.88,2.553
2025-05-06,205.90,2.553
2025-05-07,205.86,2.541
2025-05-08,205.58,2.556
2025-05-09,205.15,2.585
2025-05-12,204.99,2.590
2025-05-13,204.74,2.613
2025-05-14,204.91,2.599
2025-05-15,204.88,2.597
2025-05-16,205.16,2.571
2025-05-19,204.53,2.609
2025-05-20,204.87,2.588
2025-05-21,204.63,2.600
2025-05-22,204.73,2.588
2025-05-23,204.60,2.595
2025-05-26,204.63,2.598
2025-05-27,205.17,2.573
2025-05-28,205.31,2.560
2025-05-29,204.87,2.584
2025-05-30,204.82,2.584
2025-06-02,204.65,2.591
2025-06-03,204.66,2.591
2025-06-04,203.48,2.656
2025-06-05,203.66,2.646
2025-06-06,203.67,2.646
2025-06-09,203.91,2.630
2025-06-10,203.82,2.639
2025-06-11,203.77,2.649
2025-06-12,203.85,2.646
2025-06-13,204.00,2.657
2025-06-16,203.71,2.674
2025-06-17,203.92,2.655
2025-06-18,203.87,2.667
2025-06-19,203.77,2.674
2025-06-20,203.89,2.663
2025-06-23,203.66,2.686
2025-06-24,204.07,2.656
2025-06-25,204.13,2.656
2025-06-26,204.62,2.633
2025-06-27,204.29,2.642
2025-06-30,204.17,2.644
2025-07-01,204.62,2.625
2025-07-02,204.22,2.652
2025-07-03,204.47,2.630
2025-07-04,204.22,2.649
2025-07-07,204.12,2.654
2025-07-08,204.14,2.650
2025-07-09,204.22,2.645
2025-07-10,204.57,2.618
2025-07-11,204.60,2.623
2025-07-14,204.13,2.653
2025-07-15,204.26,2.645
2025-07-16,204.26,2.644
2025-07-17,203.90,2.667
2025-07-18,204.15,2.654
2025-07-21,204.37,2.642
2025-07-22,204.56,2.634
2025-07-23,204.60,2.631
2025-07-24,204.42,2.642
2025-07-25,204.44,2.644
2025-07-28,204.70,2.627
2025-07-29,204.73,2.623
2025-07-30,204.90,2.619
2025-07-31,204.96,2.619
2025-08-01,204.54,2.642
2025-08-04,205.16,2.601
2025-08-05,205.29,2.597
2025-08-06,205.14,2.603
2025-08-07,205.39,2.588
2025-08-08,205.35,2.593
2025-08-11,205.31,2.600
2025-08-12,205.10,2.611
2025-08-13,205.07,2.606
2025-08-14,205.24,2.595
2025-08-15,205.26,2.595
2025-08-18,204.86,2.622
2025-08-19,204.72,2.632
2025-08-20,204.85,2.625
2025-08-21,204.92,2.623
2025-08-22,204.75,2.634
2025-08-25,204.85,2.623
2025-08-26,204.79,2.620
2025-08-27,205.08,2.605
2025-08-28,205.01,2.611
2025-08-29,205.10,2.612
2025-09-01,204.90,2.623
2025-09-02,204.72,2.635
2025-09-03,204.41,2.656
2025-09-04,204.68,2.647
2025-09-05,204.78,2.643
2025-09-08,204.92,2.637
2025-09-09,205.23,2.619
2025-09-10,205.28,2.621
2025-09-11,205.45,2.612
2025-09-12,205.46,2.617
2025-09-15,205.46,2.621
2025-09-16,205.74,2.604
2025-09-17,205.87,2.599
2025-09-18,206.16,2.587
2025-09-19,205.73,2.615
2025-09-22,205.61,2.628
2025-09-23,205.68,2.626
2025-09-24,205.38,2.646
2025-09-25,204.99,2.677
2025-09-26,204.54,2.705
2025-09-29,204.49,2.711
2025-09-30,204.42,2.719
2025-10-01,204.26,2.729
2025-10-02,204.47,2.715
2025-10-03,204.49,2.715
2025-10-06,204.53,2.715
2025-10-07,204.55,2.715
2025-10-08,204.56,2.715
2025-10-09,204.58,2.716
2025-10-10,204.62,2.714
2025-10-13,205.16,2.684
2025-10-14,205.51,2.663
2025-10-15,205.57,2.656
2025-10-16,204.95,2.694
2025-10-17,205.41,2.665
2025-10-20,205.23,2.684
2025-10-21,205.08,2.704
2025-10-22,205.51,2.675
2025-10-23,204.98,2.713
2025-10-24,205.00,2.708
2025-10-27,204.53,2.743
2025-10-28,204.66,2.744
2025-10-29,204.20,2.780
2025-10-30,203.39,2.839
2025-10-31,203.21,2.839
2025-11-03,202.95,2.866
2025-11-04,202.93,2.863
2025-11-05,202.59,2.893
2025-11-06,201.80,2.955
2025-11-07,201.60,2.985
2025-11-10,201.62,2.981
2025-11-11,201.93,2.958
2025-11-12,201.18,3.020
2025-11-13,201.23,3.030
2025-11-14,200.52,3.069
2025-11-17,200.83,3.043
2025-11-18,201.17,3.017
2025-11-19,201.01,3.024
2025-11-20,200.62,3.052
2025-11-21,201.13,3.015
2025-11-24,201.07,3.028
2025-11-25,201.42,3.017
2025-11-26,201.54,3.012
2025-11-27,200.56,3.098
2025-11-28,200.83,3.081
2025-12-01,200.42,3.121
2025-12-02,200.59,3.106
2025-12-03,200.41,3.123
2025-12-04,200.54,3.113
2025-12-05,200.99,3.084
2025-12-08,200.77,3.109
2025-12-09,200.36,3.145
2025-12-10,200.17,3.171
2025-12-11,200.27,3.171
2025-12-12,200.52,3.157
2025-12-15,201.40,3.088
2025-12-16,201.39,3.091
2025-12-17,201.21,3.094
2025-12-18,201.09,3.087
2025-12-19,200.80,3.119
2025-12-22,200.94,3.107
2025-12-23,200.89,3.101
2025-12-24,201.14,3.085
2025-12-25,201.16,3.086
2025-12-26,200.89,3.102
2025-12-29,201.25,3.086
2025-12-30,201.11,3.094
2025-12-31,201.13,3.095
2026-01-01,201.15,3.095
2026-01-02,201.19,3.084
2026-01-05,201.07,3.086
2026-01-06,201.22,3.082
2026-01-07,201.60,3.052
2026-01-08,201.59,3.049
2026-01-09,201.30,3.068
2026-01-12,201.38,3.072
2026-01-13,201.12,3.086
2026-01-14,201.15,3.083
2026-01-15,200.50,3.138
2026-01-16,200.59,3.136
2026-01-19,200.00,3.176
2026-01-20,199.05,3.229
2026-01-21,199.42,3.202
2026-01-22,199.84,3.180
2026-01-23,199.45,3.212
2026-01-26,199.66,3.200
2026-01-27,199.81,3.200
2026-01-28,199.92,3.194
2026-01-29,199.46,3.230
2026-01-30,199.06,3.264
2026-02-02,199.06,3.273
2026-02-03,198.49,3.314
2026-02-04,198.07,3.346
2026-02-05,198.29,3.335
2026-02-06,198.13,3.354
2026-02-09,197.92,3.369
2026-02-10,198.41,3.333
2026-02-11,198.68,3.313
2026-02-12,198.96,3.288
2026-02-13,199.43,3.261
2026-02-16,199.49,3.261
2026-02-17,199.51,3.260
2026-02-18,199.53,3.260
2026-02-19,199.32,3.276
2026-02-20,199.85,3.244
2026-02-23,199.61,3.257
2026-02-24,199.47,3.263
2026-02-25,199.70,3.245
2026-02-26,200.46,3.198
2026-02-27,200.71,3.180
2026-03-02,200.77,3.181
2026-03-03,199.21,3.295
2026-03-04,199.26,3.308
2026-03-05,199.82,3.272
2026-03-06,199.50,3.299
2026-03-09,198.45,3.405
2026-03-10,199.48,3.370
2026-03-11,199.59,3.357
2026-03-12,199.22,3.378
2026-03-13,198.70,3.423
2026-03-16,198.92,3.407
2026-03-17,198.90,3.416
2026-03-18,199.62,3.370
2026-03-19,199.07,3.418
2026-03-20,198.66,3.471
2026-03-23,197.10,3.614
2026-03-24,197.50,3.575
2026-03-25,197.34,3.597
2026-03-26,197.10,3.613
2026-03-27,196.54,3.660
2026-03-30,196.95,3.632
2026-03-31,197.16,3.626
2026-04-01,198.97,3.489
2026-04-02,198.09,3.560
2026-04-03,198.76,3.520
2026-04-06,198.97,3.506
2026-04-07,198.74,3.518
2026-04-08,199.99,3.416
2026-04-09,199.70,3.432
2026-04-10,199.62,3.453
2026-04-13,199.36,3.475
2026-04-14,199.94,3.438
2026-04-15,200.00,3.436
2026-04-16,199.92,3.442
2026-04-17,199.54,3.469
2026-04-20,199.81,3.453
2026-04-21,200.11,3.437
2026-04-22,199.82,3.458
2026-04-23,198.96,3.525
2026-04-24,198.71,3.551
2026-04-27,198.74,3.549
2026-04-28,198.39,3.575
2026-04-29,198.59,3.567
2026-04-30,197.76,3.627
2026-05-01,197.78,3.628
2026-05-04,197.57,3.643
2026-05-05,197.59,3.644
2026-05-06,197.45,3.642
2026-05-07,197.93,3.600
2026-05-08,197.77,3.614
2026-05-11,197.55,3.639
2026-05-12,196.42,3.715
2026-05-13,196.56,3.699
2026-05-14,196.30,3.718
2026-05-15,195.13,3.811
2026-05-18,194.83,3.821
2026-05-19,194.95,3.818
2026-05-20,195.04,3.822
2026-05-21,195.07,3.825
2026-05-22,195.40,3.807
2026-05-25,195.46,3.808
2026-05-26,195.95,3.771
2026-05-27,195.77,3.799
2026-05-28,195.51,3.834
2026-05-29,196.40,3.789
2026-06-01,195.38,3.861
2026-06-02,195.58,3.852
2026-06-03,195.60,3.855
2026-06-04,194.78,3.930
2026-06-05,194.36,3.957
2026-06-08,193.76,4.016
2026-06-09,194.32,3.972
2026-06-10,194.28,3.980
2026-06-11,193.91,4.007
2026-06-12,195.06,3.925
2026-06-15,195.55,3.889
2026-06-16,195.50,3.884
2026-06-17,195.96,3.863
2026-06-18,195.50,3.903
2026-06-19,195.09,3.940
2026-06-22,194.85,3.965
2026-06-23,194.99,3.951
2026-06-24,194.77,3.968
2026-06-25,194.88,3.964
2026-06-26,195.01,3.949
2026-06-29,194.82,3.970
2026-06-30,195.27,3.945
2026-07-01,194.27,4.029
2026-07-02,194.67,4.003
2026-07-03,194.72,4.000
2026-07-06,194.55,4.011
2026-07-07,194.43,4.016
2026-07-08,194.15,4.030
2026-07-09,194.18,4.032
2026-07-10,194.41,4.020
2026-07-13,194.27,4.044
2026-07-14,193.68,4.103
2026-07-15,193.93,4.081
2026-07-16,194.07,4.063
2026-07-17,194.09,4.064
2026-07-20,193.68,4.097
2026-07-21,193.66,4.084
2026-07-22,193.08,4.128
2026-07-23,193.18,4.126
2026-07-24,192.94,4.153
2026-07-27,193.78,4.086
2026-07-28,194.08,4.061
2026-07-29,194.44,4.037
